State,InstituteType,MCCCode,Institute,Quota,CategoryCode,Seats,SeatGender
Andaman And Nicobar Islands,All India except Central University,200101,"Andaman & Nicobar Islands Institute of Medical Sciences, Port Blair, Director ANIIMS, DHS Annexe Building, Atlanta Point, Port Blair-744104",All India,BC NO,5,Both
Andaman And Nicobar Islands,All India except Central University,200101,"Andaman & Nicobar Islands Institute of Medical Sciences, Port Blair, Director ANIIMS, DHS Annexe Building, Atlanta Point, Port Blair-744104",All India,EW NO,2,Both
Andaman And Nicobar Islands,All India except Central University,200101,"Andaman & Nicobar Islands Institute of Medical Sciences, Port Blair, Director ANIIMS, DHS Annexe Building, Atlanta Point, Port Blair-744104",All India,OP NO,6,Both
Andaman And Nicobar Islands,All India except Central University,200101,"Andaman & Nicobar Islands Institute of Medical Sciences, Port Blair, Director ANIIMS, DHS Annexe Building, Atlanta Point, Port Blair-744104",All India,SC NO,3,Both
Andaman And Nicobar Islands,All India except Central University,200101,"Andaman & Nicobar Islands Institute of Medical Sciences, Port Blair, Director ANIIMS, DHS Annexe Building, Atlanta Point, Port Blair-744104",All India,ST NO,1,Both
Andhra Pradesh,All India except Central University,200446,"ACSR Government Medical College, OPP. TO AC SUBBA REDDY STADIUM DARGAMITTA NELLORE SPSR NELLORE DISTRICT, ANDHRA PRADESH",All India,BC NO,7,Both
Andhra Pradesh,All India except Central University,200446,"ACSR Government Medical College, OPP. TO AC SUBBA REDDY STADIUM DARGAMITTA NELLORE SPSR NELLORE DISTRICT, ANDHRA PRADESH",All India,BC PH,1,Both
Andhra Pradesh,All India except Central University,200446,"ACSR Government Medical College, OPP. TO AC SUBBA REDDY STADIUM DARGAMITTA NELLORE SPSR NELLORE DISTRICT, ANDHRA PRADESH",All India,EW NO,3,Both
Andhra Pradesh,All India except Central University,200446,"ACSR Government Medical College, OPP. TO AC SUBBA REDDY STADIUM DARGAMITTA NELLORE SPSR NELLORE DISTRICT, ANDHRA PRADESH",All India,OP NO,11,Both
Andhra Pradesh,All India except Central University,200446,"ACSR Government Medical College, OPP. TO AC SUBBA REDDY STADIUM DARGAMITTA NELLORE SPSR NELLORE DISTRICT, ANDHRA PRADESH",All India,OP PH,1,Both
Andhra Pradesh,All India except Central University,200446,"ACSR Government Medical College, OPP. TO AC SUBBA REDDY STADIUM DARGAMITTA NELLORE SPSR NELLORE DISTRICT, ANDHRA PRADESH",All India,SC NO,4,Both
Andhra Pradesh,All India except Central University,200446,"ACSR Government Medical College, OPP. TO AC SUBBA REDDY STADIUM DARGAMITTA NELLORE SPSR NELLORE DISTRICT, ANDHRA PRADESH",All India,ST NO,3,Both
Andhra Pradesh,All India Institute Of Medical Science(AIIMS),200510,"AIIMS Mangalagiri , ALL INDIA INSTITUTE OF MEDICAL SCIENCES NEAR TADEPALLI MANGALAGIRI GUNTUR (Dt) ANDHRA PRADESH",Open Seat Quota,BC NO,32,Both
Andhra Pradesh,All India Institute Of Medical Science(AIIMS),200510,"AIIMS Mangalagiri , ALL INDIA INSTITUTE OF MEDICAL SCIENCES NEAR TADEPALLI MANGALAGIRI GUNTUR (Dt) ANDHRA PRADESH",Open Seat Quota,BC PH,2,Both
Andhra Pradesh,All India Institute Of Medical Science(AIIMS),200510,"AIIMS Mangalagiri , ALL INDIA INSTITUTE OF MEDICAL SCIENCES NEAR TADEPALLI MANGALAGIRI GUNTUR (Dt) ANDHRA PRADESH",Open Seat Quota,EW NO,12,Both
Andhra Pradesh,All India Institute Of Medical Science(AIIMS),200510,"AIIMS Mangalagiri , ALL INDIA INSTITUTE OF MEDICAL SCIENCES NEAR TADEPALLI MANGALAGIRI GUNTUR (Dt) ANDHRA PRADESH",Open Seat Quota,OP NO,48,Both
Andhra Pradesh,All India Institute Of Medical Science(AIIMS),200510,"AIIMS Mangalagiri , ALL INDIA INSTITUTE OF MEDICAL SCIENCES NEAR TADEPALLI MANGALAGIRI GUNTUR (Dt) ANDHRA PRADESH",Open Seat Quota,OP PH,3,Both
Andhra Pradesh,All India Institute Of Medical Science(AIIMS),200510,"AIIMS Mangalagiri , ALL INDIA INSTITUTE OF MEDICAL SCIENCES NEAR TADEPALLI MANGALAGIRI GUNTUR (Dt) ANDHRA PRADESH",Open Seat Quota,SC NO,18,Both
Andhra Pradesh,All India Institute Of Medical Science(AIIMS),200510,"AIIMS Mangalagiri , ALL INDIA INSTITUTE OF MEDICAL SCIENCES NEAR TADEPALLI MANGALAGIRI GUNTUR (Dt) ANDHRA PRADESH",Open Seat Quota,SC PH,1,Both
Andhra Pradesh,All India Institute Of Medical Science(AIIMS),200510,"AIIMS Mangalagiri , ALL INDIA INSTITUTE OF MEDICAL SCIENCES NEAR TADEPALLI MANGALAGIRI GUNTUR (Dt) ANDHRA PRADESH",Open Seat Quota,ST NO,9,Both
Andhra Pradesh,All India except Central University,200421,"Andhra Medical College, Visakhapatnam, MAHARANI PETA NEAR COLLECTORATE KGH CAMPUS VISAKHAPATNAM",All India,BC NO,10,Both
Andhra Pradesh,All India except Central University,200421,"Andhra Medical College, Visakhapatnam, MAHARANI PETA NEAR COLLECTORATE KGH CAMPUS VISAKHAPATNAM",All India,EW NO,3,Both
Andhra Pradesh,All India except Central University,200421,"Andhra Medical College, Visakhapatnam, MAHARANI PETA NEAR COLLECTORATE KGH CAMPUS VISAKHAPATNAM",All India,OP NO,16,Both
Andhra Pradesh,All India except Central University,200421,"Andhra Medical College, Visakhapatnam, MAHARANI PETA NEAR COLLECTORATE KGH CAMPUS VISAKHAPATNAM",All India,SC NO,6,Both
Andhra Pradesh,All India except Central University,200421,"Andhra Medical College, Visakhapatnam, MAHARANI PETA NEAR COLLECTORATE KGH CAMPUS VISAKHAPATNAM",All India,ST NO,2,Both
Andhra Pradesh,Deemed University,200324,"GITAM Institute of Medical Sciences and Research, Visakhapatnam, Gandhi Institute of Technology and Management (GITAM), Rushikonda, Visakhapatnam",Non-Resident Indian,OP NO,23,Both
Andhra Pradesh,Deemed University,200324,"GITAM Institute of Medical Sciences and Research, Visakhapatnam, Gandhi Institute of Technology and Management (GITAM), Rushikonda, Visakhapatnam",Self-Financed Merit Seat,OP NO,127,Both
Andhra Pradesh,All India except Central University,200460,"Government Medical College, Ananthapuram, GOVERNMENT MEDICAL COLLEGE ANANTHAPURAMU",All India,BC NO,7,Both
Andhra Pradesh,All India except Central University,200460,"Government Medical College, Ananthapuram, GOVERNMENT MEDICAL COLLEGE ANANTHAPURAMU",All India,BC PH,1,Both
Andhra Pradesh,All India except Central University,200460,"Government Medical College, Ananthapuram, GOVERNMENT MEDICAL COLLEGE ANANTHAPURAMU",All India,EW NO,4,Both
Andhra Pradesh,All India except Central University,200460,"Government Medical College, Ananthapuram, GOVERNMENT MEDICAL COLLEGE ANANTHAPURAMU",All India,OP NO,10,Both
Andhra Pradesh,All India except Central University,200460,"Government Medical College, Ananthapuram, GOVERNMENT MEDICAL COLLEGE ANANTHAPURAMU",All India,OP PH,1,Both
Andhra Pradesh,All India except Central University,200460,"Government Medical College, Ananthapuram, GOVERNMENT MEDICAL COLLEGE ANANTHAPURAMU",All India,SC NO,4,Both
Andhra Pradesh,All India except Central University,200460,"Government Medical College, Ananthapuram, GOVERNMENT MEDICAL COLLEGE ANANTHAPURAMU",All India,ST NO,3,Both
Andhra Pradesh,All India except Central University,200672,"Government Medical College, Eluru, SURVEY NO 60, BEHIND OLD BUS STAND, ELURU",All India,BC NO,6,Both
Andhra Pradesh,All India except Central University,200672,"Government Medical College, Eluru, SURVEY NO 60, BEHIND OLD BUS STAND, ELURU",All India,EW NO,1,Both
Andhra Pradesh,All India except Central University,200672,"Government Medical College, Eluru, SURVEY NO 60, BEHIND OLD BUS STAND, ELURU",All India,EW PH,1,Both
Andhra Pradesh,All India except Central University,200672,"Government Medical College, Eluru, SURVEY NO 60, BEHIND OLD BUS STAND, ELURU",All India,OP NO,9,Both
Andhra Pradesh,All India except Central University,200672,"Government Medical College, Eluru, SURVEY NO 60, BEHIND OLD BUS STAND, ELURU",All India,OP PH,1,Both
Andhra Pradesh,All India except Central University,200672,"Government Medical College, Eluru, SURVEY NO 60, BEHIND OLD BUS STAND, ELURU",All India,SC NO,2,Both
Andhra Pradesh,All India except Central University,200672,"Government Medical College, Eluru, SURVEY NO 60, BEHIND OLD BUS STAND, ELURU",All India,SC PH,1,Both
Andhra Pradesh,All India except Central University,200672,"Government Medical College, Eluru, SURVEY NO 60, BEHIND OLD BUS STAND, ELURU",All India,ST PH,1,Both
Andhra Pradesh,All India except Central University,200441,"Government Medical College, Kadapa ( previously Rajiv Gandhi Institute of Medical Sciences, Kadapa), GOVERNMENT MEDICAL COLLEGE RIMS PUTLAMPALLI, YSR KADAPA DIST. G.M.C.,KADAPA.,A.P",All India,BC NO,9,Both
Andhra Pradesh,All India except Central University,200441,"Government Medical College, Kadapa ( previously Rajiv Gandhi Institute of Medical Sciences, Kadapa), GOVERNMENT MEDICAL COLLEGE RIMS PUTLAMPALLI, YSR KADAPA DIST. G.M.C.,KADAPA.,A.P",All India,BC PH,1,Both
Andhra Pradesh,All India except Central University,200441,"Government Medical College, Kadapa ( previously Rajiv Gandhi Institute of Medical Sciences, Kadapa), GOVERNMENT MEDICAL COLLEGE RIMS PUTLAMPALLI, YSR KADAPA DIST. G.M.C.,KADAPA.,A.P",All India,EW NO,4,Both
Andhra Pradesh,All India except Central University,200441,"Government Medical College, Kadapa ( previously Rajiv Gandhi Institute of Medical Sciences, Kadapa), GOVERNMENT MEDICAL COLLEGE RIMS PUTLAMPALLI, YSR KADAPA DIST. G.M.C.,KADAPA.,A.P",All India,OP NO,14,Both
Andhra Pradesh,All India except Central University,200441,"Government Medical College, Kadapa ( previously Rajiv Gandhi Institute of Medical Sciences, Kadapa), GOVERNMENT MEDICAL COLLEGE RIMS PUTLAMPALLI, YSR KADAPA DIST. G.M.C.,KADAPA.,A.P",All India,SC NO,6,Both
Andhra Pradesh,All India except Central University,200441,"Government Medical College, Kadapa ( previously Rajiv Gandhi Institute of Medical Sciences, Kadapa), GOVERNMENT MEDICAL COLLEGE RIMS PUTLAMPALLI, YSR KADAPA DIST. G.M.C.,KADAPA.,A.P",All India,ST NO,3,Both
Andhra Pradesh,All India except Central University,200673,"Government Medical College, Machilipatnam, KARA AGRAHARAM, NEAR RADAR STATION, MACHILIPATNAM, KRISHNA DISTRICT, ANDHRA PRADESH -521002",All India,BC NO,6,Both
Andhra Pradesh,All India except Central University,200673,"Government Medical College, Machilipatnam, KARA AGRAHARAM, NEAR RADAR STATION, MACHILIPATNAM, KRISHNA DISTRICT, ANDHRA PRADESH -521002",All India,EW NO,2,Both
Andhra Pradesh,All India except Central University,200673,"Government Medical College, Machilipatnam, KARA AGRAHARAM, NEAR RADAR STATION, MACHILIPATNAM, KRISHNA DISTRICT, ANDHRA PRADESH -521002",All India,OP NO,8,Both
Andhra Pradesh,All India except Central University,200673,"Government Medical College, Machilipatnam, KARA AGRAHARAM, NEAR RADAR STATION, MACHILIPATNAM, KRISHNA DISTRICT, ANDHRA PRADESH -521002",All India,OP PH,1,Both
Andhra Pradesh,All India except Central University,200673,"Government Medical College, Machilipatnam, KARA AGRAHARAM, NEAR RADAR STATION, MACHILIPATNAM, KRISHNA DISTRICT, ANDHRA PRADESH -521002",All India,SC NO,3,Both
Andhra Pradesh,All India except Central University,200673,"Government Medical College, Machilipatnam, KARA AGRAHARAM, NEAR RADAR STATION, MACHILIPATNAM, KRISHNA DISTRICT, ANDHRA PRADESH -521002",All India,ST NO,2,Both
Andhra Pradesh,All India except Central University,200674,"Government Medical College, Nandyal, principalgmcnandyala@gmail.com",All India,BC NO,6,Both
Andhra Pradesh,All India except Central University,200674,"Government Medical College, Nandyal, principalgmcnandyala@gmail.com",All India,EW NO,2,Both
Andhra Pradesh,All India except Central University,200674,"Government Medical College, Nandyal, principalgmcnandyala@gmail.com",All India,OP NO,9,Both
Andhra Pradesh,All India except Central University,200674,"Government Medical College, Nandyal, principalgmcnandyala@gmail.com",All India,SC NO,4,Both
Andhra Pradesh,All India except Central University,200674,"Government Medical College, Nandyal, principalgmcnandyala@gmail.com",All India,ST NO,1,Both
Andhra Pradesh,All India except Central University,200443,"Government Medical College, Ongole (previously Rajiv Gandhi Institute of Medical Sciences, Ongole), BHAGYANAGAR 5TH LANE, RIMS, ONGOLE, PRAKASAM DISTRICT, ANDHRA PRADESH",All India,BC NO,6,Both
Andhra Pradesh,All India except Central University,200443,"Government Medical College, Ongole (previously Rajiv Gandhi Institute of Medical Sciences, Ongole), BHAGYANAGAR 5TH LANE, RIMS, ONGOLE, PRAKASAM DISTRICT, ANDHRA PRADESH",All India,EW NO,2,Both
Andhra Pradesh,All India except Central University,200443,"Government Medical College, Ongole (previously Rajiv Gandhi Institute of Medical Sciences, Ongole), BHAGYANAGAR 5TH LANE, RIMS, ONGOLE, PRAKASAM DISTRICT, ANDHRA PRADESH",All India,OP NO,8,Both
Andhra Pradesh,All India except Central University,200443,"Government Medical College, Ongole (previously Rajiv Gandhi Institute of Medical Sciences, Ongole), BHAGYANAGAR 5TH LANE, RIMS, ONGOLE, PRAKASAM DISTRICT, ANDHRA PRADESH",All India,OP PH,1,Both
Andhra Pradesh,All India except Central University,200443,"Government Medical College, Ongole (previously Rajiv Gandhi Institute of Medical Sciences, Ongole), BHAGYANAGAR 5TH LANE, RIMS, ONGOLE, PRAKASAM DISTRICT, ANDHRA PRADESH",All India,SC NO,3,Both
Andhra Pradesh,All India except Central University,200443,"Government Medical College, Ongole (previously Rajiv Gandhi Institute of Medical Sciences, Ongole), BHAGYANAGAR 5TH LANE, RIMS, ONGOLE, PRAKASAM DISTRICT, ANDHRA PRADESH",All India,ST NO,2,Both
Andhra Pradesh,All India except Central University,902841,"Government Medical College, Paderu, TALARASINGI VILLAGE,PADERU, ASR DISTRICT",All India,BC NO,3,Both
Andhra Pradesh,All India except Central University,902841,"Government Medical College, Paderu, TALARASINGI VILLAGE,PADERU, ASR DISTRICT",All India,BC PH,1,Both
Andhra Pradesh,All India except Central University,902841,"Government Medical College, Paderu, TALARASINGI VILLAGE,PADERU, ASR DISTRICT",All India,EW NO,2,Both
Andhra Pradesh,All India except Central University,902841,"Government Medical College, Paderu, TALARASINGI VILLAGE,PADERU, ASR DISTRICT",All India,OP NO,6,Both
Andhra Pradesh,All India except Central University,902841,"Government Medical College, Paderu, TALARASINGI VILLAGE,PADERU, ASR DISTRICT",All India,SC NO,2,Both
Andhra Pradesh,All India except Central University,902841,"Government Medical College, Paderu, TALARASINGI VILLAGE,PADERU, ASR DISTRICT",All India,ST NO,1,Both
Andhra Pradesh,All India except Central University,904737,"Government Medical College, Piduguralla, BRAHMMANAPALLE VILLAGE, STATE HIGHWAY-2,PIDUGURALLA MANDAL , PALNADU DISTRICT",All India,BC NO,2,Both
Andhra Pradesh,All India except Central University,904737,"Government Medical College, Piduguralla, BRAHMMANAPALLE VILLAGE, STATE HIGHWAY-2,PIDUGURALLA MANDAL , PALNADU DISTRICT",All India,OP NO,3,Both
Andhra Pradesh,All India except Central University,904737,"Government Medical College, Piduguralla, BRAHMMANAPALLE VILLAGE, STATE HIGHWAY-2,PIDUGURALLA MANDAL , PALNADU DISTRICT",All India,SC PH,1,Both
Andhra Pradesh,All India except Central University,904737,"Government Medical College, Piduguralla, BRAHMMANAPALLE VILLAGE, STATE HIGHWAY-2,PIDUGURALLA MANDAL , PALNADU DISTRICT",All India,ST NO,1,Both
Andhra Pradesh,All India except Central University,200662,"Government Medical College, Rajamahendravaram, Government Medical College,D.No.55-4-1,Central Jail Road ,Near CTRI, Rajamahendravaram.",All India,BC NO,6,Both
Andhra Pradesh,All India except Central University,200662,"Government Medical College, Rajamahendravaram, Government Medical College,D.No.55-4-1,Central Jail Road ,Near CTRI, Rajamahendravaram.",All India,EW NO,2,Both
Andhra Pradesh,All India except Central University,200662,"Government Medical College, Rajamahendravaram, Government Medical College,D.No.55-4-1,Central Jail Road ,Near CTRI, Rajamahendravaram.",All India,OP NO,9,Both
Andhra Pradesh,All India except Central University,200662,"Government Medical College, Rajamahendravaram, Government Medical College,D.No.55-4-1,Central Jail Road ,Near CTRI, Rajamahendravaram.",All India,OP PH,1,Both
Andhra Pradesh,All India except Central University,200662,"Government Medical College, Rajamahendravaram, Government Medical College,D.No.55-4-1,Central Jail Road ,Near CTRI, Rajamahendravaram.",All India,SC NO,3,Both
Andhra Pradesh,All India except Central University,200662,"Government Medical College, Rajamahendravaram, Government Medical College,D.No.55-4-1,Central Jail Road ,Near CTRI, Rajamahendravaram.",All India,ST NO,1,Both
Andhra Pradesh,All India except Central University,200668,"Government medical college, vizianagaram, Opposite Central Tribal University , Near JNTU Gajularega, Vizianagaram, Andhra Pradesh, 535003",All India,BC NO,6,Both
Andhra Pradesh,All India except Central University,200668,"Government medical college, vizianagaram, Opposite Central Tribal University , Near JNTU Gajularega, Vizianagaram, Andhra Pradesh, 535003",All India,EW NO,3,Both
Andhra Pradesh,All India except Central University,200668,"Government medical college, vizianagaram, Opposite Central Tribal University , Near JNTU Gajularega, Vizianagaram, Andhra Pradesh, 535003",All India,OP NO,7,Both
Andhra Pradesh,All India except Central University,200668,"Government medical college, vizianagaram, Opposite Central Tribal University , Near JNTU Gajularega, Vizianagaram, Andhra Pradesh, 535003",All India,SC NO,4,Both
Andhra Pradesh,All India except Central University,200668,"Government medical college, vizianagaram, Opposite Central Tribal University , Near JNTU Gajularega, Vizianagaram, Andhra Pradesh, 535003",All India,ST NO,2,Both
Andhra Pradesh,All India except Central University,200442,"Government Siddhartha Medical College, Vijaywada, Beside New Government General Hospital Gunadala Vijayawada",All India,BC NO,9,Both
Andhra Pradesh,All India except Central University,200442,"Government Siddhartha Medical College, Vijaywada, Beside New Government General Hospital Gunadala Vijayawada",All India,BC PH,1,Both
Andhra Pradesh,All India except Central University,200442,"Government Siddhartha Medical College, Vijaywada, Beside New Government General Hospital Gunadala Vijayawada",All India,EW NO,2,Both
Andhra Pradesh,All India except Central University,200442,"Government Siddhartha Medical College, Vijaywada, Beside New Government General Hospital Gunadala Vijayawada",All India,EW PH,1,Both
Andhra Pradesh,All India except Central University,200442,"Government Siddhartha Medical College, Vijaywada, Beside New Government General Hospital Gunadala Vijayawada",All India,OP NO,15,Both
Andhra Pradesh,All India except Central University,200442,"Government Siddhartha Medical College, Vijaywada, Beside New Government General Hospital Gunadala Vijayawada",All India,OP PH,1,Both
Andhra Pradesh,All India except Central University,200442,"Government Siddhartha Medical College, Vijaywada, Beside New Government General Hospital Gunadala Vijayawada",All India,SC NO,5,Both
Andhra Pradesh,All India except Central University,200442,"Government Siddhartha Medical College, Vijaywada, Beside New Government General Hospital Gunadala Vijayawada",All India,ST NO,3,Both
Andhra Pradesh,All India except Central University,200423,"Guntur Medical College, Guntur, Kannavarithoa Opp. NGOs Association Building",All India,BC NO,10,Both
Andhra Pradesh,All India except Central University,200423,"Guntur Medical College, Guntur, Kannavarithoa Opp. NGOs Association Building",All India,EW NO,4,Both
Andhra Pradesh,All India except Central University,200423,"Guntur Medical College, Guntur, Kannavarithoa Opp. NGOs Association Building",All India,OP NO,14,Both
Andhra Pradesh,All India except Central University,200423,"Guntur Medical College, Guntur, Kannavarithoa Opp. NGOs Association Building",All India,SC NO,6,Both
Andhra Pradesh,All India except Central University,200423,"Guntur Medical College, Guntur, Kannavarithoa Opp. NGOs Association Building",All India,ST NO,3,Both
Andhra Pradesh,All India except Central University,200424,"Kurnool Medical College, Kurnool, BUDHAWARPET, KURNOOL.",All India,BC NO,9,Both
Andhra Pradesh,All India except Central University,200424,"Kurnool Medical College, Kurnool, BUDHAWARPET, KURNOOL.",All India,BC PH,1,Both
Andhra Pradesh,All India except Central University,200424,"Kurnool Medical College, Kurnool, BUDHAWARPET, KURNOOL.",All India,EW NO,4,Both
Andhra Pradesh,All India except Central University,200424,"Kurnool Medical College, Kurnool, BUDHAWARPET, KURNOOL.",All India,OP NO,15,Both
Andhra Pradesh,All India except Central University,200424,"Kurnool Medical College, Kurnool, BUDHAWARPET, KURNOOL.",All India,OP PH,1,Both
Andhra Pradesh,All India except Central University,200424,"Kurnool Medical College, Kurnool, BUDHAWARPET, KURNOOL.",All India,SC NO,4,Both
Andhra Pradesh,All India except Central University,200424,"Kurnool Medical College, Kurnool, BUDHAWARPET, KURNOOL.",All India,SC PH,1,Both
Andhra Pradesh,All India except Central University,200424,"Kurnool Medical College, Kurnool, BUDHAWARPET, KURNOOL.",All India,ST NO,1,Both
Andhra Pradesh,All India except Central University,200424,"Kurnool Medical College, Kurnool, BUDHAWARPET, KURNOOL.",All India,ST PH,1,Both
Andhra Pradesh,All India except Central University,200444,"Rajiv Gandhi Institute of Medical Sciences, Srikakulam, Balaga Srikakulam",All India,BC NO,8,Both
Andhra Pradesh,All India except Central University,200444,"Rajiv Gandhi Institute of Medical Sciences, Srikakulam, Balaga Srikakulam",All India,EW NO,3,Both
Andhra Pradesh,All India except Central University,200444,"Rajiv Gandhi Institute of Medical Sciences, Srikakulam, Balaga Srikakulam",All India,OP NO,10,Both
Andhra Pradesh,All India except Central University,200444,"Rajiv Gandhi Institute of Medical Sciences, Srikakulam, Balaga Srikakulam",All India,OP PH,1,Both
Andhra Pradesh,All India except Central University,200444,"Rajiv Gandhi Institute of Medical Sciences, Srikakulam, Balaga Srikakulam",All India,SC NO,5,Both
Andhra Pradesh,All India except Central University,200444,"Rajiv Gandhi Institute of Medical Sciences, Srikakulam, Balaga Srikakulam",All India,ST NO,3,Both
Andhra Pradesh,All India except Central University,200420,"Rangaraya Medical College, Kakinada, PITHAPURAM ROAD, KAKINADA",All India,BC NO,9,Both
Andhra Pradesh,All India except Central University,200420,"Rangaraya Medical College, Kakinada, PITHAPURAM ROAD, KAKINADA",All India,BC PH,1,Both
Andhra Pradesh,All India except Central University,200420,"Rangaraya Medical College, Kakinada, PITHAPURAM ROAD, KAKINADA",All India,EW NO,3,Both
Andhra Pradesh,All India except Central University,200420,"Rangaraya Medical College, Kakinada, PITHAPURAM ROAD, KAKINADA",All India,OP NO,16,Both
Andhra Pradesh,All India except Central University,200420,"Rangaraya Medical College, Kakinada, PITHAPURAM ROAD, KAKINADA",All India,OP PH,1,Both
Andhra Pradesh,All India except Central University,200420,"Rangaraya Medical College, Kakinada, PITHAPURAM ROAD, KAKINADA",All India,SC NO,5,Both
Andhra Pradesh,All India except Central University,200420,"Rangaraya Medical College, Kakinada, PITHAPURAM ROAD, KAKINADA",All India,ST NO,2,Both
Andhra Pradesh,All India except Central University,200426,"S V Medical College, Tirupati, NEAR VIVEKANDANDA CIRCLE, ALIPIRI ROAD TIRUPATI",All India,BC NO,9,Both
Andhra Pradesh,All India except Central University,200426,"S V Medical College, Tirupati, NEAR VIVEKANDANDA CIRCLE, ALIPIRI ROAD TIRUPATI",All India,EW NO,4,Both
Andhra Pradesh,All India except Central University,200426,"S V Medical College, Tirupati, NEAR VIVEKANDANDA CIRCLE, ALIPIRI ROAD TIRUPATI",All India,EW PH,1,Both
Andhra Pradesh,All India except Central University,200426,"S V Medical College, Tirupati, NEAR VIVEKANDANDA CIRCLE, ALIPIRI ROAD TIRUPATI",All India,OP NO,13,Both
Andhra Pradesh,All India except Central University,200426,"S V Medical College, Tirupati, NEAR VIVEKANDANDA CIRCLE, ALIPIRI ROAD TIRUPATI",All India,SC NO,6,Both
Andhra Pradesh,All India except Central University,200426,"S V Medical College, Tirupati, NEAR VIVEKANDANDA CIRCLE, ALIPIRI ROAD TIRUPATI",All India,ST NO,3,Both
Andhra Pradesh,All India except Central University,200434,"SVIMS - Sri Padmavathi Medical College for Women, Alipiri Road, Tirupati, SVIMS, ALIPIRI ROAD, TIRUPATI",All India,BC NO,6,Female Only
Andhra Pradesh,All India except Central University,200434,"SVIMS - Sri Padmavathi Medical College for Women, Alipiri Road, Tirupati, SVIMS, ALIPIRI ROAD, TIRUPATI",All India,BC PH,1,Female Only
Andhra Pradesh,All India except Central University,200434,"SVIMS - Sri Padmavathi Medical College for Women, Alipiri Road, Tirupati, SVIMS, ALIPIRI ROAD, TIRUPATI",All India,EW NO,2,Female Only
Andhra Pradesh,All India except Central University,200434,"SVIMS - Sri Padmavathi Medical College for Women, Alipiri Road, Tirupati, SVIMS, ALIPIRI ROAD, TIRUPATI",All India,OP NO,10,Female Only
Andhra Pradesh,All India except Central University,200434,"SVIMS - Sri Padmavathi Medical College for Women, Alipiri Road, Tirupati, SVIMS, ALIPIRI ROAD, TIRUPATI",All India,OP PH,1,Female Only
Andhra Pradesh,All India except Central University,200434,"SVIMS - Sri Padmavathi Medical College for Women, Alipiri Road, Tirupati, SVIMS, ALIPIRI ROAD, TIRUPATI",All India,SC NO,3,Female Only
Andhra Pradesh,All India except Central University,200434,"SVIMS - Sri Padmavathi Medical College for Women, Alipiri Road, Tirupati, SVIMS, ALIPIRI ROAD, TIRUPATI",All India,SC PH,1,Female Only
Andhra Pradesh,All India except Central University,200434,"SVIMS - Sri Padmavathi Medical College for Women, Alipiri Road, Tirupati, SVIMS, ALIPIRI ROAD, TIRUPATI",All India,ST NO,2,Female Only
Assam,All India Institute Of Medical Science(AIIMS),200519,"AIIMS Guwahati, PO-CHANGSARI, DISTRICT-KAMRUP",Open Seat Quota,BC NO,26,Both
Assam,All India Institute Of Medical Science(AIIMS),200519,"AIIMS Guwahati, PO-CHANGSARI, DISTRICT-KAMRUP",Open Seat Quota,BC PH,1,Both
Assam,All India Institute Of Medical Science(AIIMS),200519,"AIIMS Guwahati, PO-CHANGSARI, DISTRICT-KAMRUP",Open Seat Quota,EW NO,9,Both
Assam,All India Institute Of Medical Science(AIIMS),200519,"AIIMS Guwahati, PO-CHANGSARI, DISTRICT-KAMRUP",Open Seat Quota,EW PH,1,Both
Assam,All India Institute Of Medical Science(AIIMS),200519,"AIIMS Guwahati, PO-CHANGSARI, DISTRICT-KAMRUP",Open Seat Quota,OP NO,39,Both
Assam,All India Institute Of Medical Science(AIIMS),200519,"AIIMS Guwahati, PO-CHANGSARI, DISTRICT-KAMRUP",Open Seat Quota,OP PH,2,Both
Assam,All India Institute Of Medical Science(AIIMS),200519,"AIIMS Guwahati, PO-CHANGSARI, DISTRICT-KAMRUP",Open Seat Quota,SC NO,14,Both
Assam,All India Institute Of Medical Science(AIIMS),200519,"AIIMS Guwahati, PO-CHANGSARI, DISTRICT-KAMRUP",Open Seat Quota,SC PH,1,Both
Assam,All India Institute Of Medical Science(AIIMS),200519,"AIIMS Guwahati, PO-CHANGSARI, DISTRICT-KAMRUP",Open Seat Quota,ST NO,6,Both
Assam,All India Institute Of Medical Science(AIIMS),200519,"AIIMS Guwahati, PO-CHANGSARI, DISTRICT-KAMRUP",Open Seat Quota,ST PH,1,Both
Assam,All India except Central University,200102,"Assam Medial College, Dibrugarh, Borbari, Dibrugarh",All India,BC NO,11,Both
Assam,All India except Central University,200102,"Assam Medial College, Dibrugarh, Borbari, Dibrugarh",All India,EW NO,3,Both
Assam,All India except Central University,200102,"Assam Medial College, Dibrugarh, Borbari, Dibrugarh",All India,OP NO,15,Both
Assam,All India except Central University,200102,"Assam Medial College, Dibrugarh, Borbari, Dibrugarh",All India,OP PH,1,Both
Assam,All India except Central University,200102,"Assam Medial College, Dibrugarh, Borbari, Dibrugarh",All India,SC NO,5,Both
Assam,All India except Central University,200102,"Assam Medial College, Dibrugarh, Borbari, Dibrugarh",All India,ST NO,3,Both
Assam,All India except Central University,200642,"Dhubri Medical College, Dhubri, P.O. Jhagrarpar SPO, Dhubri, Assam, PIN - 783325",All India,BC NO,4,Both
Assam,All India except Central University,200642,"Dhubri Medical College, Dhubri, P.O. Jhagrarpar SPO, Dhubri, Assam, PIN - 783325",All India,EW NO,2,Both
Assam,All India except Central University,200642,"Dhubri Medical College, Dhubri, P.O. Jhagrarpar SPO, Dhubri, Assam, PIN - 783325",All India,OP NO,5,Both
Assam,All India except Central University,200642,"Dhubri Medical College, Dhubri, P.O. Jhagrarpar SPO, Dhubri, Assam, PIN - 783325",All India,SC NO,3,Both
Assam,All India except Central University,200642,"Dhubri Medical College, Dhubri, P.O. Jhagrarpar SPO, Dhubri, Assam, PIN - 783325",All India,ST NO,1,Both
Assam,All India except Central University,200578,"Diphu Medical College & Hospital, Diphu, Assam, principaldiphu@gmail.com",All India,BC NO,4,Both
Assam,All India except Central University,200578,"Diphu Medical College & Hospital, Diphu, Assam, principaldiphu@gmail.com",All India,EW NO,2,Both
Assam,All India except Central University,200578,"Diphu Medical College & Hospital, Diphu, Assam, principaldiphu@gmail.com",All India,OP NO,6,Both
Assam,All India except Central University,200578,"Diphu Medical College & Hospital, Diphu, Assam, principaldiphu@gmail.com",All India,SC NO,2,Both
Assam,All India except Central University,200578,"Diphu Medical College & Hospital, Diphu, Assam, principaldiphu@gmail.com",All India,ST NO,1,Both
Assam,All India except Central University,904552,"ESIC Medical College and Hospital, Beltola, No. 242, Pir Ajan Fakir Road, Beltola, Guwahati, Assam-781022",All India,BC NO,1,Both
Assam,All India except Central University,904552,"ESIC Medical College and Hospital, Beltola, No. 242, Pir Ajan Fakir Road, Beltola, Guwahati, Assam-781022",All India,BC PH,1,Both
Assam,All India except Central University,904552,"ESIC Medical College and Hospital, Beltola, No. 242, Pir Ajan Fakir Road, Beltola, Guwahati, Assam-781022",All India,OP NO,3,Both
Assam,All India except Central University,904552,"ESIC Medical College and Hospital, Beltola, No. 242, Pir Ajan Fakir Road, Beltola, Guwahati, Assam-781022",All India,SC NO,1,Both
Assam,All India except Central University,904552,"ESIC Medical College and Hospital, Beltola, No. 242, Pir Ajan Fakir Road, Beltola, Guwahati, Assam-781022",All India,ST NO,1,Both
Assam,All India except Central University,904552,"ESIC Medical College and Hospital, Beltola, No. 242, Pir Ajan Fakir Road, Beltola, Guwahati, Assam-781022",Employees State Insurance Scheme(ESI),BC NO,7,Both
Assam,All India except Central University,904552,"ESIC Medical College and Hospital, Beltola, No. 242, Pir Ajan Fakir Road, Beltola, Guwahati, Assam-781022",Employees State Insurance Scheme(ESI),EW NO,3,Both
Assam,All India except Central University,904552,"ESIC Medical College and Hospital, Beltola, No. 242, Pir Ajan Fakir Road, Beltola, Guwahati, Assam-781022",Employees State Insurance Scheme(ESI),OP NO,9,Both
Assam,All India except Central University,904552,"ESIC Medical College and Hospital, Beltola, No. 242, Pir Ajan Fakir Road, Beltola, Guwahati, Assam-781022",Employees State Insurance Scheme(ESI),SC NO,4,Both
Assam,All India except Central University,904552,"ESIC Medical College and Hospital, Beltola, No. 242, Pir Ajan Fakir Road, Beltola, Guwahati, Assam-781022",Employees State Insurance Scheme(ESI),ST NO,2,Both
Assam,All India except Central University,200103,"Fakhruddin Ali Ahmed Medical College, Barpeta, Assam, Jania Road, Jotigaon, Barpeta, Assam",All India,BC NO,5,Both
Assam,All India except Central University,200103,"Fakhruddin Ali Ahmed Medical College, Barpeta, Assam, Jania Road, Jotigaon, Barpeta, Assam",All India,EW NO,2,Both
Assam,All India except Central University,200103,"Fakhruddin Ali Ahmed Medical College, Barpeta, Assam, Jania Road, Jotigaon, Barpeta, Assam",All India,OP NO,7,Both
Assam,All India except Central University,200103,"Fakhruddin Ali Ahmed Medical College, Barpeta, Assam, Jania Road, Jotigaon, Barpeta, Assam",All India,OP PH,1,Both
Assam,All India except Central University,200103,"Fakhruddin Ali Ahmed Medical College, Barpeta, Assam, Jania Road, Jotigaon, Barpeta, Assam",All India,SC NO,3,Both
Assam,All India except Central University,200103,"Fakhruddin Ali Ahmed Medical College, Barpeta, Assam, Jania Road, Jotigaon, Barpeta, Assam",All India,ST NO,1,Both
Assam,All India except Central University,200104,"Gauhati Medical College, Guwahati, 7th, Floor Mother & Child Hospital (MCH) Bhangagarh, Guwahati-781032, Assam.",All India,BC NO,10,Both
Assam,All India except Central University,200104,"Gauhati Medical College, Guwahati, 7th, Floor Mother & Child Hospital (MCH) Bhangagarh, Guwahati-781032, Assam.",All India,EW NO,4,Both
Assam,All India except Central University,200104,"Gauhati Medical College, Guwahati, 7th, Floor Mother & Child Hospital (MCH) Bhangagarh, Guwahati-781032, Assam.",All India,OP NO,15,Both
Assam,All India except Central University,200104,"Gauhati Medical College, Guwahati, 7th, Floor Mother & Child Hospital (MCH) Bhangagarh, Guwahati-781032, Assam.",All India,SC NO,4,Both
Assam,All India except Central University,200104,"Gauhati Medical College, Guwahati, 7th, Floor Mother & Child Hospital (MCH) Bhangagarh, Guwahati-781032, Assam.",All India,SC PH,1,Both
Assam,All India except Central University,200104,"Gauhati Medical College, Guwahati, 7th, Floor Mother & Child Hospital (MCH) Bhangagarh, Guwahati-781032, Assam.",All India,ST NO,2,Both
Assam,All India except Central University,200104,"Gauhati Medical College, Guwahati, 7th, Floor Mother & Child Hospital (MCH) Bhangagarh, Guwahati-781032, Assam.",All India,ST PH,1,Both
Assam,All India except Central University,200105,"Jorhat Medical College & Hospital , Jorhat, Kushal Konwar Path, Barbheta, Jorhat, Assam, 785001",All India,BC NO,4,Both
Assam,All India except Central University,200105,"Jorhat Medical College & Hospital , Jorhat, Kushal Konwar Path, Barbheta, Jorhat, Assam, 785001",All India,BC PH,1,Both
Assam,All India except Central University,200105,"Jorhat Medical College & Hospital , Jorhat, Kushal Konwar Path, Barbheta, Jorhat, Assam, 785001",All India,EW NO,2,Both
Assam,All India except Central University,200105,"Jorhat Medical College & Hospital , Jorhat, Kushal Konwar Path, Barbheta, Jorhat, Assam, 785001",All India,OP NO,7,Both
Assam,All India except Central University,200105,"Jorhat Medical College & Hospital , Jorhat, Kushal Konwar Path, Barbheta, Jorhat, Assam, 785001",All India,OP PH,1,Both
Assam,All India except Central University,200105,"Jorhat Medical College & Hospital , Jorhat, Kushal Konwar Path, Barbheta, Jorhat, Assam, 785001",All India,SC NO,3,Both
Assam,All India except Central University,200105,"Jorhat Medical College & Hospital , Jorhat, Kushal Konwar Path, Barbheta, Jorhat, Assam, 785001",All India,ST NO,1,Both
Assam,All India except Central University,200652,"Kokrajhar Medical College, Rangalikhata Pt.-1, Kokrajhar",All India,BC NO,4,Both
Assam,All India except Central University,200652,"Kokrajhar Medical College, Rangalikhata Pt.-1, Kokrajhar",All India,EW NO,1,Both
Assam,All India except Central University,200652,"Kokrajhar Medical College, Rangalikhata Pt.-1, Kokrajhar",All India,OP NO,6,Both
Assam,All India except Central University,200652,"Kokrajhar Medical College, Rangalikhata Pt.-1, Kokrajhar",All India,SC NO,3,Both
Assam,All India except Central University,200652,"Kokrajhar Medical College, Rangalikhata Pt.-1, Kokrajhar",All India,ST NO,1,Both
Assam,All India except Central University,200588,"Lakhimpur Medical College, Chowkham Saboti North Lakhimpur Lakhimpur",All India,BC NO,4,Both
Assam,All India except Central University,200588,"Lakhimpur Medical College, Chowkham Saboti North Lakhimpur Lakhimpur",All India,EW NO,1,Both
Assam,All India except Central University,200588,"Lakhimpur Medical College, Chowkham Saboti North Lakhimpur Lakhimpur",All India,EW PH,1,Both
Assam,All India except Central University,200588,"Lakhimpur Medical College, Chowkham Saboti North Lakhimpur Lakhimpur",All India,OP NO,5,Both
Assam,All India except Central University,200588,"Lakhimpur Medical College, Chowkham Saboti North Lakhimpur Lakhimpur",All India,SC NO,2,Both
Assam,All India except Central University,200588,"Lakhimpur Medical College, Chowkham Saboti North Lakhimpur Lakhimpur",All India,ST NO,2,Both
Assam,All India except Central University,200649,"Nagaon Medical College, Dipholu, Mohkhuli Chariali, Laokhua Road, Nagaon",All India,BC NO,4,Both
Assam,All India except Central University,200649,"Nagaon Medical College, Dipholu, Mohkhuli Chariali, Laokhua Road, Nagaon",All India,EW NO,1,Both
Assam,All India except Central University,200649,"Nagaon Medical College, Dipholu, Mohkhuli Chariali, Laokhua Road, Nagaon",All India,OP NO,6,Both
Assam,All India except Central University,200649,"Nagaon Medical College, Dipholu, Mohkhuli Chariali, Laokhua Road, Nagaon",All India,OP PH,1,Both
Assam,All India except Central University,200649,"Nagaon Medical College, Dipholu, Mohkhuli Chariali, Laokhua Road, Nagaon",All India,SC NO,2,Both
Assam,All India except Central University,200649,"Nagaon Medical College, Dipholu, Mohkhuli Chariali, Laokhua Road, Nagaon",All India,ST NO,1,Both
Assam,All India except Central University,200658,"Nalbari Medical College, Nalbari, PO Dakhingaon Dist Nalbari PS Ghograpar",All India,BC NO,4,Both
Assam,All India except Central University,200658,"Nalbari Medical College, Nalbari, PO Dakhingaon Dist Nalbari PS Ghograpar",All India,EW NO,2,Both
Assam,All India except Central University,200658,"Nalbari Medical College, Nalbari, PO Dakhingaon Dist Nalbari PS Ghograpar",All India,OP NO,6,Both
Assam,All India except Central University,200658,"Nalbari Medical College, Nalbari, PO Dakhingaon Dist Nalbari PS Ghograpar",All India,SC NO,2,Both
Assam,All India except Central University,200658,"Nalbari Medical College, Nalbari, PO Dakhingaon Dist Nalbari PS Ghograpar",All India,ST NO,1,Both
Assam,All India except Central University,904359,"Pragjyotishpur Medical College, Office of the Principal-Cum-Chief Superintendent, Pragjyotishpur Medical College & Hospital, Guwahat",All India,BC NO,3,Both
Assam,All India except Central University,904359,"Pragjyotishpur Medical College, Office of the Principal-Cum-Chief Superintendent, Pragjyotishpur Medical College & Hospital, Guwahat",All India,BC PH,1,Both
Assam,All India except Central University,904359,"Pragjyotishpur Medical College, Office of the Principal-Cum-Chief Superintendent, Pragjyotishpur Medical College & Hospital, Guwahat",All India,EW NO,1,Both
Assam,All India except Central University,904359,"Pragjyotishpur Medical College, Office of the Principal-Cum-Chief Superintendent, Pragjyotishpur Medical College & Hospital, Guwahat",All India,OP NO,6,Both
Assam,All India except Central University,904359,"Pragjyotishpur Medical College, Office of the Principal-Cum-Chief Superintendent, Pragjyotishpur Medical College & Hospital, Guwahat",All India,SC NO,3,Both
Assam,All India except Central University,904359,"Pragjyotishpur Medical College, Office of the Principal-Cum-Chief Superintendent, Pragjyotishpur Medical College & Hospital, Guwahat",All India,ST NO,1,Both
Assam,All India except Central University,200107,"Silchar Medical College, Silchar, PO Silchar Medical College, Silchar",All India,BC NO,6,Both
Assam,All India except Central University,200107,"Silchar Medical College, Silchar, PO Silchar Medical College, Silchar",All India,EW NO,3,Both
Assam,All India except Central University,200107,"Silchar Medical College, Silchar, PO Silchar Medical College, Silchar",All India,OP NO,8,Both
Assam,All India except Central University,200107,"Silchar Medical College, Silchar, PO Silchar Medical College, Silchar",All India,OP PH,1,Both
Assam,All India except Central University,200107,"Silchar Medical College, Silchar, PO Silchar Medical College, Silchar",All India,SC NO,2,Both
Assam,All India except Central University,200107,"Silchar Medical College, Silchar, PO Silchar Medical College, Silchar",All India,SC PH,1,Both
Assam,All India except Central University,200107,"Silchar Medical College, Silchar, PO Silchar Medical College, Silchar",All India,ST NO,2,Both
Assam,All India except Central University,200108,"Tezpur Medical College & Hospital, Tezpur, Tezpur Medical College and Hospital Bihaguri Tezpur 784010 Dist Sonitpur Assam, Assam, 784010",All India,BC NO,6,Both
Assam,All India except Central University,200108,"Tezpur Medical College & Hospital, Tezpur, Tezpur Medical College and Hospital Bihaguri Tezpur 784010 Dist Sonitpur Assam, Assam, 784010",All India,EW NO,1,Both
Assam,All India except Central University,200108,"Tezpur Medical College & Hospital, Tezpur, Tezpur Medical College and Hospital Bihaguri Tezpur 784010 Dist Sonitpur Assam, Assam, 784010",All India,OP NO,8,Both
Assam,All India except Central University,200108,"Tezpur Medical College & Hospital, Tezpur, Tezpur Medical College and Hospital Bihaguri Tezpur 784010 Dist Sonitpur Assam, Assam, 784010",All India,SC NO,3,Both
Assam,All India except Central University,200108,"Tezpur Medical College & Hospital, Tezpur, Tezpur Medical College and Hospital Bihaguri Tezpur 784010 Dist Sonitpur Assam, Assam, 784010",All India,ST NO,1,Both
Assam,All India except Central University,902808,"Tinsukia Medical College - Assam Pin - 786146, Lohari Bangali Gaon, Tinsukia",All India,BC NO,4,Both
Assam,All India except Central University,902808,"Tinsukia Medical College - Assam Pin - 786146, Lohari Bangali Gaon, Tinsukia",All India,EW NO,2,Both
Assam,All India except Central University,902808,"Tinsukia Medical College - Assam Pin - 786146, Lohari Bangali Gaon, Tinsukia",All India,OP NO,6,Both
Assam,All India except Central University,902808,"Tinsukia Medical College - Assam Pin - 786146, Lohari Bangali Gaon, Tinsukia",All India,SC NO,2,Both
Assam,All India except Central University,902808,"Tinsukia Medical College - Assam Pin - 786146, Lohari Bangali Gaon, Tinsukia",All India,ST NO,1,Both
Bihar,All India Institute Of Medical Science(AIIMS),200508,"AIIMS, Patna, Phulwarisharif, Patna, Bihar-801507",Open Seat Quota,BC NO,32,Both
Bihar,All India Institute Of Medical Science(AIIMS),200508,"AIIMS, Patna, Phulwarisharif, Patna, Bihar-801507",Open Seat Quota,BC PH,2,Both
Bihar,All India Institute Of Medical Science(AIIMS),200508,"AIIMS, Patna, Phulwarisharif, Patna, Bihar-801507",Open Seat Quota,EW NO,12,Both
Bihar,All India Institute Of Medical Science(AIIMS),200508,"AIIMS, Patna, Phulwarisharif, Patna, Bihar-801507",Open Seat Quota,EW PH,1,Both
Bihar,All India Institute Of Medical Science(AIIMS),200508,"AIIMS, Patna, Phulwarisharif, Patna, Bihar-801507",Open Seat Quota,OP NO,48,Both
Bihar,All India Institute Of Medical Science(AIIMS),200508,"AIIMS, Patna, Phulwarisharif, Patna, Bihar-801507",Open Seat Quota,OP PH,2,Both
Bihar,All India Institute Of Medical Science(AIIMS),200508,"AIIMS, Patna, Phulwarisharif, Patna, Bihar-801507",Open Seat Quota,SC NO,17,Both
Bihar,All India Institute Of Medical Science(AIIMS),200508,"AIIMS, Patna, Phulwarisharif, Patna, Bihar-801507",Open Seat Quota,SC PH,1,Both
Bihar,All India Institute Of Medical Science(AIIMS),200508,"AIIMS, Patna, Phulwarisharif, Patna, Bihar-801507",Open Seat Quota,ST NO,10,Both
Bihar,All India except Central University,200109,"Anugrah Narayan Magadh Medical College, Gaya, SHERGHATI ROAD, GAYAJI",All India,BC NO,3,Both
Bihar,All India except Central University,200109,"Anugrah Narayan Magadh Medical College, Gaya, SHERGHATI ROAD, GAYAJI",All India,BC PH,1,Both
Bihar,All India except Central University,200109,"Anugrah Narayan Magadh Medical College, Gaya, SHERGHATI ROAD, GAYAJI",All India,EW NO,2,Both
Bihar,All India except Central University,200109,"Anugrah Narayan Magadh Medical College, Gaya, SHERGHATI ROAD, GAYAJI",All India,OP NO,6,Both
Bihar,All India except Central University,200109,"Anugrah Narayan Magadh Medical College, Gaya, SHERGHATI ROAD, GAYAJI",All India,OP PH,1,Both
Bihar,All India except Central University,200109,"Anugrah Narayan Magadh Medical College, Gaya, SHERGHATI ROAD, GAYAJI",All India,SC NO,3,Both
Bihar,All India except Central University,200109,"Anugrah Narayan Magadh Medical College, Gaya, SHERGHATI ROAD, GAYAJI",All India,ST NO,2,Both
Bihar,All India except Central University,200110,"Darbhanga Medical College, Lehriasarai, Sheetal Prasad Marg, Laheriasarai, Darbhanga",All India,BC NO,7,Both
Bihar,All India except Central University,200110,"Darbhanga Medical College, Lehriasarai, Sheetal Prasad Marg, Laheriasarai, Darbhanga",All India,EW NO,2,Both
Bihar,All India except Central University,200110,"Darbhanga Medical College, Lehriasarai, Sheetal Prasad Marg, Laheriasarai, Darbhanga",All India,OP NO,10,Both
Bihar,All India except Central University,200110,"Darbhanga Medical College, Lehriasarai, Sheetal Prasad Marg, Laheriasarai, Darbhanga",All India,SC NO,3,Both
Bihar,All India except Central University,200110,"Darbhanga Medical College, Lehriasarai, Sheetal Prasad Marg, Laheriasarai, Darbhanga",All India,ST NO,1,Both
Bihar,Employees State Insurance Scheme,200573,"Employees State Insurance Corporation Medical College, Patna, ESIC Medical College and Hospital, Arrah Danapur Road, Sikandarpur, Bihta, Patna- 801103",All India,BC NO,4,Both
Bihar,Employees State Insurance Scheme,200573,"Employees State Insurance Corporation Medical College, Patna, ESIC Medical College and Hospital, Arrah Danapur Road, Sikandarpur, Bihta, Patna- 801103",All India,EW NO,1,Both
Bihar,Employees State Insurance Scheme,200573,"Employees State Insurance Corporation Medical College, Patna, ESIC Medical College and Hospital, Arrah Danapur Road, Sikandarpur, Bihta, Patna- 801103",All India,OP NO,6,Both
Bihar,Employees State Insurance Scheme,200573,"Employees State Insurance Corporation Medical College, Patna, ESIC Medical College and Hospital, Arrah Danapur Road, Sikandarpur, Bihta, Patna- 801103",All India,OP PH,1,Both
Bihar,Employees State Insurance Scheme,200573,"Employees State Insurance Corporation Medical College, Patna, ESIC Medical College and Hospital, Arrah Danapur Road, Sikandarpur, Bihta, Patna- 801103",All India,SC NO,2,Both
Bihar,Employees State Insurance Scheme,200573,"Employees State Insurance Corporation Medical College, Patna, ESIC Medical College and Hospital, Arrah Danapur Road, Sikandarpur, Bihta, Patna- 801103",All India,ST NO,1,Both
Bihar,Employees State Insurance Scheme,200573,"Employees State Insurance Corporation Medical College, Patna, ESIC Medical College and Hospital, Arrah Danapur Road, Sikandarpur, Bihta, Patna- 801103",Employees State Insurance Scheme(ESI),BC NO,8,Both
Bihar,Employees State Insurance Scheme,200573,"Employees State Insurance Corporation Medical College, Patna, ESIC Medical College and Hospital, Arrah Danapur Road, Sikandarpur, Bihta, Patna- 801103",Employees State Insurance Scheme(ESI),BC PH,1,Both
Bihar,Employees State Insurance Scheme,200573,"Employees State Insurance Corporation Medical College, Patna, ESIC Medical College and Hospital, Arrah Danapur Road, Sikandarpur, Bihta, Patna- 801103",Employees State Insurance Scheme(ESI),EW NO,3,Both
Bihar,Employees State Insurance Scheme,200573,"Employees State Insurance Corporation Medical College, Patna, ESIC Medical College and Hospital, Arrah Danapur Road, Sikandarpur, Bihta, Patna- 801103",Employees State Insurance Scheme(ESI),OP NO,14,Both
Bihar,Employees State Insurance Scheme,200573,"Employees State Insurance Corporation Medical College, Patna, ESIC Medical College and Hospital, Arrah Danapur Road, Sikandarpur, Bihta, Patna- 801103",Employees State Insurance Scheme(ESI),OP PH,1,Both
Bihar,Employees State Insurance Scheme,200573,"Employees State Insurance Corporation Medical College, Patna, ESIC Medical College and Hospital, Arrah Danapur Road, Sikandarpur, Bihta, Patna- 801103",Employees State Insurance Scheme(ESI),SC NO,4,Both
Bihar,Employees State Insurance Scheme,200573,"Employees State Insurance Corporation Medical College, Patna, ESIC Medical College and Hospital, Arrah Danapur Road, Sikandarpur, Bihta, Patna- 801103",Employees State Insurance Scheme(ESI),SC PH,1,Both
Bihar,Employees State Insurance Scheme,200573,"Employees State Insurance Corporation Medical College, Patna, ESIC Medical College and Hospital, Arrah Danapur Road, Sikandarpur, Bihta, Patna- 801103",Employees State Insurance Scheme(ESI),ST NO,3,Both
Bihar,All India except Central University,200111,"Government Medical College, Bettiah, Government Medical College Bettiah West Champaran Bihar- 845438",All India,BC NO,5,Both
Bihar,All India except Central University,200111,"Government Medical College, Bettiah, Government Medical College Bettiah West Champaran Bihar- 845438",All India,EW NO,2,Both
Bihar,All India except Central University,200111,"Government Medical College, Bettiah, Government Medical College Bettiah West Champaran Bihar- 845438",All India,OP NO,6,Both
Bihar,All India except Central University,200111,"Government Medical College, Bettiah, Government Medical College Bettiah West Champaran Bihar- 845438",All India,SC NO,3,Both
Bihar,All India except Central University,200111,"Government Medical College, Bettiah, Government Medical College Bettiah West Champaran Bihar- 845438",All India,ST NO,2,Both
Bihar,All India except Central University,200677,"Government Medical College, Purnea, govt.mcpurnea@gmail.com",All India,BC NO,3,Both
Bihar,All India except Central University,200677,"Government Medical College, Purnea, govt.mcpurnea@gmail.com",All India,BC PH,1,Both
Bihar,All India except Central University,200677,"Government Medical College, Purnea, govt.mcpurnea@gmail.com",All India,EW NO,2,Both
Bihar,All India except Central University,200677,"Government Medical College, Purnea, govt.mcpurnea@gmail.com",All India,OP NO,6,Both
Bihar,All India except Central University,200677,"Government Medical College, Purnea, govt.mcpurnea@gmail.com",All India,SC NO,2,Both
Bihar,All India except Central University,200677,"Government Medical College, Purnea, govt.mcpurnea@gmail.com",All India,ST NO,1,Both
Bihar,All India except Central University,200112,"Indira Gandhi Institute of Medical Sciences, Sheikhpura, Patna, RAZA BAZAR, SHEIKHPURA, PATNA",All India,BC NO,5,Both
Bihar,All India except Central University,200112,"Indira Gandhi Institute of Medical Sciences, Sheikhpura, Patna, RAZA BAZAR, SHEIKHPURA, PATNA",All India,EW NO,1,Both
Bihar,All India except Central University,200112,"Indira Gandhi Institute of Medical Sciences, Sheikhpura, Patna, RAZA BAZAR, SHEIKHPURA, PATNA",All India,EW PH,1,Both
Bihar,All India except Central University,200112,"Indira Gandhi Institute of Medical Sciences, Sheikhpura, Patna, RAZA BAZAR, SHEIKHPURA, PATNA",All India,OP NO,9,Both
Bihar,All India except Central University,200112,"Indira Gandhi Institute of Medical Sciences, Sheikhpura, Patna, RAZA BAZAR, SHEIKHPURA, PATNA",All India,SC NO,3,Both
Bihar,All India except Central University,200112,"Indira Gandhi Institute of Medical Sciences, Sheikhpura, Patna, RAZA BAZAR, SHEIKHPURA, PATNA",All India,SC PH,1,Both
Bihar,All India except Central University,200112,"Indira Gandhi Institute of Medical Sciences, Sheikhpura, Patna, RAZA BAZAR, SHEIKHPURA, PATNA",All India,ST NO,1,Both
Bihar,All India except Central University,200112,"Indira Gandhi Institute of Medical Sciences, Sheikhpura, Patna, RAZA BAZAR, SHEIKHPURA, PATNA",All India,ST PH,1,Both
Bihar,All India except Central University,200589,"Jannayak Karpoori Thakur Medical College & Hospital, Madhepura, Bihar, JAJHAT SABAILA SINGHESHWAR ROAD DISTRICT MADHEPURA",All India,BC NO,5,Both
Bihar,All India except Central University,200589,"Jannayak Karpoori Thakur Medical College & Hospital, Madhepura, Bihar, JAJHAT SABAILA SINGHESHWAR ROAD DISTRICT MADHEPURA",All India,EW NO,1,Both
Bihar,All India except Central University,200589,"Jannayak Karpoori Thakur Medical College & Hospital, Madhepura, Bihar, JAJHAT SABAILA SINGHESHWAR ROAD DISTRICT MADHEPURA",All India,OP NO,6,Both
Bihar,All India except Central University,200589,"Jannayak Karpoori Thakur Medical College & Hospital, Madhepura, Bihar, JAJHAT SABAILA SINGHESHWAR ROAD DISTRICT MADHEPURA",All India,SC NO,2,Both
Bihar,All India except Central University,200589,"Jannayak Karpoori Thakur Medical College & Hospital, Madhepura, Bihar, JAJHAT SABAILA SINGHESHWAR ROAD DISTRICT MADHEPURA",All India,ST NO,1,Both
Bihar,All India except Central University,200113,"Jawaharlal Nehru Medical College, Bhagalpur, SUKHRAJ RAI PATH, BHAGALPUR",All India,BC NO,6,Both
Bihar,All India except Central University,200113,"Jawaharlal Nehru Medical College, Bhagalpur, SUKHRAJ RAI PATH, BHAGALPUR",All India,EW NO,3,Both
Bihar,All India except Central University,200113,"Jawaharlal Nehru Medical College, Bhagalpur, SUKHRAJ RAI PATH, BHAGALPUR",All India,OP NO,8,Both
Bihar,All India except Central University,200113,"Jawaharlal Nehru Medical College, Bhagalpur, SUKHRAJ RAI PATH, BHAGALPUR",All India,OP PH,1,Both
Bihar,All India except Central University,200113,"Jawaharlal Nehru Medical College, Bhagalpur, SUKHRAJ RAI PATH, BHAGALPUR",All India,SC NO,3,Both
Bihar,All India except Central University,200113,"Jawaharlal Nehru Medical College, Bhagalpur, SUKHRAJ RAI PATH, BHAGALPUR",All India,ST NO,1,Both
Bihar,All India except Central University,200114,"Nalanda Medical College, Patna, OLD BYEPASS ROAD, KANKERBAGH, PATNA",All India,BC NO,7,Both
Bihar,All India except Central University,200114,"Nalanda Medical College, Patna, OLD BYEPASS ROAD, KANKERBAGH, PATNA",All India,BC PH,1,Both
Bihar,All India except Central University,200114,"Nalanda Medical College, Patna, OLD BYEPASS ROAD, KANKERBAGH, PATNA",All India,EW NO,2,Both
Bihar,All India except Central University,200114,"Nalanda Medical College, Patna, OLD BYEPASS ROAD, KANKERBAGH, PATNA",All India,OP NO,12,Both
Bihar,All India except Central University,200114,"Nalanda Medical College, Patna, OLD BYEPASS ROAD, KANKERBAGH, PATNA",All India,SC NO,5,Both
Bihar,All India except Central University,200114,"Nalanda Medical College, Patna, OLD BYEPASS ROAD, KANKERBAGH, PATNA",All India,ST NO,3,Both
Bihar,All India except Central University,200116,"Patna Medical College, Patna, ASHOK RAJPATH, PATNA",All India,BC NO,10,Both
Bihar,All India except Central University,200116,"Patna Medical College, Patna, ASHOK RAJPATH, PATNA",All India,EW NO,4,Both
Bihar,All India except Central University,200116,"Patna Medical College, Patna, ASHOK RAJPATH, PATNA",All India,OP NO,15,Both
Bihar,All India except Central University,200116,"Patna Medical College, Patna, ASHOK RAJPATH, PATNA",All India,OP PH,1,Both
Bihar,All India except Central University,200116,"Patna Medical College, Patna, ASHOK RAJPATH, PATNA",All India,SC NO,6,Both
Bihar,All India except Central University,200116,"Patna Medical College, Patna, ASHOK RAJPATH, PATNA",All India,ST NO,2,Both
Bihar,All India except Central University,200117,"Shri Krishna Medical College, Muzzafarpur, UMANAGAR MUZAFFARPUR",All India,BC NO,6,Both
Bihar,All India except Central University,200117,"Shri Krishna Medical College, Muzzafarpur, UMANAGAR MUZAFFARPUR",All India,EW NO,3,Both
Bihar,All India except Central University,200117,"Shri Krishna Medical College, Muzzafarpur, UMANAGAR MUZAFFARPUR",All India,OP NO,8,Both
Bihar,All India except Central University,200117,"Shri Krishna Medical College, Muzzafarpur, UMANAGAR MUZAFFARPUR",All India,OP PH,1,Both
Bihar,All India except Central University,200117,"Shri Krishna Medical College, Muzzafarpur, UMANAGAR MUZAFFARPUR",All India,SC NO,2,Both
Bihar,All India except Central University,200117,"Shri Krishna Medical College, Muzzafarpur, UMANAGAR MUZAFFARPUR",All India,SC PH,1,Both
Bihar,All India except Central University,200117,"Shri Krishna Medical College, Muzzafarpur, UMANAGAR MUZAFFARPUR",All India,ST NO,2,Both
Bihar,All India except Central University,200118,"VARDHMAN INSTITUTE OF MEDICAL SCIENCES, NALANDA, BMIMS, PAWAPURI NALNADA",All India,BC NO,4,Both
Bihar,All India except Central University,200118,"VARDHMAN INSTITUTE OF MEDICAL SCIENCES, NALANDA, BMIMS, PAWAPURI NALNADA",All India,BC PH,1,Both
Bihar,All India except Central University,200118,"VARDHMAN INSTITUTE OF MEDICAL SCIENCES, NALANDA, BMIMS, PAWAPURI NALNADA",All India,EW NO,1,Both
Bihar,All India except Central University,200118,"VARDHMAN INSTITUTE OF MEDICAL SCIENCES, NALANDA, BMIMS, PAWAPURI NALNADA",All India,OP NO,8,Both
Bihar,All India except Central University,200118,"VARDHMAN INSTITUTE OF MEDICAL SCIENCES, NALANDA, BMIMS, PAWAPURI NALNADA",All India,SC NO,3,Both
Bihar,All India except Central University,200118,"VARDHMAN INSTITUTE OF MEDICAL SCIENCES, NALANDA, BMIMS, PAWAPURI NALNADA",All India,ST NO,1,Both
Chandigarh,All India except Central University,200119,"Government Medical College, Chandigarh, GOVERNMENT MEDICAL COLLEGE AND HOSPITAL, SECTOR 32, CHANDIGARH",All India,BC NO,8,Both
Chandigarh,All India except Central University,200119,"Government Medical College, Chandigarh, GOVERNMENT MEDICAL COLLEGE AND HOSPITAL, SECTOR 32, CHANDIGARH",All India,EW NO,4,Both
Chandigarh,All India except Central University,200119,"Government Medical College, Chandigarh, GOVERNMENT MEDICAL COLLEGE AND HOSPITAL, SECTOR 32, CHANDIGARH",All India,OP NO,11,Both
Chandigarh,All India except Central University,200119,"Government Medical College, Chandigarh, GOVERNMENT MEDICAL COLLEGE AND HOSPITAL, SECTOR 32, CHANDIGARH",All India,SC NO,4,Both
Chandigarh,All India except Central University,200119,"Government Medical College, Chandigarh, GOVERNMENT MEDICAL COLLEGE AND HOSPITAL, SECTOR 32, CHANDIGARH",All India,ST NO,3,Both
Chhattisgarh,All India Institute Of Medical Science(AIIMS),200506,"AIIMS, Raipur, Tatibandh, G E Road, Raipur Chhattisgarh, Pin - 492099",Open Seat Quota,BC NO,33,Both
Chhattisgarh,All India Institute Of Medical Science(AIIMS),200506,"AIIMS, Raipur, Tatibandh, G E Road, Raipur Chhattisgarh, Pin - 492099",Open Seat Quota,BC PH,1,Both
Chhattisgarh,All India Institute Of Medical Science(AIIMS),200506,"AIIMS, Raipur, Tatibandh, G E Road, Raipur Chhattisgarh, Pin - 492099",Open Seat Quota,EW NO,12,Both
Chhattisgarh,All India Institute Of Medical Science(AIIMS),200506,"AIIMS, Raipur, Tatibandh, G E Road, Raipur Chhattisgarh, Pin - 492099",Open Seat Quota,OP NO,48,Both
Chhattisgarh,All India Institute Of Medical Science(AIIMS),200506,"AIIMS, Raipur, Tatibandh, G E Road, Raipur Chhattisgarh, Pin - 492099",Open Seat Quota,OP PH,3,Both
Chhattisgarh,All India Institute Of Medical Science(AIIMS),200506,"AIIMS, Raipur, Tatibandh, G E Road, Raipur Chhattisgarh, Pin - 492099",Open Seat Quota,SC NO,18,Both
Chhattisgarh,All India Institute Of Medical Science(AIIMS),200506,"AIIMS, Raipur, Tatibandh, G E Road, Raipur Chhattisgarh, Pin - 492099",Open Seat Quota,SC PH,1,Both
Chhattisgarh,All India Institute Of Medical Science(AIIMS),200506,"AIIMS, Raipur, Tatibandh, G E Road, Raipur Chhattisgarh, Pin - 492099",Open Seat Quota,ST NO,8,Both
Chhattisgarh,All India Institute Of Medical Science(AIIMS),200506,"AIIMS, Raipur, Tatibandh, G E Road, Raipur Chhattisgarh, Pin - 492099",Open Seat Quota,ST PH,1,Both
Chhattisgarh,All India except Central University,200612,"Chandulal Chandrakar Memorial Govt. Medical College, Durg, Chandulal Chandrakar Memorial Government Medical College, Kurud Road, Near Rungta College, Kachandur",All India,BC NO,8,Both
Chhattisgarh,All India except Central University,200612,"Chandulal Chandrakar Memorial Govt. Medical College, Durg, Chandulal Chandrakar Memorial Government Medical College, Kurud Road, Near Rungta College, Kachandur",All India,EW NO,2,Both
Chhattisgarh,All India except Central University,200612,"Chandulal Chandrakar Memorial Govt. Medical College, Durg, Chandulal Chandrakar Memorial Government Medical College, Kurud Road, Near Rungta College, Kachandur",All India,EW PH,1,Both
Chhattisgarh,All India except Central University,200612,"Chandulal Chandrakar Memorial Govt. Medical College, Durg, Chandulal Chandrakar Memorial Government Medical College, Kurud Road, Near Rungta College, Kachandur",All India,OP NO,11,Both
Chhattisgarh,All India except Central University,200612,"Chandulal Chandrakar Memorial Govt. Medical College, Durg, Chandulal Chandrakar Memorial Government Medical College, Kurud Road, Near Rungta College, Kachandur",All India,OP PH,1,Both
Chhattisgarh,All India except Central University,200612,"Chandulal Chandrakar Memorial Govt. Medical College, Durg, Chandulal Chandrakar Memorial Government Medical College, Kurud Road, Near Rungta College, Kachandur",All India,SC NO,5,Both
Chhattisgarh,All India except Central University,200612,"Chandulal Chandrakar Memorial Govt. Medical College, Durg, Chandulal Chandrakar Memorial Government Medical College, Kurud Road, Near Rungta College, Kachandur",All India,ST NO,2,Both
Chhattisgarh,All India except Central University,200120,"Chhattisgarh Institute of Medical Sciences, Bilaspur, GOND PARA, SADAR BAZAAR BILASPUR - 495001 (CG)",All India,BC NO,5,Both
Chhattisgarh,All India except Central University,200120,"Chhattisgarh Institute of Medical Sciences, Bilaspur, GOND PARA, SADAR BAZAAR BILASPUR - 495001 (CG)",All India,BC PH,1,Both
Chhattisgarh,All India except Central University,200120,"Chhattisgarh Institute of Medical Sciences, Bilaspur, GOND PARA, SADAR BAZAAR BILASPUR - 495001 (CG)",All India,EW NO,2,Both
Chhattisgarh,All India except Central University,200120,"Chhattisgarh Institute of Medical Sciences, Bilaspur, GOND PARA, SADAR BAZAAR BILASPUR - 495001 (CG)",All India,OP NO,8,Both
Chhattisgarh,All India except Central University,200120,"Chhattisgarh Institute of Medical Sciences, Bilaspur, GOND PARA, SADAR BAZAAR BILASPUR - 495001 (CG)",All India,OP PH,1,Both
Chhattisgarh,All India except Central University,200120,"Chhattisgarh Institute of Medical Sciences, Bilaspur, GOND PARA, SADAR BAZAAR BILASPUR - 495001 (CG)",All India,SC NO,3,Both
Chhattisgarh,All India except Central University,200120,"Chhattisgarh Institute of Medical Sciences, Bilaspur, GOND PARA, SADAR BAZAAR BILASPUR - 495001 (CG)",All India,ST NO,2,Both
Chhattisgarh,All India except Central University,200122,"Government Medical College (Bharat Ratna Shri Atal Bihari Vajpyee Memorial Med. Col.), Rajnandgaon, Bharat Ratna Late Shri Atal Bihari Vajpayee Memorial Medical College, Pendri, Rajnandgaon. Chhattisg",All India,BC NO,5,Both
Chhattisgarh,All India except Central University,200122,"Government Medical College (Bharat Ratna Shri Atal Bihari Vajpyee Memorial Med. Col.), Rajnandgaon, Bharat Ratna Late Shri Atal Bihari Vajpayee Memorial Medical College, Pendri, Rajnandgaon. Chhattisg",All India,EW NO,1,Both
Chhattisgarh,All India except Central University,200122,"Government Medical College (Bharat Ratna Shri Atal Bihari Vajpyee Memorial Med. Col.), Rajnandgaon, Bharat Ratna Late Shri Atal Bihari Vajpayee Memorial Medical College, Pendri, Rajnandgaon. Chhattisg",All India,OP NO,8,Both
Chhattisgarh,All India except Central University,200122,"Government Medical College (Bharat Ratna Shri Atal Bihari Vajpyee Memorial Med. Col.), Rajnandgaon, Bharat Ratna Late Shri Atal Bihari Vajpayee Memorial Medical College, Pendri, Rajnandgaon. Chhattisg",All India,SC NO,3,Both
Chhattisgarh,All India except Central University,200122,"Government Medical College (Bharat Ratna Shri Atal Bihari Vajpyee Memorial Med. Col.), Rajnandgaon, Bharat Ratna Late Shri Atal Bihari Vajpayee Memorial Medical College, Pendri, Rajnandgaon. Chhattisg",All India,ST NO,1,Both
Chhattisgarh,All India except Central University,904738,"Government Medical College Dantewada, NA",All India,BC NO,2,Both
Chhattisgarh,All India except Central University,904738,"Government Medical College Dantewada, NA",All India,EW NO,1,Both
Chhattisgarh,All India except Central University,904738,"Government Medical College Dantewada, NA",All India,OP NO,3,Both
Chhattisgarh,All India except Central University,904738,"Government Medical College Dantewada, NA",All India,SC PH,1,Both
Chhattisgarh,All India except Central University,904739,"Government Medical College Janjgir, Champa, government medical college janjgir champa, village- pendri, dist- janjgir champa. C.G",All India,BC NO,2,Both
Chhattisgarh,All India except Central University,904739,"Government Medical College Janjgir, Champa, government medical college janjgir champa, village- pendri, dist- janjgir champa. C.G",All India,EW NO,1,Both
Chhattisgarh,All India except Central University,904739,"Government Medical College Janjgir, Champa, government medical college janjgir champa, village- pendri, dist- janjgir champa. C.G",All India,OP NO,2,Both
Chhattisgarh,All India except Central University,904739,"Government Medical College Janjgir, Champa, government medical college janjgir champa, village- pendri, dist- janjgir champa. C.G",All India,SC NO,1,Both
Chhattisgarh,All India except Central University,904739,"Government Medical College Janjgir, Champa, government medical college janjgir champa, village- pendri, dist- janjgir champa. C.G",All India,ST PH,1,Both
Chhattisgarh,All India except Central University,904740,"Government medical college, jashpur-kunkuri, Government medical college, Jashpur-Kunkuri, Jhargaon, Jila-Jashpur (C.G.) Pin No. - 496331",All India,BC NO,2,Both
Chhattisgarh,All India except Central University,904740,"Government medical college, jashpur-kunkuri, Government medical college, Jashpur-Kunkuri, Jhargaon, Jila-Jashpur (C.G.) Pin No. - 496331",All India,OP NO,3,Both
Chhattisgarh,All India except Central University,904740,"Government medical college, jashpur-kunkuri, Government medical college, Jashpur-Kunkuri, Jhargaon, Jila-Jashpur (C.G.) Pin No. - 496331",All India,SC NO,1,Both
Chhattisgarh,All India except Central University,904740,"Government medical college, jashpur-kunkuri, Government medical college, Jashpur-Kunkuri, Jhargaon, Jila-Jashpur (C.G.) Pin No. - 496331",All India,ST NO,1,Both
Chhattisgarh,All India except Central University,200602,"Government Medical College, Korba, Govt. Medical College, Village Jhagrha, Balco-urga Road, City Korba C.G.",All India,BC NO,4,Both
Chhattisgarh,All India except Central University,200602,"Government Medical College, Korba, Govt. Medical College, Village Jhagrha, Balco-urga Road, City Korba C.G.",All India,BC PH,1,Both
Chhattisgarh,All India except Central University,200602,"Government Medical College, Korba, Govt. Medical College, Village Jhagrha, Balco-urga Road, City Korba C.G.",All India,EW NO,3,Both
Chhattisgarh,All India except Central University,200602,"Government Medical College, Korba, Govt. Medical College, Village Jhagrha, Balco-urga Road, City Korba C.G.",All India,OP NO,5,Both
Chhattisgarh,All India except Central University,200602,"Government Medical College, Korba, Govt. Medical College, Village Jhagrha, Balco-urga Road, City Korba C.G.",All India,OP PH,1,Both
Chhattisgarh,All India except Central University,200602,"Government Medical College, Korba, Govt. Medical College, Village Jhagrha, Balco-urga Road, City Korba C.G.",All India,SC NO,3,Both
Chhattisgarh,All India except Central University,200602,"Government Medical College, Korba, Govt. Medical College, Village Jhagrha, Balco-urga Road, City Korba C.G.",All India,ST NO,1,Both
Chhattisgarh,All India except Central University,200596,"Government Medical College, Mahasamund, In front of Sai temple raipur road village kharora Mahasamund",All India,BC NO,4,Both
Chhattisgarh,All India except Central University,200596,"Government Medical College, Mahasamund, In front of Sai temple raipur road village kharora Mahasamund",All India,EW NO,1,Both
Chhattisgarh,All India except Central University,200596,"Government Medical College, Mahasamund, In front of Sai temple raipur road village kharora Mahasamund",All India,OP NO,10,Both
Chhattisgarh,All India except Central University,200596,"Government Medical College, Mahasamund, In front of Sai temple raipur road village kharora Mahasamund",All India,SC NO,2,Both
Chhattisgarh,All India except Central University,200596,"Government Medical College, Mahasamund, In front of Sai temple raipur road village kharora Mahasamund",All India,ST NO,1,Both
Chhattisgarh,All India except Central University,904741,"Govt. Medical College, Kabeerdham , DISTRICT COURT ROAD, NEAR COLLECTORATE, KAWARDHA, DISTRICT KABIRDHAM PIN 491995",All India,BC NO,2,Both
Chhattisgarh,All India except Central University,904741,"Govt. Medical College, Kabeerdham , DISTRICT COURT ROAD, NEAR COLLECTORATE, KAWARDHA, DISTRICT KABIRDHAM PIN 491995",All India,EW NO,1,Both
Chhattisgarh,All India except Central University,904741,"Govt. Medical College, Kabeerdham , DISTRICT COURT ROAD, NEAR COLLECTORATE, KAWARDHA, DISTRICT KABIRDHAM PIN 491995",All India,OP NO,2,Both
Chhattisgarh,All India except Central University,904741,"Govt. Medical College, Kabeerdham , DISTRICT COURT ROAD, NEAR COLLECTORATE, KAWARDHA, DISTRICT KABIRDHAM PIN 491995",All India,SC NO,1,Both
Chhattisgarh,All India except Central University,904741,"Govt. Medical College, Kabeerdham , DISTRICT COURT ROAD, NEAR COLLECTORATE, KAWARDHA, DISTRICT KABIRDHAM PIN 491995",All India,ST NO,1,Both
Chhattisgarh,All India except Central University,904742,"Govt.Medical Collage Manendragarh, Govt. Medical College Manendragarh, Jhagrakhand Road, Dist- MCB C.G.",All India,BC NO,2,Both
Chhattisgarh,All India except Central University,904742,"Govt.Medical Collage Manendragarh, Govt. Medical College Manendragarh, Jhagrakhand Road, Dist- MCB C.G.",All India,EW NO,1,Both
Chhattisgarh,All India except Central University,904742,"Govt.Medical Collage Manendragarh, Govt. Medical College Manendragarh, Jhagrakhand Road, Dist- MCB C.G.",All India,OP NO,3,Both
Chhattisgarh,All India except Central University,904742,"Govt.Medical Collage Manendragarh, Govt. Medical College Manendragarh, Jhagrakhand Road, Dist- MCB C.G.",All India,SC NO,1,Both
Chhattisgarh,All India except Central University,200124,"Late Shri Baliram Kashyap Memorial NDMC Govt. Medical College, Jagdalpur, LATE BALIRAM KASHYAP MEMORIAL GOVT. MEDICAL COLLEGE, DIMRAPAL GEEDAM ROAD , JAGDALPUR DIST-BASTAR",All India,BC NO,6,Both
Chhattisgarh,All India except Central University,200124,"Late Shri Baliram Kashyap Memorial NDMC Govt. Medical College, Jagdalpur, LATE BALIRAM KASHYAP MEMORIAL GOVT. MEDICAL COLLEGE, DIMRAPAL GEEDAM ROAD , JAGDALPUR DIST-BASTAR",All India,EW NO,2,Both
Chhattisgarh,All India except Central University,200124,"Late Shri Baliram Kashyap Memorial NDMC Govt. Medical College, Jagdalpur, LATE BALIRAM KASHYAP MEMORIAL GOVT. MEDICAL COLLEGE, DIMRAPAL GEEDAM ROAD , JAGDALPUR DIST-BASTAR",All India,OP NO,8,Both
Chhattisgarh,All India except Central University,200124,"Late Shri Baliram Kashyap Memorial NDMC Govt. Medical College, Jagdalpur, LATE BALIRAM KASHYAP MEMORIAL GOVT. MEDICAL COLLEGE, DIMRAPAL GEEDAM ROAD , JAGDALPUR DIST-BASTAR",All India,OP PH,1,Both
Chhattisgarh,All India except Central University,200124,"Late Shri Baliram Kashyap Memorial NDMC Govt. Medical College, Jagdalpur, LATE BALIRAM KASHYAP MEMORIAL GOVT. MEDICAL COLLEGE, DIMRAPAL GEEDAM ROAD , JAGDALPUR DIST-BASTAR",All India,SC NO,4,Both
Chhattisgarh,All India except Central University,200124,"Late Shri Baliram Kashyap Memorial NDMC Govt. Medical College, Jagdalpur, LATE BALIRAM KASHYAP MEMORIAL GOVT. MEDICAL COLLEGE, DIMRAPAL GEEDAM ROAD , JAGDALPUR DIST-BASTAR",All India,ST NO,2,Both
Chhattisgarh,All India except Central University,200125,"Late Shri Lakhi Ram Agrawal Memorial Govt. Medical College, Raigarh, T.V.Tower road, Bendrachua, Raigarh",All India,BC NO,4,Both
Chhattisgarh,All India except Central University,200125,"Late Shri Lakhi Ram Agrawal Memorial Govt. Medical College, Raigarh, T.V.Tower road, Bendrachua, Raigarh",All India,EW NO,2,Both
Chhattisgarh,All India except Central University,200125,"Late Shri Lakhi Ram Agrawal Memorial Govt. Medical College, Raigarh, T.V.Tower road, Bendrachua, Raigarh",All India,OP NO,6,Both
Chhattisgarh,All India except Central University,200125,"Late Shri Lakhi Ram Agrawal Memorial Govt. Medical College, Raigarh, T.V.Tower road, Bendrachua, Raigarh",All India,SC NO,2,Both
Chhattisgarh,All India except Central University,200125,"Late Shri Lakhi Ram Agrawal Memorial Govt. Medical College, Raigarh, T.V.Tower road, Bendrachua, Raigarh",All India,ST NO,1,Both
Chhattisgarh,All India except Central University,200126,"Pt. J N M Medical College, Raipur, In front of Central Jail, Jail Road Raipur C.G.",All India,BC NO,9,Both
Chhattisgarh,All India except Central University,200126,"Pt. J N M Medical College, Raipur, In front of Central Jail, Jail Road Raipur C.G.",All India,BC PH,1,Both
Chhattisgarh,All India except Central University,200126,"Pt. J N M Medical College, Raipur, In front of Central Jail, Jail Road Raipur C.G.",All India,EW NO,2,Both
Chhattisgarh,All India except Central University,200126,"Pt. J N M Medical College, Raipur, In front of Central Jail, Jail Road Raipur C.G.",All India,EW PH,1,Both
Chhattisgarh,All India except Central University,200126,"Pt. J N M Medical College, Raipur, In front of Central Jail, Jail Road Raipur C.G.",All India,OP NO,14,Both
Chhattisgarh,All India except Central University,200126,"Pt. J N M Medical College, Raipur, In front of Central Jail, Jail Road Raipur C.G.",All India,OP PH,1,Both
Chhattisgarh,All India except Central University,200126,"Pt. J N M Medical College, Raipur, In front of Central Jail, Jail Road Raipur C.G.",All India,SC NO,5,Both
Chhattisgarh,All India except Central University,200126,"Pt. J N M Medical College, Raipur, In front of Central Jail, Jail Road Raipur C.G.",All India,SC PH,1,Both
Chhattisgarh,All India except Central University,200126,"Pt. J N M Medical College, Raipur, In front of Central Jail, Jail Road Raipur C.G.",All India,ST NO,3,Both
Chhattisgarh,All India except Central University,200121,"Rajmata Shrimata Devendra Kumari Singhdeo Government Medical College, Ambikapur (Surguja), Chhattisgarh, Kanyaparisar Road Gangapur Ambikapur District Surguja",All India,BC NO,5,Both
Chhattisgarh,All India except Central University,200121,"Rajmata Shrimata Devendra Kumari Singhdeo Government Medical College, Ambikapur (Surguja), Chhattisgarh, Kanyaparisar Road Gangapur Ambikapur District Surguja",All India,EW NO,2,Both
Chhattisgarh,All India except Central University,200121,"Rajmata Shrimata Devendra Kumari Singhdeo Government Medical College, Ambikapur (Surguja), Chhattisgarh, Kanyaparisar Road Gangapur Ambikapur District Surguja",All India,OP NO,8,Both
Chhattisgarh,All India except Central University,200121,"Rajmata Shrimata Devendra Kumari Singhdeo Government Medical College, Ambikapur (Surguja), Chhattisgarh, Kanyaparisar Road Gangapur Ambikapur District Surguja",All India,SC NO,2,Both
Chhattisgarh,All India except Central University,200121,"Rajmata Shrimata Devendra Kumari Singhdeo Government Medical College, Ambikapur (Surguja), Chhattisgarh, Kanyaparisar Road Gangapur Ambikapur District Surguja",All India,ST NO,1,Both
Chhattisgarh,All India except Central University,200577,"Shrimati Indira Gandhi Memorial Govt. Medical College, Kanker, Chattisgarh (previously Government Medical College, Kanker), Late Smt. Indira Gandhi Memorial Government Medical College, Kanker, Chhattisgarh",All India,BC NO,5,Both
Chhattisgarh,All India except Central University,200577,"Shrimati Indira Gandhi Memorial Govt. Medical College, Kanker, Chattisgarh (previously Government Medical College, Kanker), Late Smt. Indira Gandhi Memorial Government Medical College, Kanker, Chhattisgarh",All India,EW NO,2,Both
Chhattisgarh,All India except Central University,200577,"Shrimati Indira Gandhi Memorial Govt. Medical College, Kanker, Chattisgarh (previously Government Medical College, Kanker), Late Smt. Indira Gandhi Memorial Government Medical College, Kanker, Chhattisgarh",All India,OP NO,5,Both
Chhattisgarh,All India except Central University,200577,"Shrimati Indira Gandhi Memorial Govt. Medical College, Kanker, Chattisgarh (previously Government Medical College, Kanker), Late Smt. Indira Gandhi Memorial Government Medical College, Kanker, Chhattisgarh",All India,OP PH,1,Both
Chhattisgarh,All India except Central University,200577,"Shrimati Indira Gandhi Memorial Govt. Medical College, Kanker, Chattisgarh (previously Government Medical College, Kanker), Late Smt. Indira Gandhi Memorial Government Medical College, Kanker, Chhattisgarh",All India,SC NO,3,Both
Chhattisgarh,All India except Central University,200577,"Shrimati Indira Gandhi Memorial Govt. Medical College, Kanker, Chattisgarh (previously Government Medical College, Kanker), Late Smt. Indira Gandhi Memorial Government Medical College, Kanker, Chhattisgarh",All India,ST NO,2,Both
Delhi,All India Institute Of Medical Science(AIIMS),200502,"AIIMS, New Delhi, ANSARI NAGAR EAST, AUROBINDO MARG, NEW DELHI 110029",Foreign Country Quota,OP NO,7,Both
Delhi,All India Institute Of Medical Science(AIIMS),200502,"AIIMS, New Delhi, ANSARI NAGAR EAST, AUROBINDO MARG, NEW DELHI 110029",Open Seat Quota,BC NO,31,Both
Delhi,All India Institute Of Medical Science(AIIMS),200502,"AIIMS, New Delhi, ANSARI NAGAR EAST, AUROBINDO MARG, NEW DELHI 110029",Open Seat Quota,BC PH,2,Both
Delhi,All India Institute Of Medical Science(AIIMS),200502,"AIIMS, New Delhi, ANSARI NAGAR EAST, AUROBINDO MARG, NEW DELHI 110029",Open Seat Quota,EW NO,12,Both
Delhi,All India Institute Of Medical Science(AIIMS),200502,"AIIMS, New Delhi, ANSARI NAGAR EAST, AUROBINDO MARG, NEW DELHI 110029",Open Seat Quota,EW PH,1,Both
Delhi,All India Institute Of Medical Science(AIIMS),200502,"AIIMS, New Delhi, ANSARI NAGAR EAST, AUROBINDO MARG, NEW DELHI 110029",Open Seat Quota,OP NO,48,Both
Delhi,All India Institute Of Medical Science(AIIMS),200502,"AIIMS, New Delhi, ANSARI NAGAR EAST, AUROBINDO MARG, NEW DELHI 110029",Open Seat Quota,OP PH,2,Both
Delhi,All India Institute Of Medical Science(AIIMS),200502,"AIIMS, New Delhi, ANSARI NAGAR EAST, AUROBINDO MARG, NEW DELHI 110029",Open Seat Quota,SC NO,18,Both
Delhi,All India Institute Of Medical Science(AIIMS),200502,"AIIMS, New Delhi, ANSARI NAGAR EAST, AUROBINDO MARG, NEW DELHI 110029",Open Seat Quota,SC PH,1,Both
Delhi,All India Institute Of Medical Science(AIIMS),200502,"AIIMS, New Delhi, ANSARI NAGAR EAST, AUROBINDO MARG, NEW DELHI 110029",Open Seat Quota,ST NO,10,Both
Delhi,Central University,200498,"Atal Bihari Vajpayee Institute of Medical Sciences and Dr. RML Hospital, New Delhi, ABVIMS, Dr. RML Hospital, B.K.S. Marg, New Delhi",All India,BC NO,3,Both
Delhi,Central University,200498,"Atal Bihari Vajpayee Institute of Medical Sciences and Dr. RML Hospital, New Delhi, ABVIMS, Dr. RML Hospital, B.K.S. Marg, New Delhi",All India,BC PH,1,Both
Delhi,Central University,200498,"Atal Bihari Vajpayee Institute of Medical Sciences and Dr. RML Hospital, New Delhi, ABVIMS, Dr. RML Hospital, B.K.S. Marg, New Delhi",All India,EW NO,1,Both
Delhi,Central University,200498,"Atal Bihari Vajpayee Institute of Medical Sciences and Dr. RML Hospital, New Delhi, ABVIMS, Dr. RML Hospital, B.K.S. Marg, New Delhi",All India,OP NO,7,Both
Delhi,Central University,200498,"Atal Bihari Vajpayee Institute of Medical Sciences and Dr. RML Hospital, New Delhi, ABVIMS, Dr. RML Hospital, B.K.S. Marg, New Delhi",All India,SC NO,2,Both
Delhi,Central University,200498,"Atal Bihari Vajpayee Institute of Medical Sciences and Dr. RML Hospital, New Delhi, ABVIMS, Dr. RML Hospital, B.K.S. Marg, New Delhi",All India,ST NO,1,Both
Delhi,Central University,200498,"Atal Bihari Vajpayee Institute of Medical Sciences and Dr. RML Hospital, New Delhi, ABVIMS, Dr. RML Hospital, B.K.S. Marg, New Delhi",Delhi NCR Children/Widows of Personnel of the Armed Forces (CW) IP,BC NO,1,Both
Delhi,Central University,200498,"Atal Bihari Vajpayee Institute of Medical Sciences and Dr. RML Hospital, New Delhi, ABVIMS, Dr. RML Hospital, B.K.S. Marg, New Delhi",Delhi NCR Children/Widows of Personnel of the Armed Forces (CW) IP,EW NO,1,Both
Delhi,Central University,200498,"Atal Bihari Vajpayee Institute of Medical Sciences and Dr. RML Hospital, New Delhi, ABVIMS, Dr. RML Hospital, B.K.S. Marg, New Delhi",Delhi NCR Children/Widows of Personnel of the Armed Forces (CW) IP,OP NO,2,Both
Delhi,Central University,200498,"Atal Bihari Vajpayee Institute of Medical Sciences and Dr. RML Hospital, New Delhi, ABVIMS, Dr. RML Hospital, B.K.S. Marg, New Delhi",IP University Quota,BC NO,21,Both
Delhi,Central University,200498,"Atal Bihari Vajpayee Institute of Medical Sciences and Dr. RML Hospital, New Delhi, ABVIMS, Dr. RML Hospital, B.K.S. Marg, New Delhi",IP University Quota,BC PH,1,Both
Delhi,Central University,200498,"Atal Bihari Vajpayee Institute of Medical Sciences and Dr. RML Hospital, New Delhi, ABVIMS, Dr. RML Hospital, B.K.S. Marg, New Delhi",IP University Quota,EW NO,7,Both
Delhi,Central University,200498,"Atal Bihari Vajpayee Institute of Medical Sciences and Dr. RML Hospital, New Delhi, ABVIMS, Dr. RML Hospital, B.K.S. Marg, New Delhi",IP University Quota,EW PH,1,Both
Delhi,Central University,200498,"Atal Bihari Vajpayee Institute of Medical Sciences and Dr. RML Hospital, New Delhi, ABVIMS, Dr. RML Hospital, B.K.S. Marg, New Delhi",IP University Quota,OP NO,30,Both
Delhi,Central University,200498,"Atal Bihari Vajpayee Institute of Medical Sciences and Dr. RML Hospital, New Delhi, ABVIMS, Dr. RML Hospital, B.K.S. Marg, New Delhi",IP University Quota,OP PH,2,Both
Delhi,Central University,200498,"Atal Bihari Vajpayee Institute of Medical Sciences and Dr. RML Hospital, New Delhi, ABVIMS, Dr. RML Hospital, B.K.S. Marg, New Delhi",IP University Quota,SC NO,13,Both
Delhi,Central University,200498,"Atal Bihari Vajpayee Institute of Medical Sciences and Dr. RML Hospital, New Delhi, ABVIMS, Dr. RML Hospital, B.K.S. Marg, New Delhi",IP University Quota,ST NO,6,Both
Delhi,All India except Central University,904764,"Central Armed Police Forces Institute of Medical Sciences Maidangarhi (AIIMS CAPFIMS) Asola Delhi, AIIMS-CAPFIMS, Asola, Maidan Garhi, New Delhi",All India,BC NO,26,Both
Delhi,All India except Central University,904764,"Central Armed Police Forces Institute of Medical Sciences Maidangarhi (AIIMS CAPFIMS) Asola Delhi, AIIMS-CAPFIMS, Asola, Maidan Garhi, New Delhi",All India,BC PH,1,Both
Delhi,All India except Central University,904764,"Central Armed Police Forces Institute of Medical Sciences Maidangarhi (AIIMS CAPFIMS) Asola Delhi, AIIMS-CAPFIMS, Asola, Maidan Garhi, New Delhi",All India,EW NO,10,Both
Delhi,All India except Central University,904764,"Central Armed Police Forces Institute of Medical Sciences Maidangarhi (AIIMS CAPFIMS) Asola Delhi, AIIMS-CAPFIMS, Asola, Maidan Garhi, New Delhi",All India,OP NO,39,Both
Delhi,All India except Central University,904764,"Central Armed Police Forces Institute of Medical Sciences Maidangarhi (AIIMS CAPFIMS) Asola Delhi, AIIMS-CAPFIMS, Asola, Maidan Garhi, New Delhi",All India,OP PH,2,Both
Delhi,All India except Central University,904764,"Central Armed Police Forces Institute of Medical Sciences Maidangarhi (AIIMS CAPFIMS) Asola Delhi, AIIMS-CAPFIMS, Asola, Maidan Garhi, New Delhi",All India,SC NO,14,Both
Delhi,All India except Central University,904764,"Central Armed Police Forces Institute of Medical Sciences Maidangarhi (AIIMS CAPFIMS) Asola Delhi, AIIMS-CAPFIMS, Asola, Maidan Garhi, New Delhi",All India,SC PH,1,Both
Delhi,All India except Central University,904764,"Central Armed Police Forces Institute of Medical Sciences Maidangarhi (AIIMS CAPFIMS) Asola Delhi, AIIMS-CAPFIMS, Asola, Maidan Garhi, New Delhi",All India,ST NO,6,Both
Delhi,All India except Central University,904764,"Central Armed Police Forces Institute of Medical Sciences Maidangarhi (AIIMS CAPFIMS) Asola Delhi, AIIMS-CAPFIMS, Asola, Maidan Garhi, New Delhi",All India,ST PH,1,Both
Delhi,All India except Central University,200127,"Dr. Baba Saheb Ambedkar Medical College, Rohini, Delhi, DR.BABA SAHEB AMBEDKAR MEDICAL COLLEGE AND HOSPITAL, ROHINI SEC-6, DELHI-110085",All India,BC NO,5,Both
Delhi,All India except Central University,200127,"Dr. Baba Saheb Ambedkar Medical College, Rohini, Delhi, DR.BABA SAHEB AMBEDKAR MEDICAL COLLEGE AND HOSPITAL, ROHINI SEC-6, DELHI-110085",All India,EW NO,2,Both
Delhi,All India except Central University,200127,"Dr. Baba Saheb Ambedkar Medical College, Rohini, Delhi, DR.BABA SAHEB AMBEDKAR MEDICAL COLLEGE AND HOSPITAL, ROHINI SEC-6, DELHI-110085",All India,OP NO,7,Both
Delhi,All India except Central University,200127,"Dr. Baba Saheb Ambedkar Medical College, Rohini, Delhi, DR.BABA SAHEB AMBEDKAR MEDICAL COLLEGE AND HOSPITAL, ROHINI SEC-6, DELHI-110085",All India,SC NO,3,Both
Delhi,All India except Central University,200127,"Dr. Baba Saheb Ambedkar Medical College, Rohini, Delhi, DR.BABA SAHEB AMBEDKAR MEDICAL COLLEGE AND HOSPITAL, ROHINI SEC-6, DELHI-110085",All India,ST NO,2,Both
Delhi,All India except Central University,904361,"ESIC Medical College & Hospital, Basaidarapur, New Delhi, BASAIDARAPUR, NEW DELHI",All India,BC NO,2,Both
Delhi,All India except Central University,904361,"ESIC Medical College & Hospital, Basaidarapur, New Delhi, BASAIDARAPUR, NEW DELHI",All India,EW NO,1,Both
Delhi,All India except Central University,904361,"ESIC Medical College & Hospital, Basaidarapur, New Delhi, BASAIDARAPUR, NEW DELHI",All India,OP NO,3,Both
Delhi,All India except Central University,904361,"ESIC Medical College & Hospital, Basaidarapur, New Delhi, BASAIDARAPUR, NEW DELHI",All India,SC NO,1,Both
Delhi,All India except Central University,904361,"ESIC Medical College & Hospital, Basaidarapur, New Delhi, BASAIDARAPUR, NEW DELHI",Delhi NCR Children/Widows of Personnel of the,BC NO,1,Both
Delhi,All India except Central University,904361,"ESIC Medical College & Hospital, Basaidarapur, New Delhi, BASAIDARAPUR, NEW DELHI",Delhi NCR Children/Widows of Personnel of the,OP NO,1,Both
Delhi,All India except Central University,904361,"ESIC Medical College & Hospital, Basaidarapur, New Delhi, BASAIDARAPUR, NEW DELHI",Delhi NCR Children/Widows of Personnel of the,SC NO,1,Both
Delhi,All India except Central University,904361,"ESIC Medical College & Hospital, Basaidarapur, New Delhi, BASAIDARAPUR, NEW DELHI",IP University Quota,BC NO,9,Both
Delhi,All India except Central University,904361,"ESIC Medical College & Hospital, Basaidarapur, New Delhi, BASAIDARAPUR, NEW DELHI",IP University Quota,BC PH,1,Both
Delhi,All India except Central University,904361,"ESIC Medical College & Hospital, Basaidarapur, New Delhi, BASAIDARAPUR, NEW DELHI",IP University Quota,EW NO,4,Both
Delhi,All India except Central University,904361,"ESIC Medical College & Hospital, Basaidarapur, New Delhi, BASAIDARAPUR, NEW DELHI",IP University Quota,OP NO,16,Both
Delhi,All India except Central University,904361,"ESIC Medical College & Hospital, Basaidarapur, New Delhi, BASAIDARAPUR, NEW DELHI",IP University Quota,OP PH,1,Both
Delhi,All India except Central University,904361,"ESIC Medical College & Hospital, Basaidarapur, New Delhi, BASAIDARAPUR, NEW DELHI",IP University Quota,SC NO,5,Both
Delhi,All India except Central University,904361,"ESIC Medical College & Hospital, Basaidarapur, New Delhi, BASAIDARAPUR, NEW DELHI",IP University Quota,SC PH,1,Both
Delhi,All India except Central University,904361,"ESIC Medical College & Hospital, Basaidarapur, New Delhi, BASAIDARAPUR, NEW DELHI",IP University Quota,ST NO,3,Both
Delhi,Deemed University,200326,"Hamdard Institute of Medical Sciences & Research, New Delhi, HIMSR, Guru Ravidas Marg, Hamdard Nagar, New Delhi",Muslim Minority Quota,OP NO,75,Both
Delhi,Deemed University,200326,"Hamdard Institute of Medical Sciences & Research, New Delhi, HIMSR, Guru Ravidas Marg, Hamdard Nagar, New Delhi",Non-Resident Indian,OP NO,23,Both
Delhi,Deemed University,200326,"Hamdard Institute of Medical Sciences & Research, New Delhi, HIMSR, Guru Ravidas Marg, Hamdard Nagar, New Delhi",Self-Financed Merit Seat,OP NO,52,Both
Delhi,Central University,200448,"Lady Hardinge Medical College, New Delhi, Lady Hardinge Medical College, Shaheed Bhagat Singh Marg, New Delhi",All India,BC NO,9,Female Only
Delhi,Central University,200448,"Lady Hardinge Medical College, New Delhi, Lady Hardinge Medical College, Shaheed Bhagat Singh Marg, New Delhi",All India,BC PH,1,Female Only
Delhi,Central University,200448,"Lady Hardinge Medical College, New Delhi, Lady Hardinge Medical College, Shaheed Bhagat Singh Marg, New Delhi",All India,EW NO,2,Female Only
Delhi,Central University,200448,"Lady Hardinge Medical College, New Delhi, Lady Hardinge Medical College, Shaheed Bhagat Singh Marg, New Delhi",All India,EW PH,1,Female Only
Delhi,Central University,200448,"Lady Hardinge Medical College, New Delhi, Lady Hardinge Medical College, Shaheed Bhagat Singh Marg, New Delhi",All India,OP NO,13,Female Only
Delhi,Central University,200448,"Lady Hardinge Medical College, New Delhi, Lady Hardinge Medical College, Shaheed Bhagat Singh Marg, New Delhi",All India,OP PH,1,Female Only
Delhi,Central University,200448,"Lady Hardinge Medical College, New Delhi, Lady Hardinge Medical College, Shaheed Bhagat Singh Marg, New Delhi",All India,SC NO,6,Female Only
Delhi,Central University,200448,"Lady Hardinge Medical College, New Delhi, Lady Hardinge Medical College, Shaheed Bhagat Singh Marg, New Delhi",All India,ST NO,3,Female Only
Delhi,Central University,200448,"Lady Hardinge Medical College, New Delhi, Lady Hardinge Medical College, Shaheed Bhagat Singh Marg, New Delhi",Delhi NCR Children/Widows of Personnel of the,BC NO,3,Female Only
Delhi,Central University,200448,"Lady Hardinge Medical College, New Delhi, Lady Hardinge Medical College, Shaheed Bhagat Singh Marg, New Delhi",Delhi NCR Children/Widows of Personnel of the,EW NO,1,Female Only
Delhi,Central University,200448,"Lady Hardinge Medical College, New Delhi, Lady Hardinge Medical College, Shaheed Bhagat Singh Marg, New Delhi",Delhi NCR Children/Widows of Personnel of the,OP NO,4,Female Only
Delhi,Central University,200448,"Lady Hardinge Medical College, New Delhi, Lady Hardinge Medical College, Shaheed Bhagat Singh Marg, New Delhi",Delhi NCR Children/Widows of Personnel of the,SC NO,1,Female Only
Delhi,Central University,200448,"Lady Hardinge Medical College, New Delhi, Lady Hardinge Medical College, Shaheed Bhagat Singh Marg, New Delhi",Delhi NCR Children/Widows of Personnel of the,ST NO,1,Female Only
Delhi,Central University,200448,"Lady Hardinge Medical College, New Delhi, Lady Hardinge Medical College, Shaheed Bhagat Singh Marg, New Delhi",Delhi University Quota,BC NO,45,Female Only
Delhi,Central University,200448,"Lady Hardinge Medical College, New Delhi, Lady Hardinge Medical College, Shaheed Bhagat Singh Marg, New Delhi",Delhi University Quota,BC PH,3,Female Only
Delhi,Central University,200448,"Lady Hardinge Medical College, New Delhi, Lady Hardinge Medical College, Shaheed Bhagat Singh Marg, New Delhi",Delhi University Quota,EW NO,16,Female Only
Delhi,Central University,200448,"Lady Hardinge Medical College, New Delhi, Lady Hardinge Medical College, Shaheed Bhagat Singh Marg, New Delhi",Delhi University Quota,EW PH,1,Female Only
Delhi,Central University,200448,"Lady Hardinge Medical College, New Delhi, Lady Hardinge Medical College, Shaheed Bhagat Singh Marg, New Delhi",Delhi University Quota,OP NO,70,Female Only
Delhi,Central University,200448,"Lady Hardinge Medical College, New Delhi, Lady Hardinge Medical College, Shaheed Bhagat Singh Marg, New Delhi",Delhi University Quota,OP PH,4,Female Only
Delhi,Central University,200448,"Lady Hardinge Medical College, New Delhi, Lady Hardinge Medical College, Shaheed Bhagat Singh Marg, New Delhi",Delhi University Quota,SC NO,26,Female Only
Delhi,Central University,200448,"Lady Hardinge Medical College, New Delhi, Lady Hardinge Medical College, Shaheed Bhagat Singh Marg, New Delhi",Delhi University Quota,SC PH,1,Female Only
Delhi,Central University,200448,"Lady Hardinge Medical College, New Delhi, Lady Hardinge Medical College, Shaheed Bhagat Singh Marg, New Delhi",Delhi University Quota,ST NO,12,Female Only
Delhi,Central University,200448,"Lady Hardinge Medical College, New Delhi, Lady Hardinge Medical College, Shaheed Bhagat Singh Marg, New Delhi",Delhi University Quota,ST PH,1,Female Only
Delhi,Central University,200449,"Maulana Azad Medical College, New Delhi, 2 Bahadur Shah Zafar Marg New Delhi",All India,BC NO,10,Both
Delhi,Central University,200449,"Maulana Azad Medical College, New Delhi, 2 Bahadur Shah Zafar Marg New Delhi",All India,EW NO,4,Both
Delhi,Central University,200449,"Maulana Azad Medical College, New Delhi, 2 Bahadur Shah Zafar Marg New Delhi",All India,OP NO,14,Both
Delhi,Central University,200449,"Maulana Azad Medical College, New Delhi, 2 Bahadur Shah Zafar Marg New Delhi",All India,OP PH,1,Both
Delhi,Central University,200449,"Maulana Azad Medical College, New Delhi, 2 Bahadur Shah Zafar Marg New Delhi",All India,SC NO,5,Both
Delhi,Central University,200449,"Maulana Azad Medical College, New Delhi, 2 Bahadur Shah Zafar Marg New Delhi",All India,ST NO,3,Both
Delhi,Central University,200449,"Maulana Azad Medical College, New Delhi, 2 Bahadur Shah Zafar Marg New Delhi",Delhi NCR Children/Widows of,BC NO,3,Both
Delhi,Central University,200449,"Maulana Azad Medical College, New Delhi, 2 Bahadur Shah Zafar Marg New Delhi",Delhi NCR Children/Widows of,OP NO,5,Both
Delhi,Central University,200449,"Maulana Azad Medical College, New Delhi, 2 Bahadur Shah Zafar Marg New Delhi",Delhi NCR Children/Widows of,SC NO,1,Both
Delhi,Central University,200449,"Maulana Azad Medical College, New Delhi, 2 Bahadur Shah Zafar Marg New Delhi",Delhi NCR Children/Widows of,ST NO,1,Both
Delhi,Central University,200449,"Maulana Azad Medical College, New Delhi, 2 Bahadur Shah Zafar Marg New Delhi",Delhi University Quota,BC NO,50,Both
Delhi,Central University,200449,"Maulana Azad Medical College, New Delhi, 2 Bahadur Shah Zafar Marg New Delhi",Delhi University Quota,BC PH,3,Both
Delhi,Central University,200449,"Maulana Azad Medical College, New Delhi, 2 Bahadur Shah Zafar Marg New Delhi",Delhi University Quota,OP NO,94,Both
Delhi,Central University,200449,"Maulana Azad Medical College, New Delhi, 2 Bahadur Shah Zafar Marg New Delhi",Delhi University Quota,OP PH,5,Both
Delhi,Central University,200449,"Maulana Azad Medical College, New Delhi, 2 Bahadur Shah Zafar Marg New Delhi",Delhi University Quota,SC NO,29,Both
Delhi,Central University,200449,"Maulana Azad Medical College, New Delhi, 2 Bahadur Shah Zafar Marg New Delhi",Delhi University Quota,SC PH,1,Both
Delhi,Central University,200449,"Maulana Azad Medical College, New Delhi, 2 Bahadur Shah Zafar Marg New Delhi",Delhi University Quota,ST NO,14,Both
Delhi,Central University,200449,"Maulana Azad Medical College, New Delhi, 2 Bahadur Shah Zafar Marg New Delhi",Delhi University Quota,ST PH,1,Both
Delhi,All India except Central University,200132,"North Delhi Muncipal Corporation Medical College, Delhi, North Delhi Municipal Corporation Medical College and Hindu Rao Hospital, Malka Ganj",All India,BC NO,2,Both
Delhi,All India except Central University,200132,"North Delhi Muncipal Corporation Medical College, Delhi, North Delhi Municipal Corporation Medical College and Hindu Rao Hospital, Malka Ganj",All India,EW NO,1,Both
Delhi,All India except Central University,200132,"North Delhi Muncipal Corporation Medical College, Delhi, North Delhi Municipal Corporation Medical College and Hindu Rao Hospital, Malka Ganj",All India,OP NO,5,Both
Delhi,All India except Central University,200132,"North Delhi Muncipal Corporation Medical College, Delhi, North Delhi Municipal Corporation Medical College and Hindu Rao Hospital, Malka Ganj",All India,SC NO,1,Both
Delhi,Central University,200450,"University College of Medical Sciences & GTB Hospital, New Delhi, Dilshad Garden",All India,BC NO,6,Both
Delhi,Central University,200450,"University College of Medical Sciences & GTB Hospital, New Delhi, Dilshad Garden",All India,BC PH,1,Both
Delhi,Central University,200450,"University College of Medical Sciences & GTB Hospital, New Delhi, Dilshad Garden",All India,EW NO,3,Both
Delhi,Central University,200450,"University College of Medical Sciences & GTB Hospital, New Delhi, Dilshad Garden",All India,OP NO,8,Both
Delhi,Central University,200450,"University College of Medical Sciences & GTB Hospital, New Delhi, Dilshad Garden",All India,OP PH,1,Both
Delhi,Central University,200450,"University College of Medical Sciences & GTB Hospital, New Delhi, Dilshad Garden",All India,SC NO,3,Both
Delhi,Central University,200450,"University College of Medical Sciences & GTB Hospital, New Delhi, Dilshad Garden",All India,SC PH,1,Both
Delhi,Central University,200450,"University College of Medical Sciences & GTB Hospital, New Delhi, Dilshad Garden",All India,ST NO,2,Both
Delhi,Central University,200450,"University College of Medical Sciences & GTB Hospital, New Delhi, Dilshad Garden",Delhi NCR Children/Widows of,BC NO,2,Both
Delhi,Central University,200450,"University College of Medical Sciences & GTB Hospital, New Delhi, Dilshad Garden",Delhi NCR Children/Widows of,OP NO,3,Both
Delhi,Central University,200450,"University College of Medical Sciences & GTB Hospital, New Delhi, Dilshad Garden",Delhi NCR Children/Widows of,SC NO,1,Both
Delhi,Central University,200450,"University College of Medical Sciences & GTB Hospital, New Delhi, Dilshad Garden",Delhi NCR Children/Widows of,ST NO,1,Both
Delhi,Central University,200450,"University College of Medical Sciences & GTB Hospital, New Delhi, Dilshad Garden",Delhi University Quota,BC NO,35,Both
Delhi,Central University,200450,"University College of Medical Sciences & GTB Hospital, New Delhi, Dilshad Garden",Delhi University Quota,BC PH,2,Both
Delhi,Central University,200450,"University College of Medical Sciences & GTB Hospital, New Delhi, Dilshad Garden",Delhi University Quota,EW NO,9,Both
Delhi,Central University,200450,"University College of Medical Sciences & GTB Hospital, New Delhi, Dilshad Garden",Delhi University Quota,OP NO,58,Both
Delhi,Central University,200450,"University College of Medical Sciences & GTB Hospital, New Delhi, Dilshad Garden",Delhi University Quota,OP PH,3,Both
Delhi,Central University,200450,"University College of Medical Sciences & GTB Hospital, New Delhi, Dilshad Garden",Delhi University Quota,SC NO,20,Both
Delhi,Central University,200450,"University College of Medical Sciences & GTB Hospital, New Delhi, Dilshad Garden",Delhi University Quota,SC PH,1,Both
Delhi,Central University,200450,"University College of Medical Sciences & GTB Hospital, New Delhi, Dilshad Garden",Delhi University Quota,ST NO,10,Both
Delhi,Central University,200495,"Vardhman Mahavir Medical College & Safdarjung Hospital, Delhi, Vardhman Mahavir Medical College And Safdarjung Hospital, New Delhi, Delhi (NCT), 110029",All India,BC NO,7,Both
Delhi,Central University,200495,"Vardhman Mahavir Medical College & Safdarjung Hospital, Delhi, Vardhman Mahavir Medical College And Safdarjung Hospital, New Delhi, Delhi (NCT), 110029",All India,EW NO,2,Both
Delhi,Central University,200495,"Vardhman Mahavir Medical College & Safdarjung Hospital, Delhi, Vardhman Mahavir Medical College And Safdarjung Hospital, New Delhi, Delhi (NCT), 110029",All India,OP NO,10,Both
Delhi,Central University,200495,"Vardhman Mahavir Medical College & Safdarjung Hospital, Delhi, Vardhman Mahavir Medical College And Safdarjung Hospital, New Delhi, Delhi (NCT), 110029",All India,SC NO,4,Both
Delhi,Central University,200495,"Vardhman Mahavir Medical College & Safdarjung Hospital, Delhi, Vardhman Mahavir Medical College And Safdarjung Hospital, New Delhi, Delhi (NCT), 110029",All India,ST NO,2,Both
Delhi,Central University,200495,"Vardhman Mahavir Medical College & Safdarjung Hospital, Delhi, Vardhman Mahavir Medical College And Safdarjung Hospital, New Delhi, Delhi (NCT), 110029",Delhi NCR Children/Widows of Personnel of the Armed Forces (CW) IP,BC NO,1,Both
Delhi,Central University,200495,"Vardhman Mahavir Medical College & Safdarjung Hospital, Delhi, Vardhman Mahavir Medical College And Safdarjung Hospital, New Delhi, Delhi (NCT), 110029",Delhi NCR Children/Widows of Personnel of the Armed Forces (CW) IP,OP NO,3,Both
Delhi,Central University,200495,"Vardhman Mahavir Medical College & Safdarjung Hospital, Delhi, Vardhman Mahavir Medical College And Safdarjung Hospital, New Delhi, Delhi (NCT), 110029",IP University Quota,BC NO,36,Both
Delhi,Central University,200495,"Vardhman Mahavir Medical College & Safdarjung Hospital, Delhi, Vardhman Mahavir Medical College And Safdarjung Hospital, New Delhi, Delhi (NCT), 110029",IP University Quota,BC PH,1,Both
Delhi,Central University,200495,"Vardhman Mahavir Medical College & Safdarjung Hospital, Delhi, Vardhman Mahavir Medical College And Safdarjung Hospital, New Delhi, Delhi (NCT), 110029",IP University Quota,EW NO,13,Both
Delhi,Central University,200495,"Vardhman Mahavir Medical College & Safdarjung Hospital, Delhi, Vardhman Mahavir Medical College And Safdarjung Hospital, New Delhi, Delhi (NCT), 110029",IP University Quota,EW PH,1,Both
Delhi,Central University,200495,"Vardhman Mahavir Medical College & Safdarjung Hospital, Delhi, Vardhman Mahavir Medical College And Safdarjung Hospital, New Delhi, Delhi (NCT), 110029",IP University Quota,OP NO,50,Both
Delhi,Central University,200495,"Vardhman Mahavir Medical College & Safdarjung Hospital, Delhi, Vardhman Mahavir Medical College And Safdarjung Hospital, New Delhi, Delhi (NCT), 110029",IP University Quota,OP PH,3,Both
Delhi,Central University,200495,"Vardhman Mahavir Medical College & Safdarjung Hospital, Delhi, Vardhman Mahavir Medical College And Safdarjung Hospital, New Delhi, Delhi (NCT), 110029",IP University Quota,SC NO,19,Both
Delhi,Central University,200495,"Vardhman Mahavir Medical College & Safdarjung Hospital, Delhi, Vardhman Mahavir Medical College And Safdarjung Hospital, New Delhi, Delhi (NCT), 110029",IP University Quota,SC PH,1,Both
Delhi,Central University,200495,"Vardhman Mahavir Medical College & Safdarjung Hospital, Delhi, Vardhman Mahavir Medical College And Safdarjung Hospital, New Delhi, Delhi (NCT), 110029",IP University Quota,ST NO,10,Both
Delhi,Central University,200495,"Vardhman Mahavir Medical College & Safdarjung Hospital, Delhi, Vardhman Mahavir Medical College And Safdarjung Hospital, New Delhi, Delhi (NCT), 110029",IP University Quota,ST PH,1,Both
Goa,All India except Central University,200136,"Goa Medical College, Panaji, RAJIV GANDHI MEDICAL COMPLEX, BAMBOLIM, GOA",All India,BC NO,9,Both
Goa,All India except Central University,200136,"Goa Medical College, Panaji, RAJIV GANDHI MEDICAL COMPLEX, BAMBOLIM, GOA",All India,BC PH,1,Both
Goa,All India except Central University,200136,"Goa Medical College, Panaji, RAJIV GANDHI MEDICAL COMPLEX, BAMBOLIM, GOA",All India,EW NO,4,Both
Goa,All India except Central University,200136,"Goa Medical College, Panaji, RAJIV GANDHI MEDICAL COMPLEX, BAMBOLIM, GOA",All India,OP NO,14,Both
Goa,All India except Central University,200136,"Goa Medical College, Panaji, RAJIV GANDHI MEDICAL COMPLEX, BAMBOLIM, GOA",All India,OP PH,1,Both
Goa,All India except Central University,200136,"Goa Medical College, Panaji, RAJIV GANDHI MEDICAL COMPLEX, BAMBOLIM, GOA",All India,SC NO,5,Both
Goa,All India except Central University,200136,"Goa Medical College, Panaji, RAJIV GANDHI MEDICAL COMPLEX, BAMBOLIM, GOA",All India,ST NO,3,Both
Gujarat,All India Institute Of Medical Science(AIIMS),200520,"AIIMS Rajkot, Admission cell, Academic section, First floor, Academic block, Permanent Campus, AIIMS Rajkot, Khand",Open Seat Quota,BC NO,20,Both
Gujarat,All India Institute Of Medical Science(AIIMS),200520,"AIIMS Rajkot, Admission cell, Academic section, First floor, Academic block, Permanent Campus, AIIMS Rajkot, Khand",Open Seat Quota,BC PH,1,Both
Gujarat,All India Institute Of Medical Science(AIIMS),200520,"AIIMS Rajkot, Admission cell, Academic section, First floor, Academic block, Permanent Campus, AIIMS Rajkot, Khand",Open Seat Quota,EW NO,7,Both
Gujarat,All India Institute Of Medical Science(AIIMS),200520,"AIIMS Rajkot, Admission cell, Academic section, First floor, Academic block, Permanent Campus, AIIMS Rajkot, Khand",Open Seat Quota,OP NO,29,Both
Gujarat,All India Institute Of Medical Science(AIIMS),200520,"AIIMS Rajkot, Admission cell, Academic section, First floor, Academic block, Permanent Campus, AIIMS Rajkot, Khand",Open Seat Quota,OP PH,2,Both
Gujarat,All India Institute Of Medical Science(AIIMS),200520,"AIIMS Rajkot, Admission cell, Academic section, First floor, Academic block, Permanent Campus, AIIMS Rajkot, Khand",Open Seat Quota,SC NO,11,Both
Gujarat,All India Institute Of Medical Science(AIIMS),200520,"AIIMS Rajkot, Admission cell, Academic section, First floor, Academic block, Permanent Campus, AIIMS Rajkot, Khand",Open Seat Quota,ST NO,5,Both
Gujarat,All India except Central University,200137,"B J Medical College, Ahmedabad, B.J. Medical College, New Civil Hospital Campus, Asarwa, Ahmedabad 380016",All India,BC NO,10,Both
Gujarat,All India except Central University,200137,"B J Medical College, Ahmedabad, B.J. Medical College, New Civil Hospital Campus, Asarwa, Ahmedabad 380016",All India,EW NO,4,Both
Gujarat,All India except Central University,200137,"B J Medical College, Ahmedabad, B.J. Medical College, New Civil Hospital Campus, Asarwa, Ahmedabad 380016",All India,OP NO,14,Both
Gujarat,All India except Central University,200137,"B J Medical College, Ahmedabad, B.J. Medical College, New Civil Hospital Campus, Asarwa, Ahmedabad 380016",All India,SC NO,6,Both
Gujarat,All India except Central University,200137,"B J Medical College, Ahmedabad, B.J. Medical College, New Civil Hospital Campus, Asarwa, Ahmedabad 380016",All India,ST NO,3,Both
Gujarat,All India except Central University,904366,"ESIC MEDICAL COLLEGE NARODA BAPUNAGAR, AHMEDABAD , D 34,Balbhavan Road,Opposite Khokhra Municipal Swimming Pool, Khokhra Maninagar East, Ahmedabad – 38",All India,BC NO,2,Both
Gujarat,All India except Central University,904366,"ESIC MEDICAL COLLEGE NARODA BAPUNAGAR, AHMEDABAD , D 34,Balbhavan Road,Opposite Khokhra Municipal Swimming Pool, Khokhra Maninagar East, Ahmedabad – 38",All India,EW PH,1,Both
Gujarat,All India except Central University,904366,"ESIC MEDICAL COLLEGE NARODA BAPUNAGAR, AHMEDABAD , D 34,Balbhavan Road,Opposite Khokhra Municipal Swimming Pool, Khokhra Maninagar East, Ahmedabad – 38",All India,OP NO,2,Both
Gujarat,All India except Central University,904366,"ESIC MEDICAL COLLEGE NARODA BAPUNAGAR, AHMEDABAD , D 34,Balbhavan Road,Opposite Khokhra Municipal Swimming Pool, Khokhra Maninagar East, Ahmedabad – 38",All India,OP PH,1,Both
Gujarat,All India except Central University,904366,"ESIC MEDICAL COLLEGE NARODA BAPUNAGAR, AHMEDABAD , D 34,Balbhavan Road,Opposite Khokhra Municipal Swimming Pool, Khokhra Maninagar East, Ahmedabad – 38",All India,SC NO,1,Both
Gujarat,All India except Central University,904366,"ESIC MEDICAL COLLEGE NARODA BAPUNAGAR, AHMEDABAD , D 34,Balbhavan Road,Opposite Khokhra Municipal Swimming Pool, Khokhra Maninagar East, Ahmedabad – 38",Employees State Insurance Scheme(ESI),BC NO,7,Both
Gujarat,All India except Central University,904366,"ESIC MEDICAL COLLEGE NARODA BAPUNAGAR, AHMEDABAD , D 34,Balbhavan Road,Opposite Khokhra Municipal Swimming Pool, Khokhra Maninagar East, Ahmedabad – 38",Employees State Insurance Scheme(ESI),EW NO,2,Both
Gujarat,All India except Central University,904366,"ESIC MEDICAL COLLEGE NARODA BAPUNAGAR, AHMEDABAD , D 34,Balbhavan Road,Opposite Khokhra Municipal Swimming Pool, Khokhra Maninagar East, Ahmedabad – 38",Employees State Insurance Scheme(ESI),OP NO,10,Both
Gujarat,All India except Central University,904366,"ESIC MEDICAL COLLEGE NARODA BAPUNAGAR, AHMEDABAD , D 34,Balbhavan Road,Opposite Khokhra Municipal Swimming Pool, Khokhra Maninagar East, Ahmedabad – 38",Employees State Insurance Scheme(ESI),OP PH,1,Both
Gujarat,All India except Central University,904366,"ESIC MEDICAL COLLEGE NARODA BAPUNAGAR, AHMEDABAD , D 34,Balbhavan Road,Opposite Khokhra Municipal Swimming Pool, Khokhra Maninagar East, Ahmedabad – 38",Employees State Insurance Scheme(ESI),SC NO,4,Both
Gujarat,All India except Central University,904366,"ESIC MEDICAL COLLEGE NARODA BAPUNAGAR, AHMEDABAD , D 34,Balbhavan Road,Opposite Khokhra Municipal Swimming Pool, Khokhra Maninagar East, Ahmedabad – 38",Employees State Insurance Scheme(ESI),ST NO,1,Both
Gujarat,All India except Central University,200633,"GMERS Medical College, Navsari, GMERS Medical College, At- Khambhlav, Po- Sultanpur, Via- Abrama, Ta - Jalalpore, Dist - Navsari",All India,BC NO,4,Both
Gujarat,All India except Central University,200633,"GMERS Medical College, Navsari, GMERS Medical College, At- Khambhlav, Po- Sultanpur, Via- Abrama, Ta - Jalalpore, Dist - Navsari",All India,EW NO,1,Both
Gujarat,All India except Central University,200633,"GMERS Medical College, Navsari, GMERS Medical College, At- Khambhlav, Po- Sultanpur, Via- Abrama, Ta - Jalalpore, Dist - Navsari",All India,OP NO,7,Both
Gujarat,All India except Central University,200633,"GMERS Medical College, Navsari, GMERS Medical College, At- Khambhlav, Po- Sultanpur, Via- Abrama, Ta - Jalalpore, Dist - Navsari",All India,SC NO,1,Both
Gujarat,All India except Central University,200633,"GMERS Medical College, Navsari, GMERS Medical College, At- Khambhlav, Po- Sultanpur, Via- Abrama, Ta - Jalalpore, Dist - Navsari",All India,SC PH,1,Both
Gujarat,All India except Central University,200633,"GMERS Medical College, Navsari, GMERS Medical College, At- Khambhlav, Po- Sultanpur, Via- Abrama, Ta - Jalalpore, Dist - Navsari",All India,ST PH,1,Both
Gujarat,All India except Central University,200632,"GMERS Medical College, Rajpipla, GMERS Medical College, Rajpipla Near Jakat Naka, Vadia Palace, Rajpipla Dist Narmada, GUJARAT.",All India,BC NO,3,Both
Gujarat,All India except Central University,200632,"GMERS Medical College, Rajpipla, GMERS Medical College, Rajpipla Near Jakat Naka, Vadia Palace, Rajpipla Dist Narmada, GUJARAT.",All India,BC PH,1,Both
Gujarat,All India except Central University,200632,"GMERS Medical College, Rajpipla, GMERS Medical College, Rajpipla Near Jakat Naka, Vadia Palace, Rajpipla Dist Narmada, GUJARAT.",All India,EW NO,1,Both
Gujarat,All India except Central University,200632,"GMERS Medical College, Rajpipla, GMERS Medical College, Rajpipla Near Jakat Naka, Vadia Palace, Rajpipla Dist Narmada, GUJARAT.",All India,OP NO,6,Both
Gujarat,All India except Central University,200632,"GMERS Medical College, Rajpipla, GMERS Medical College, Rajpipla Near Jakat Naka, Vadia Palace, Rajpipla Dist Narmada, GUJARAT.",All India,SC NO,3,Both
Gujarat,All India except Central University,200632,"GMERS Medical College, Rajpipla, GMERS Medical College, Rajpipla Near Jakat Naka, Vadia Palace, Rajpipla Dist Narmada, GUJARAT.",All India,ST NO,1,Both
Gujarat,All India except Central University,200143,"Government Medical College, Bhavnagar, Government Medical College, Near Life Science Department, Gradi Gate, Maharaja Krishnakumarsinghji B",All India,BC NO,8,Both
Gujarat,All India except Central University,200143,"Government Medical College, Bhavnagar, Government Medical College, Near Life Science Department, Gradi Gate, Maharaja Krishnakumarsinghji B",All India,EW NO,3,Both
Gujarat,All India except Central University,200143,"Government Medical College, Bhavnagar, Government Medical College, Near Life Science Department, Gradi Gate, Maharaja Krishnakumarsinghji B",All India,OP NO,11,Both
Gujarat,All India except Central University,200143,"Government Medical College, Bhavnagar, Government Medical College, Near Life Science Department, Gradi Gate, Maharaja Krishnakumarsinghji B",All India,OP PH,1,Both
Gujarat,All India except Central University,200143,"Government Medical College, Bhavnagar, Government Medical College, Near Life Science Department, Gradi Gate, Maharaja Krishnakumarsinghji B",All India,SC NO,4,Both
Gujarat,All India except Central University,200143,"Government Medical College, Bhavnagar, Government Medical College, Near Life Science Department, Gradi Gate, Maharaja Krishnakumarsinghji B",All India,ST NO,3,Both
Gujarat,All India except Central University,200635,"Government Medical College, Morbi , Rajkot-Morbi Highway, Opp Toyota Showroom, Sakat Shanala, Morbi, Gujarat",All India,BC NO,4,Both
Gujarat,All India except Central University,200635,"Government Medical College, Morbi , Rajkot-Morbi Highway, Opp Toyota Showroom, Sakat Shanala, Morbi, Gujarat",All India,EW NO,2,Both
Gujarat,All India except Central University,200635,"Government Medical College, Morbi , Rajkot-Morbi Highway, Opp Toyota Showroom, Sakat Shanala, Morbi, Gujarat",All India,OP NO,6,Both
Gujarat,All India except Central University,200635,"Government Medical College, Morbi , Rajkot-Morbi Highway, Opp Toyota Showroom, Sakat Shanala, Morbi, Gujarat",All India,SC NO,2,Both
Gujarat,All India except Central University,200635,"Government Medical College, Morbi , Rajkot-Morbi Highway, Opp Toyota Showroom, Sakat Shanala, Morbi, Gujarat",All India,ST NO,1,Both
Gujarat,All India except Central University,200637,"Government Medical College, Panchmahal Godhra, GMERS Medical College Panchmahal Godhra, Near New RTO, Chanchopa, Godhra, Dist: Panchmahal, GUJARAT",All India,BC NO,4,Both
Gujarat,All India except Central University,200637,"Government Medical College, Panchmahal Godhra, GMERS Medical College Panchmahal Godhra, Near New RTO, Chanchopa, Godhra, Dist: Panchmahal, GUJARAT",All India,EW NO,1,Both
Gujarat,All India except Central University,200637,"Government Medical College, Panchmahal Godhra, GMERS Medical College Panchmahal Godhra, Near New RTO, Chanchopa, Godhra, Dist: Panchmahal, GUJARAT",All India,OP NO,6,Both
Gujarat,All India except Central University,200637,"Government Medical College, Panchmahal Godhra, GMERS Medical College Panchmahal Godhra, Near New RTO, Chanchopa, Godhra, Dist: Panchmahal, GUJARAT",All India,SC NO,3,Both
Gujarat,All India except Central University,200637,"Government Medical College, Panchmahal Godhra, GMERS Medical College Panchmahal Godhra, Near New RTO, Chanchopa, Godhra, Dist: Panchmahal, GUJARAT",All India,ST NO,1,Both
Gujarat,All India except Central University,200636,"Government Medical College, Porbandar, Behind ITI and Navoday Vidyalay, Dharampur, Porbandar",All India,BC NO,3,Both
Gujarat,All India except Central University,200636,"Government Medical College, Porbandar, Behind ITI and Navoday Vidyalay, Dharampur, Porbandar",All India,BC PH,1,Both
Gujarat,All India except Central University,200636,"Government Medical College, Porbandar, Behind ITI and Navoday Vidyalay, Dharampur, Porbandar",All India,EW NO,2,Both
Gujarat,All India except Central University,200636,"Government Medical College, Porbandar, Behind ITI and Navoday Vidyalay, Dharampur, Porbandar",All India,OP NO,5,Both
Gujarat,All India except Central University,200636,"Government Medical College, Porbandar, Behind ITI and Navoday Vidyalay, Dharampur, Porbandar",All India,OP PH,1,Both
Gujarat,All India except Central University,200636,"Government Medical College, Porbandar, Behind ITI and Navoday Vidyalay, Dharampur, Porbandar",All India,SC NO,2,Both
Gujarat,All India except Central University,200636,"Government Medical College, Porbandar, Behind ITI and Navoday Vidyalay, Dharampur, Porbandar",All India,ST NO,1,Both
Gujarat,All India except Central University,200138,"Government Medical College, Surat, Out Side Majura Gate, New Civil Hospital Campus, Opp. Income Tax office, Surat - 395001",All India,BC NO,10,Both
Gujarat,All India except Central University,200138,"Government Medical College, Surat, Out Side Majura Gate, New Civil Hospital Campus, Opp. Income Tax office, Surat - 395001",All India,EW NO,3,Both
Gujarat,All India except Central University,200138,"Government Medical College, Surat, Out Side Majura Gate, New Civil Hospital Campus, Opp. Income Tax office, Surat - 395001",All India,OP NO,15,Both
Gujarat,All India except Central University,200138,"Government Medical College, Surat, Out Side Majura Gate, New Civil Hospital Campus, Opp. Income Tax office, Surat - 395001",All India,OP PH,1,Both
Gujarat,All India except Central University,200138,"Government Medical College, Surat, Out Side Majura Gate, New Civil Hospital Campus, Opp. Income Tax office, Surat - 395001",All India,SC NO,5,Both
Gujarat,All India except Central University,200138,"Government Medical College, Surat, Out Side Majura Gate, New Civil Hospital Campus, Opp. Income Tax office, Surat - 395001",All India,SC PH,1,Both
Gujarat,All India except Central University,200138,"Government Medical College, Surat, Out Side Majura Gate, New Civil Hospital Campus, Opp. Income Tax office, Surat - 395001",All India,ST NO,3,Both
Gujarat,All India except Central University,200142,"Medical College, Baroda, Government Medical College Baroda, Anandpura, Vadodara Pin No 390001",All India,BC NO,9,Both
Gujarat,All India except Central University,200142,"Medical College, Baroda, Government Medical College Baroda, Anandpura, Vadodara Pin No 390001",All India,BC PH,1,Both
Gujarat,All India except Central University,200142,"Medical College, Baroda, Government Medical College Baroda, Anandpura, Vadodara Pin No 390001",All India,EW NO,4,Both
Gujarat,All India except Central University,200142,"Medical College, Baroda, Government Medical College Baroda, Anandpura, Vadodara Pin No 390001",All India,OP NO,15,Both
Gujarat,All India except Central University,200142,"Medical College, Baroda, Government Medical College Baroda, Anandpura, Vadodara Pin No 390001",All India,SC NO,5,Both
Gujarat,All India except Central University,200142,"Medical College, Baroda, Government Medical College Baroda, Anandpura, Vadodara Pin No 390001",All India,ST NO,3,Both
Gujarat,All India except Central University,200141,"MP Shah Medical College, Jamnagar, PANDIT NEHRU MARG, JAMNAGAR 361008",All India,BC NO,10,Both
Gujarat,All India except Central University,200141,"MP Shah Medical College, Jamnagar, PANDIT NEHRU MARG, JAMNAGAR 361008",All India,EW NO,3,Both
Gujarat,All India except Central University,200141,"MP Shah Medical College, Jamnagar, PANDIT NEHRU MARG, JAMNAGAR 361008",All India,EW PH,1,Both
Gujarat,All India except Central University,200141,"MP Shah Medical College, Jamnagar, PANDIT NEHRU MARG, JAMNAGAR 361008",All India,OP NO,14,Both
Gujarat,All India except Central University,200141,"MP Shah Medical College, Jamnagar, PANDIT NEHRU MARG, JAMNAGAR 361008",All India,OP PH,1,Both
Gujarat,All India except Central University,200141,"MP Shah Medical College, Jamnagar, PANDIT NEHRU MARG, JAMNAGAR 361008",All India,SC NO,6,Both
Gujarat,All India except Central University,200141,"MP Shah Medical College, Jamnagar, PANDIT NEHRU MARG, JAMNAGAR 361008",All India,ST NO,3,Both
Gujarat,All India except Central University,200144,"Pandit Deendayal Upadhyay Medical College, Rajkot, Civil Hospital Campus, Jamnagar Road Rajkot 360001",All India,BC NO,7,Both
Gujarat,All India except Central University,200144,"Pandit Deendayal Upadhyay Medical College, Rajkot, Civil Hospital Campus, Jamnagar Road Rajkot 360001",All India,BC PH,1,Both
Gujarat,All India except Central University,200144,"Pandit Deendayal Upadhyay Medical College, Rajkot, Civil Hospital Campus, Jamnagar Road Rajkot 360001",All India,EW NO,3,Both
Gujarat,All India except Central University,200144,"Pandit Deendayal Upadhyay Medical College, Rajkot, Civil Hospital Campus, Jamnagar Road Rajkot 360001",All India,OP NO,12,Both
Gujarat,All India except Central University,200144,"Pandit Deendayal Upadhyay Medical College, Rajkot, Civil Hospital Campus, Jamnagar Road Rajkot 360001",All India,OP PH,1,Both
Gujarat,All India except Central University,200144,"Pandit Deendayal Upadhyay Medical College, Rajkot, Civil Hospital Campus, Jamnagar Road Rajkot 360001",All India,SC NO,4,Both
Gujarat,All India except Central University,200144,"Pandit Deendayal Upadhyay Medical College, Rajkot, Civil Hospital Campus, Jamnagar Road Rajkot 360001",All India,ST NO,2,Both
Gujarat,Deemed University,200330,"SBKS Medical Instt. & Research Centre, Vadodra, Sumandeep Vidyapeeth Deemed to be University Campus, At. Po.Piparia, Tal.Waghodia, Dist.Vadodara",Jain Minority Quota,OP NO,106,Both
Gujarat,Deemed University,200330,"SBKS Medical Instt. & Research Centre, Vadodra, Sumandeep Vidyapeeth Deemed to be University Campus, At. Po.Piparia, Tal.Waghodia, Dist.Vadodara",Non-Resident Indian,OP NO,37,Both
Gujarat,Deemed University,200330,"SBKS Medical Instt. & Research Centre, Vadodra, Sumandeep Vidyapeeth Deemed to be University Campus, At. Po.Piparia, Tal.Waghodia, Dist.Vadodara",Self-Financed Merit Seat,OP NO,107,Both
Haryana,All India Institute Of Medical Science(AIIMS),904759,"All India Institute of Medical Sciences, Rewari, Director Office, AIIMS Rewari (Majra M. Bhalkhi) , Haryana , 123102 , India",Open Seat Quota,BC NO,12,Both
Haryana,All India Institute Of Medical Science(AIIMS),904759,"All India Institute of Medical Sciences, Rewari, Director Office, AIIMS Rewari (Majra M. Bhalkhi) , Haryana , 123102 , India",Open Seat Quota,BC PH,1,Both
Haryana,All India Institute Of Medical Science(AIIMS),904759,"All India Institute of Medical Sciences, Rewari, Director Office, AIIMS Rewari (Majra M. Bhalkhi) , Haryana , 123102 , India",Open Seat Quota,EW NO,5,Both
Haryana,All India Institute Of Medical Science(AIIMS),904759,"All India Institute of Medical Sciences, Rewari, Director Office, AIIMS Rewari (Majra M. Bhalkhi) , Haryana , 123102 , India",Open Seat Quota,OP NO,19,Both
Haryana,All India Institute Of Medical Science(AIIMS),904759,"All India Institute of Medical Sciences, Rewari, Director Office, AIIMS Rewari (Majra M. Bhalkhi) , Haryana , 123102 , India",Open Seat Quota,OP PH,1,Both
Haryana,All India Institute Of Medical Science(AIIMS),904759,"All India Institute of Medical Sciences, Rewari, Director Office, AIIMS Rewari (Majra M. Bhalkhi) , Haryana , 123102 , India",Open Seat Quota,SC NO,7,Both
Haryana,All India Institute Of Medical Science(AIIMS),904759,"All India Institute of Medical Sciences, Rewari, Director Office, AIIMS Rewari (Majra M. Bhalkhi) , Haryana , 123102 , India",Open Seat Quota,SC PH,1,Both
Haryana,All India Institute Of Medical Science(AIIMS),904759,"All India Institute of Medical Sciences, Rewari, Director Office, AIIMS Rewari (Majra M. Bhalkhi) , Haryana , 123102 , India",Open Seat Quota,ST NO,3,Both
Haryana,All India Institute Of Medical Science(AIIMS),904759,"All India Institute of Medical Sciences, Rewari, Director Office, AIIMS Rewari (Majra M. Bhalkhi) , Haryana , 123102 , India",Open Seat Quota,ST PH,1,Both
Haryana,Deemed University,200646,"Amrita School of Medicine, Mata Amritanandmayi Marg, Sector- 88, Faridabad",Non-Resident Indian,OP NO,15,Both
Haryana,Deemed University,200646,"Amrita School of Medicine, Mata Amritanandmayi Marg, Sector- 88, Faridabad",Self-Financed Merit Seat,OP NO,135,Both
Haryana,All India except Central University,200145,"BPS Government Medical College for Women, Sonepat, DIRECTOR, BPS GOVT MEDICAL COLLEGE FOR WOMEN KHANPUR KALAN SONEPAT-131305",All India,BC NO,6,Female Only
Haryana,All India except Central University,200145,"BPS Government Medical College for Women, Sonepat, DIRECTOR, BPS GOVT MEDICAL COLLEGE FOR WOMEN KHANPUR KALAN SONEPAT-131305",All India,EW NO,2,Female Only
Haryana,All India except Central University,200145,"BPS Government Medical College for Women, Sonepat, DIRECTOR, BPS GOVT MEDICAL COLLEGE FOR WOMEN KHANPUR KALAN SONEPAT-131305",All India,OP NO,6,Female Only
Haryana,All India except Central University,200145,"BPS Government Medical College for Women, Sonepat, DIRECTOR, BPS GOVT MEDICAL COLLEGE FOR WOMEN KHANPUR KALAN SONEPAT-131305",All India,SC NO,3,Female Only
Haryana,All India except Central University,200145,"BPS Government Medical College for Women, Sonepat, DIRECTOR, BPS GOVT MEDICAL COLLEGE FOR WOMEN KHANPUR KALAN SONEPAT-131305",All India,ST NO,1,Female Only
Haryana,Employees State Insurance Scheme,200409,"Employees State Insurance Corporation Medical College, Faridabad, NH 3 NIT FARIDABAD, Haryana, 121001",All India,BC NO,5,Both
Haryana,Employees State Insurance Scheme,200409,"Employees State Insurance Corporation Medical College, Faridabad, NH 3 NIT FARIDABAD, Haryana, 121001",All India,EW NO,2,Both
Haryana,Employees State Insurance Scheme,200409,"Employees State Insurance Corporation Medical College, Faridabad, NH 3 NIT FARIDABAD, Haryana, 121001",All India,OP NO,10,Both
Haryana,Employees State Insurance Scheme,200409,"Employees State Insurance Corporation Medical College, Faridabad, NH 3 NIT FARIDABAD, Haryana, 121001",All India,SC NO,2,Both
Haryana,Employees State Insurance Scheme,200409,"Employees State Insurance Corporation Medical College, Faridabad, NH 3 NIT FARIDABAD, Haryana, 121001",All India,SC PH,1,Both
Haryana,Employees State Insurance Scheme,200409,"Employees State Insurance Corporation Medical College, Faridabad, NH 3 NIT FARIDABAD, Haryana, 121001",All India,ST NO,1,Both
Haryana,Employees State Insurance Scheme,200409,"Employees State Insurance Corporation Medical College, Faridabad, NH 3 NIT FARIDABAD, Haryana, 121001",All India,ST PH,1,Both
Haryana,Employees State Insurance Scheme,200409,"Employees State Insurance Corporation Medical College, Faridabad, NH 3 NIT FARIDABAD, Haryana, 121001",Employees State Insurance Scheme(ESI),BC NO,13,Both
Haryana,Employees State Insurance Scheme,200409,"Employees State Insurance Corporation Medical College, Faridabad, NH 3 NIT FARIDABAD, Haryana, 121001",Employees State Insurance Scheme(ESI),BC PH,1,Both
Haryana,Employees State Insurance Scheme,200409,"Employees State Insurance Corporation Medical College, Faridabad, NH 3 NIT FARIDABAD, Haryana, 121001",Employees State Insurance Scheme(ESI),EW NO,5,Both
Haryana,Employees State Insurance Scheme,200409,"Employees State Insurance Corporation Medical College, Faridabad, NH 3 NIT FARIDABAD, Haryana, 121001",Employees State Insurance Scheme(ESI),EW PH,1,Both
Haryana,Employees State Insurance Scheme,200409,"Employees State Insurance Corporation Medical College, Faridabad, NH 3 NIT FARIDABAD, Haryana, 121001",Employees State Insurance Scheme(ESI),OP NO,20,Both
Haryana,Employees State Insurance Scheme,200409,"Employees State Insurance Corporation Medical College, Faridabad, NH 3 NIT FARIDABAD, Haryana, 121001",Employees State Insurance Scheme(ESI),OP PH,1,Both
Haryana,Employees State Insurance Scheme,200409,"Employees State Insurance Corporation Medical College, Faridabad, NH 3 NIT FARIDABAD, Haryana, 121001",Employees State Insurance Scheme(ESI),SC NO,8,Both
Haryana,Employees State Insurance Scheme,200409,"Employees State Insurance Corporation Medical College, Faridabad, NH 3 NIT FARIDABAD, Haryana, 121001",Employees State Insurance Scheme(ESI),ST NO,4,Both
Haryana,All India except Central University,200148,"Kalpana Chawala Govt. Medical College, Karnal, Haryana, Kalpana Chawla Govt. Medical College,Karnal, Haryana",All India,BC NO,5,Both
Haryana,All India except Central University,200148,"Kalpana Chawala Govt. Medical College, Karnal, Haryana, Kalpana Chawla Govt. Medical College,Karnal, Haryana",All India,EW NO,2,Both
Haryana,All India except Central University,200148,"Kalpana Chawala Govt. Medical College, Karnal, Haryana, Kalpana Chawla Govt. Medical College,Karnal, Haryana",All India,OP NO,6,Both
Haryana,All India except Central University,200148,"Kalpana Chawala Govt. Medical College, Karnal, Haryana, Kalpana Chawla Govt. Medical College,Karnal, Haryana",All India,OP PH,1,Both
Haryana,All India except Central University,200148,"Kalpana Chawala Govt. Medical College, Karnal, Haryana, Kalpana Chawla Govt. Medical College,Karnal, Haryana",All India,SC NO,3,Both
Haryana,All India except Central University,200148,"Kalpana Chawala Govt. Medical College, Karnal, Haryana, Kalpana Chawla Govt. Medical College,Karnal, Haryana",All India,ST NO,1,Both
Haryana,All India except Central University,904353,"Maharishi Chyawan Medical College, Koriawas, dirkoriawasgmc@gmail.com",All India,BC NO,3,Both
Haryana,All India except Central University,904353,"Maharishi Chyawan Medical College, Koriawas, dirkoriawasgmc@gmail.com",All India,BC PH,1,Both
Haryana,All India except Central University,904353,"Maharishi Chyawan Medical College, Koriawas, dirkoriawasgmc@gmail.com",All India,EW NO,1,Both
Haryana,All India except Central University,904353,"Maharishi Chyawan Medical College, Koriawas, dirkoriawasgmc@gmail.com",All India,OP NO,7,Both
Haryana,All India except Central University,904353,"Maharishi Chyawan Medical College, Koriawas, dirkoriawasgmc@gmail.com",All India,SC NO,2,Both
Haryana,All India except Central University,904353,"Maharishi Chyawan Medical College, Koriawas, dirkoriawasgmc@gmail.com",All India,ST NO,1,Both
Haryana,Deemed University,200332,"Maharishi Markandeshwar Institute Of Medical Sciences & Research, Mullana, Ambala, M.M. INSTITUTE OF MEDICAL SCIENCES AND RESEARCH, MULLANA, AMBALA, HARYANA.",Non-Resident Indian,OP NO,37,Both
Haryana,Deemed University,200332,"Maharishi Markandeshwar Institute Of Medical Sciences & Research, Mullana, Ambala, M.M. INSTITUTE OF MEDICAL SCIENCES AND RESEARCH, MULLANA, AMBALA, HARYANA.",Self-Financed Merit Seat,OP NO,213,Both
Haryana,All India except Central University,904365,"PT NEKI RAM SHARMA GOVERNMENT MEDICAL COLLEGE, BHIWANI, PANDIT NEKI RAM SHARMA GOVERNMENT MEDICAL COLLEGE, HANSI ROAD, NEAR VITA MILK PLANT, BHIWANI, HARYAN",All India,BC NO,4,Both
Haryana,All India except Central University,904365,"PT NEKI RAM SHARMA GOVERNMENT MEDICAL COLLEGE, BHIWANI, PANDIT NEKI RAM SHARMA GOVERNMENT MEDICAL COLLEGE, HANSI ROAD, NEAR VITA MILK PLANT, BHIWANI, HARYAN",All India,EW NO,2,Both
Haryana,All India except Central University,904365,"PT NEKI RAM SHARMA GOVERNMENT MEDICAL COLLEGE, BHIWANI, PANDIT NEKI RAM SHARMA GOVERNMENT MEDICAL COLLEGE, HANSI ROAD, NEAR VITA MILK PLANT, BHIWANI, HARYAN",All India,OP NO,6,Both
Haryana,All India except Central University,904365,"PT NEKI RAM SHARMA GOVERNMENT MEDICAL COLLEGE, BHIWANI, PANDIT NEKI RAM SHARMA GOVERNMENT MEDICAL COLLEGE, HANSI ROAD, NEAR VITA MILK PLANT, BHIWANI, HARYAN",All India,SC NO,2,Both
Haryana,All India except Central University,904365,"PT NEKI RAM SHARMA GOVERNMENT MEDICAL COLLEGE, BHIWANI, PANDIT NEKI RAM SHARMA GOVERNMENT MEDICAL COLLEGE, HANSI ROAD, NEAR VITA MILK PLANT, BHIWANI, HARYAN",All India,ST NO,1,Both
Haryana,All India except Central University,200149,"Pt. B D Sharma Postgraduate Institute of Medical Sciences, Rohtak (Haryana), Pt. B.D. Sharma PGIMS, Rohtak",All India,BC NO,10,Both
Haryana,All India except Central University,200149,"Pt. B D Sharma Postgraduate Institute of Medical Sciences, Rohtak (Haryana), Pt. B.D. Sharma PGIMS, Rohtak",All India,EW NO,4,Both
Haryana,All India except Central University,200149,"Pt. B D Sharma Postgraduate Institute of Medical Sciences, Rohtak (Haryana), Pt. B.D. Sharma PGIMS, Rohtak",All India,OP NO,13,Both
Haryana,All India except Central University,200149,"Pt. B D Sharma Postgraduate Institute of Medical Sciences, Rohtak (Haryana), Pt. B.D. Sharma PGIMS, Rohtak",All India,OP PH,1,Both
Haryana,All India except Central University,200149,"Pt. B D Sharma Postgraduate Institute of Medical Sciences, Rohtak (Haryana), Pt. B.D. Sharma PGIMS, Rohtak",All India,SC NO,6,Both
Haryana,All India except Central University,200149,"Pt. B D Sharma Postgraduate Institute of Medical Sciences, Rohtak (Haryana), Pt. B.D. Sharma PGIMS, Rohtak",All India,ST NO,3,Both
Haryana,All India except Central University,200150,"Shaheed Hasan Khan Mewati Government Medical College, Nalhar, THE DIRECTOR, SHAHEED HASAN KHAN,MEWATI GOVT. MEDICAL COLLEGE, NALHAR, NUH - HARYANA - 122107",All India,BC NO,4,Both
Haryana,All India except Central University,200150,"Shaheed Hasan Khan Mewati Government Medical College, Nalhar, THE DIRECTOR, SHAHEED HASAN KHAN,MEWATI GOVT. MEDICAL COLLEGE, NALHAR, NUH - HARYANA - 122107",All India,BC PH,1,Both
Haryana,All India except Central University,200150,"Shaheed Hasan Khan Mewati Government Medical College, Nalhar, THE DIRECTOR, SHAHEED HASAN KHAN,MEWATI GOVT. MEDICAL COLLEGE, NALHAR, NUH - HARYANA - 122107",All India,EW NO,1,Both
Haryana,All India except Central University,200150,"Shaheed Hasan Khan Mewati Government Medical College, Nalhar, THE DIRECTOR, SHAHEED HASAN KHAN,MEWATI GOVT. MEDICAL COLLEGE, NALHAR, NUH - HARYANA - 122107",All India,OP NO,6,Both
Haryana,All India except Central University,200150,"Shaheed Hasan Khan Mewati Government Medical College, Nalhar, THE DIRECTOR, SHAHEED HASAN KHAN,MEWATI GOVT. MEDICAL COLLEGE, NALHAR, NUH - HARYANA - 122107",All India,OP PH,1,Both
Haryana,All India except Central University,200150,"Shaheed Hasan Khan Mewati Government Medical College, Nalhar, THE DIRECTOR, SHAHEED HASAN KHAN,MEWATI GOVT. MEDICAL COLLEGE, NALHAR, NUH - HARYANA - 122107",All India,SC NO,3,Both
Haryana,All India except Central University,200150,"Shaheed Hasan Khan Mewati Government Medical College, Nalhar, THE DIRECTOR, SHAHEED HASAN KHAN,MEWATI GOVT. MEDICAL COLLEGE, NALHAR, NUH - HARYANA - 122107",All India,ST NO,2,Both
Haryana,All India except Central University,200615,"Shri Atal Bihari Vajpayee Government Medical College, Faridabad, Shri Atal Bihari Vajpayee Government Medical College Chhainsa Faridabad",All India,BC NO,4,Both
Haryana,All India except Central University,200615,"Shri Atal Bihari Vajpayee Government Medical College, Faridabad, Shri Atal Bihari Vajpayee Government Medical College Chhainsa Faridabad",All India,EW NO,1,Both
Haryana,All India except Central University,200615,"Shri Atal Bihari Vajpayee Government Medical College, Faridabad, Shri Atal Bihari Vajpayee Government Medical College Chhainsa Faridabad",All India,EW PH,1,Both
Haryana,All India except Central University,200615,"Shri Atal Bihari Vajpayee Government Medical College, Faridabad, Shri Atal Bihari Vajpayee Government Medical College Chhainsa Faridabad",All India,OP NO,6,Both
Haryana,All India except Central University,200615,"Shri Atal Bihari Vajpayee Government Medical College, Faridabad, Shri Atal Bihari Vajpayee Government Medical College Chhainsa Faridabad",All India,SC NO,1,Both
Haryana,All India except Central University,200615,"Shri Atal Bihari Vajpayee Government Medical College, Faridabad, Shri Atal Bihari Vajpayee Government Medical College Chhainsa Faridabad",All India,SC PH,1,Both
Haryana,All India except Central University,200615,"Shri Atal Bihari Vajpayee Government Medical College, Faridabad, Shri Atal Bihari Vajpayee Government Medical College Chhainsa Faridabad",All India,ST NO,1,Both
Himachal Pradesh,All India Institute Of Medical Science(AIIMS),200530,"AIIMS Bilaspur Changar Palasiyan, Himachal Pradesh, All India Institute of Medical Sciences AIIMS Bilaspur Kothipura BILASPUR Himachal Pradesh 174001",Open Seat Quota,BC NO,33,Both
Himachal Pradesh,All India Institute Of Medical Science(AIIMS),200530,"AIIMS Bilaspur Changar Palasiyan, Himachal Pradesh, All India Institute of Medical Sciences AIIMS Bilaspur Kothipura BILASPUR Himachal Pradesh 174001",Open Seat Quota,BC PH,1,Both
Himachal Pradesh,All India Institute Of Medical Science(AIIMS),200530,"AIIMS Bilaspur Changar Palasiyan, Himachal Pradesh, All India Institute of Medical Sciences AIIMS Bilaspur Kothipura BILASPUR Himachal Pradesh 174001",Open Seat Quota,EW NO,12,Both
Himachal Pradesh,All India Institute Of Medical Science(AIIMS),200530,"AIIMS Bilaspur Changar Palasiyan, Himachal Pradesh, All India Institute of Medical Sciences AIIMS Bilaspur Kothipura BILASPUR Himachal Pradesh 174001",Open Seat Quota,EW PH,1,Both
Himachal Pradesh,All India Institute Of Medical Science(AIIMS),200530,"AIIMS Bilaspur Changar Palasiyan, Himachal Pradesh, All India Institute of Medical Sciences AIIMS Bilaspur Kothipura BILASPUR Himachal Pradesh 174001",Open Seat Quota,OP NO,48,Both
Himachal Pradesh,All India Institute Of Medical Science(AIIMS),200530,"AIIMS Bilaspur Changar Palasiyan, Himachal Pradesh, All India Institute of Medical Sciences AIIMS Bilaspur Kothipura BILASPUR Himachal Pradesh 174001",Open Seat Quota,OP PH,3,Both
Himachal Pradesh,All India Institute Of Medical Science(AIIMS),200530,"AIIMS Bilaspur Changar Palasiyan, Himachal Pradesh, All India Institute of Medical Sciences AIIMS Bilaspur Kothipura BILASPUR Himachal Pradesh 174001",Open Seat Quota,SC NO,17,Both
Himachal Pradesh,All India Institute Of Medical Science(AIIMS),200530,"AIIMS Bilaspur Changar Palasiyan, Himachal Pradesh, All India Institute of Medical Sciences AIIMS Bilaspur Kothipura BILASPUR Himachal Pradesh 174001",Open Seat Quota,SC PH,1,Both
Himachal Pradesh,All India Institute Of Medical Science(AIIMS),200530,"AIIMS Bilaspur Changar Palasiyan, Himachal Pradesh, All India Institute of Medical Sciences AIIMS Bilaspur Kothipura BILASPUR Himachal Pradesh 174001",Open Seat Quota,ST NO,9,Both
Himachal Pradesh,All India except Central University,200461,"Dr. Radhakrishnan Government Medical College, Hamirpur, H.P, Dr. Radhakrishnan Government Medical College,Hamirpur, Himachal Pradesh-177001",All India,BC NO,5,Both
Himachal Pradesh,All India except Central University,200461,"Dr. Radhakrishnan Government Medical College, Hamirpur, H.P, Dr. Radhakrishnan Government Medical College,Hamirpur, Himachal Pradesh-177001",All India,EW NO,2,Both
Himachal Pradesh,All India except Central University,200461,"Dr. Radhakrishnan Government Medical College, Hamirpur, H.P, Dr. Radhakrishnan Government Medical College,Hamirpur, Himachal Pradesh-177001",All India,OP NO,7,Both
Himachal Pradesh,All India except Central University,200461,"Dr. Radhakrishnan Government Medical College, Hamirpur, H.P, Dr. Radhakrishnan Government Medical College,Hamirpur, Himachal Pradesh-177001",All India,SC NO,3,Both
Himachal Pradesh,All India except Central University,200461,"Dr. Radhakrishnan Government Medical College, Hamirpur, H.P, Dr. Radhakrishnan Government Medical College,Hamirpur, Himachal Pradesh-177001",All India,ST NO,1,Both
Himachal Pradesh,All India except Central University,200152,"Dr. Rajendar Prasad Government Medical College, Tanda, H.P, Dr.Rajendra Prasad Govt.Medical College Kangra at Tanda, H.P.",All India,BC NO,5,Both
Himachal Pradesh,All India except Central University,200152,"Dr. Rajendar Prasad Government Medical College, Tanda, H.P, Dr.Rajendra Prasad Govt.Medical College Kangra at Tanda, H.P.",All India,EW NO,1,Both
Himachal Pradesh,All India except Central University,200152,"Dr. Rajendar Prasad Government Medical College, Tanda, H.P, Dr.Rajendra Prasad Govt.Medical College Kangra at Tanda, H.P.",All India,OP NO,8,Both
Himachal Pradesh,All India except Central University,200152,"Dr. Rajendar Prasad Government Medical College, Tanda, H.P, Dr.Rajendra Prasad Govt.Medical College Kangra at Tanda, H.P.",All India,OP PH,1,Both
Himachal Pradesh,All India except Central University,200152,"Dr. Rajendar Prasad Government Medical College, Tanda, H.P, Dr.Rajendra Prasad Govt.Medical College Kangra at Tanda, H.P.",All India,SC NO,2,Both
Himachal Pradesh,All India except Central University,200152,"Dr. Rajendar Prasad Government Medical College, Tanda, H.P, Dr.Rajendra Prasad Govt.Medical College Kangra at Tanda, H.P.",All India,ST NO,1,Both
Himachal Pradesh,All India except Central University,200151,"Government Medical College, Nahan, Sirmour H.P., Nahan, District Sirmaur, Himachal Pradesh",All India,BC NO,5,Both
Himachal Pradesh,All India except Central University,200151,"Government Medical College, Nahan, Sirmour H.P., Nahan, District Sirmaur, Himachal Pradesh",All India,EW NO,2,Both
Himachal Pradesh,All India except Central University,200151,"Government Medical College, Nahan, Sirmour H.P., Nahan, District Sirmaur, Himachal Pradesh",All India,OP NO,6,Both
Himachal Pradesh,All India except Central University,200151,"Government Medical College, Nahan, Sirmour H.P., Nahan, District Sirmaur, Himachal Pradesh",All India,SC NO,3,Both
Himachal Pradesh,All India except Central University,200151,"Government Medical College, Nahan, Sirmour H.P., Nahan, District Sirmaur, Himachal Pradesh",All India,ST NO,2,Both
Himachal Pradesh,All India except Central University,200154,"Indira Gandhi Medical College, Shimla, IGMC SHIMLA NEAR LAKKAR BAZAR SHIMLA",All India,BC NO,4,Both
Himachal Pradesh,All India except Central University,200154,"Indira Gandhi Medical College, Shimla, IGMC SHIMLA NEAR LAKKAR BAZAR SHIMLA",All India,BC PH,1,Both
Himachal Pradesh,All India except Central University,200154,"Indira Gandhi Medical College, Shimla, IGMC SHIMLA NEAR LAKKAR BAZAR SHIMLA",All India,EW NO,2,Both
Himachal Pradesh,All India except Central University,200154,"Indira Gandhi Medical College, Shimla, IGMC SHIMLA NEAR LAKKAR BAZAR SHIMLA",All India,OP NO,7,Both
Himachal Pradesh,All India except Central University,200154,"Indira Gandhi Medical College, Shimla, IGMC SHIMLA NEAR LAKKAR BAZAR SHIMLA",All India,SC NO,3,Both
Himachal Pradesh,All India except Central University,200154,"Indira Gandhi Medical College, Shimla, IGMC SHIMLA NEAR LAKKAR BAZAR SHIMLA",All India,ST NO,1,Both
Himachal Pradesh,All India except Central University,200155,"Pt. Jawahar Lal Nehru Government Medical College, Chamba, Pt. Jawaharlal Nehru Govt. Medical College Chamba",All India,BC NO,5,Both
Himachal Pradesh,All India except Central University,200155,"Pt. Jawahar Lal Nehru Government Medical College, Chamba, Pt. Jawaharlal Nehru Govt. Medical College Chamba",All India,EW NO,2,Both
Himachal Pradesh,All India except Central University,200155,"Pt. Jawahar Lal Nehru Government Medical College, Chamba, Pt. Jawaharlal Nehru Govt. Medical College Chamba",All India,OP NO,7,Both
Himachal Pradesh,All India except Central University,200155,"Pt. Jawahar Lal Nehru Government Medical College, Chamba, Pt. Jawaharlal Nehru Govt. Medical College Chamba",All India,OP PH,1,Both
Himachal Pradesh,All India except Central University,200155,"Pt. Jawahar Lal Nehru Government Medical College, Chamba, Pt. Jawaharlal Nehru Govt. Medical College Chamba",All India,SC NO,2,Both
Himachal Pradesh,All India except Central University,200155,"Pt. Jawahar Lal Nehru Government Medical College, Chamba, Pt. Jawaharlal Nehru Govt. Medical College Chamba",All India,ST NO,1,Both
Himachal Pradesh,Employees State Insurance Scheme,200410,"Shri Lal Bahadur Shastri Government Medical College, Mandi, HP, Mandi at Nerchowk PO Bhangrotu Tehsil Balh District Mandi",All India,BC NO,4,Both
Himachal Pradesh,Employees State Insurance Scheme,200410,"Shri Lal Bahadur Shastri Government Medical College, Mandi, HP, Mandi at Nerchowk PO Bhangrotu Tehsil Balh District Mandi",All India,EW NO,2,Both
Himachal Pradesh,Employees State Insurance Scheme,200410,"Shri Lal Bahadur Shastri Government Medical College, Mandi, HP, Mandi at Nerchowk PO Bhangrotu Tehsil Balh District Mandi",All India,OP NO,7,Both
Himachal Pradesh,Employees State Insurance Scheme,200410,"Shri Lal Bahadur Shastri Government Medical College, Mandi, HP, Mandi at Nerchowk PO Bhangrotu Tehsil Balh District Mandi",All India,SC NO,3,Both
Himachal Pradesh,Employees State Insurance Scheme,200410,"Shri Lal Bahadur Shastri Government Medical College, Mandi, HP, Mandi at Nerchowk PO Bhangrotu Tehsil Balh District Mandi",All India,ST NO,2,Both
Himachal Pradesh,Employees State Insurance Scheme,200410,"Shri Lal Bahadur Shastri Government Medical College, Mandi, HP, Mandi at Nerchowk PO Bhangrotu Tehsil Balh District Mandi",Employees State Insurance Scheme(ESI),BC NO,10,Both
Himachal Pradesh,Employees State Insurance Scheme,200410,"Shri Lal Bahadur Shastri Government Medical College, Mandi, HP, Mandi at Nerchowk PO Bhangrotu Tehsil Balh District Mandi",Employees State Insurance Scheme(ESI),EW NO,4,Both
Himachal Pradesh,Employees State Insurance Scheme,200410,"Shri Lal Bahadur Shastri Government Medical College, Mandi, HP, Mandi at Nerchowk PO Bhangrotu Tehsil Balh District Mandi",Employees State Insurance Scheme(ESI),OP NO,14,Both
Himachal Pradesh,Employees State Insurance Scheme,200410,"Shri Lal Bahadur Shastri Government Medical College, Mandi, HP, Mandi at Nerchowk PO Bhangrotu Tehsil Balh District Mandi",Employees State Insurance Scheme(ESI),SC NO,5,Both
Himachal Pradesh,Employees State Insurance Scheme,200410,"Shri Lal Bahadur Shastri Government Medical College, Mandi, HP, Mandi at Nerchowk PO Bhangrotu Tehsil Balh District Mandi",Employees State Insurance Scheme(ESI),ST NO,3,Both
Jammu And Kashmir,All India Institute Of Medical Science(AIIMS),200518,"AIIMS Jammu, AIIMS, Vijaypur, Jammu, Jammu and Kashmir",Open Seat Quota,BC NO,32,Both
Jammu And Kashmir,All India Institute Of Medical Science(AIIMS),200518,"AIIMS Jammu, AIIMS, Vijaypur, Jammu, Jammu and Kashmir",Open Seat Quota,BC PH,2,Both
Jammu And Kashmir,All India Institute Of Medical Science(AIIMS),200518,"AIIMS Jammu, AIIMS, Vijaypur, Jammu, Jammu and Kashmir",Open Seat Quota,EW NO,11,Both
Jammu And Kashmir,All India Institute Of Medical Science(AIIMS),200518,"AIIMS Jammu, AIIMS, Vijaypur, Jammu, Jammu and Kashmir",Open Seat Quota,EW PH,1,Both
Jammu And Kashmir,All India Institute Of Medical Science(AIIMS),200518,"AIIMS Jammu, AIIMS, Vijaypur, Jammu, Jammu and Kashmir",Open Seat Quota,OP NO,49,Both
Jammu And Kashmir,All India Institute Of Medical Science(AIIMS),200518,"AIIMS Jammu, AIIMS, Vijaypur, Jammu, Jammu and Kashmir",Open Seat Quota,OP PH,1,Both
Jammu And Kashmir,All India Institute Of Medical Science(AIIMS),200518,"AIIMS Jammu, AIIMS, Vijaypur, Jammu, Jammu and Kashmir",Open Seat Quota,SC NO,18,Both
Jammu And Kashmir,All India Institute Of Medical Science(AIIMS),200518,"AIIMS Jammu, AIIMS, Vijaypur, Jammu, Jammu and Kashmir",Open Seat Quota,SC PH,1,Both
Jammu And Kashmir,All India Institute Of Medical Science(AIIMS),200518,"AIIMS Jammu, AIIMS, Vijaypur, Jammu, Jammu and Kashmir",Open Seat Quota,ST NO,9,Both
Jammu And Kashmir,All India Institute Of Medical Science(AIIMS),200518,"AIIMS Jammu, AIIMS, Vijaypur, Jammu, Jammu and Kashmir",Open Seat Quota,ST PH,1,Both
Jammu And Kashmir,All India except Central University,200681,"Government Medical College Handwara, MAIDAN CHOGAL, HANDWARA, KUPWARA",All India,BC NO,5,Both
Jammu And Kashmir,All India except Central University,200681,"Government Medical College Handwara, MAIDAN CHOGAL, HANDWARA, KUPWARA",All India,EW NO,1,Both
Jammu And Kashmir,All India except Central University,200681,"Government Medical College Handwara, MAIDAN CHOGAL, HANDWARA, KUPWARA",All India,OP NO,6,Both
Jammu And Kashmir,All India except Central University,200681,"Government Medical College Handwara, MAIDAN CHOGAL, HANDWARA, KUPWARA",All India,SC NO,2,Both
Jammu And Kashmir,All India except Central University,200681,"Government Medical College Handwara, MAIDAN CHOGAL, HANDWARA, KUPWARA",All India,ST NO,1,Both
Jammu And Kashmir,All India except Central University,200685,"Government Medical College Udhampur, Dhar Road near Sallain Tallab opp Head Post Office Udhampur",All India,BC NO,3,Both
Jammu And Kashmir,All India except Central University,200685,"Government Medical College Udhampur, Dhar Road near Sallain Tallab opp Head Post Office Udhampur",All India,BC PH,1,Both
Jammu And Kashmir,All India except Central University,200685,"Government Medical College Udhampur, Dhar Road near Sallain Tallab opp Head Post Office Udhampur",All India,EW NO,1,Both
Jammu And Kashmir,All India except Central University,200685,"Government Medical College Udhampur, Dhar Road near Sallain Tallab opp Head Post Office Udhampur",All India,OP NO,5,Both
Jammu And Kashmir,All India except Central University,200685,"Government Medical College Udhampur, Dhar Road near Sallain Tallab opp Head Post Office Udhampur",All India,OP PH,1,Both
Jammu And Kashmir,All India except Central University,200685,"Government Medical College Udhampur, Dhar Road near Sallain Tallab opp Head Post Office Udhampur",All India,SC NO,2,Both
Jammu And Kashmir,All India except Central University,200685,"Government Medical College Udhampur, Dhar Road near Sallain Tallab opp Head Post Office Udhampur",All India,SC PH,1,Both
Jammu And Kashmir,All India except Central University,200685,"Government Medical College Udhampur, Dhar Road near Sallain Tallab opp Head Post Office Udhampur",All India,ST PH,1,Both
Jammu And Kashmir,All India except Central University,200631,"Government Medical College, Anantnag, verinag Road Dialgam Anantnag 192210",All India,BC NO,6,Both
Jammu And Kashmir,All India except Central University,200631,"Government Medical College, Anantnag, verinag Road Dialgam Anantnag 192210",All India,EW NO,2,Both
Jammu And Kashmir,All India except Central University,200631,"Government Medical College, Anantnag, verinag Road Dialgam Anantnag 192210",All India,OP NO,9,Both
Jammu And Kashmir,All India except Central University,200631,"Government Medical College, Anantnag, verinag Road Dialgam Anantnag 192210",All India,SC NO,3,Both
Jammu And Kashmir,All India except Central University,200631,"Government Medical College, Anantnag, verinag Road Dialgam Anantnag 192210",All India,ST NO,2,Both
Jammu And Kashmir,All India except Central University,200634,"Government Medical College, Baramulla, Kanth Bagh Baramulla, Jammu and Kashmir",All India,BC NO,5,Both
Jammu And Kashmir,All India except Central University,200634,"Government Medical College, Baramulla, Kanth Bagh Baramulla, Jammu and Kashmir",All India,EW NO,3,Both
Jammu And Kashmir,All India except Central University,200634,"Government Medical College, Baramulla, Kanth Bagh Baramulla, Jammu and Kashmir",All India,OP NO,9,Both
Jammu And Kashmir,All India except Central University,200634,"Government Medical College, Baramulla, Kanth Bagh Baramulla, Jammu and Kashmir",All India,OP PH,1,Both
Jammu And Kashmir,All India except Central University,200634,"Government Medical College, Baramulla, Kanth Bagh Baramulla, Jammu and Kashmir",All India,SC NO,3,Both
Jammu And Kashmir,All India except Central University,200634,"Government Medical College, Baramulla, Kanth Bagh Baramulla, Jammu and Kashmir",All India,ST NO,1,Both
Jammu And Kashmir,All India except Central University,200619,"Government Medical College, Jammu, GOVERNMENT MEDICAL COLLEGE, BAKSHI NAGAR, JAMMU 180001",All India,BC NO,9,Both
Jammu And Kashmir,All India except Central University,200619,"Government Medical College, Jammu, GOVERNMENT MEDICAL COLLEGE, BAKSHI NAGAR, JAMMU 180001",All India,BC PH,1,Both
Jammu And Kashmir,All India except Central University,200619,"Government Medical College, Jammu, GOVERNMENT MEDICAL COLLEGE, BAKSHI NAGAR, JAMMU 180001",All India,EW NO,3,Both
Jammu And Kashmir,All India except Central University,200619,"Government Medical College, Jammu, GOVERNMENT MEDICAL COLLEGE, BAKSHI NAGAR, JAMMU 180001",All India,EW PH,1,Both
Jammu And Kashmir,All India except Central University,200619,"Government Medical College, Jammu, GOVERNMENT MEDICAL COLLEGE, BAKSHI NAGAR, JAMMU 180001",All India,OP NO,14,Both
Jammu And Kashmir,All India except Central University,200619,"Government Medical College, Jammu, GOVERNMENT MEDICAL COLLEGE, BAKSHI NAGAR, JAMMU 180001",All India,SC NO,6,Both
Jammu And Kashmir,All India except Central University,200619,"Government Medical College, Jammu, GOVERNMENT MEDICAL COLLEGE, BAKSHI NAGAR, JAMMU 180001",All India,ST NO,3,Both
Jammu And Kashmir,All India except Central University,200630,"Government Medical College, Kathua, Chak Sajjan Kathua",All India,BC NO,6,Both
Jammu And Kashmir,All India except Central University,200630,"Government Medical College, Kathua, Chak Sajjan Kathua",All India,EW NO,2,Both
Jammu And Kashmir,All India except Central University,200630,"Government Medical College, Kathua, Chak Sajjan Kathua",All India,OP NO,9,Both
Jammu And Kashmir,All India except Central University,200630,"Government Medical College, Kathua, Chak Sajjan Kathua",All India,OP PH,1,Both
Jammu And Kashmir,All India except Central University,200630,"Government Medical College, Kathua, Chak Sajjan Kathua",All India,SC NO,3,Both
Jammu And Kashmir,All India except Central University,200630,"Government Medical College, Kathua, Chak Sajjan Kathua",All India,ST NO,2,Both
Jammu And Kashmir,All India except Central University,200640,"Government Medical College, Rajouri, J&K, Government Medical College, Kheora, Mehra, Rajouri, Jammu and Kashmir.",All India,BC NO,7,Both
Jammu And Kashmir,All India except Central University,200640,"Government Medical College, Rajouri, J&K, Government Medical College, Kheora, Mehra, Rajouri, Jammu and Kashmir.",All India,EW NO,2,Both
Jammu And Kashmir,All India except Central University,200640,"Government Medical College, Rajouri, J&K, Government Medical College, Kheora, Mehra, Rajouri, Jammu and Kashmir.",All India,OP NO,9,Both
Jammu And Kashmir,All India except Central University,200640,"Government Medical College, Rajouri, J&K, Government Medical College, Kheora, Mehra, Rajouri, Jammu and Kashmir.",All India,SC NO,3,Both
Jammu And Kashmir,All India except Central University,200640,"Government Medical College, Rajouri, J&K, Government Medical College, Kheora, Mehra, Rajouri, Jammu and Kashmir.",All India,ST NO,1,Both
Jammu And Kashmir,All India except Central University,200629,"Government Medical College, Srinagar, Administrative Block Government Medical College Karan Nagar Srinagar",All India,BC NO,9,Both
Jammu And Kashmir,All India except Central University,200629,"Government Medical College, Srinagar, Administrative Block Government Medical College Karan Nagar Srinagar",All India,BC PH,1,Both
Jammu And Kashmir,All India except Central University,200629,"Government Medical College, Srinagar, Administrative Block Government Medical College Karan Nagar Srinagar",All India,EW NO,4,Both
Jammu And Kashmir,All India except Central University,200629,"Government Medical College, Srinagar, Administrative Block Government Medical College Karan Nagar Srinagar",All India,OP NO,13,Both
Jammu And Kashmir,All India except Central University,200629,"Government Medical College, Srinagar, Administrative Block Government Medical College Karan Nagar Srinagar",All India,OP PH,1,Both
Jammu And Kashmir,All India except Central University,200629,"Government Medical College, Srinagar, Administrative Block Government Medical College Karan Nagar Srinagar",All India,SC NO,5,Both
Jammu And Kashmir,All India except Central University,200629,"Government Medical College, Srinagar, Administrative Block Government Medical College Karan Nagar Srinagar",All India,SC PH,1,Both
Jammu And Kashmir,All India except Central University,200629,"Government Medical College, Srinagar, Administrative Block Government Medical College Karan Nagar Srinagar",All India,ST NO,3,Both
Jammu And Kashmir,All India except Central University,200639,"Govt. Medical College, Doda, Kashmir, Government Medical College & Hospital Ghat Doda",All India,BC NO,6,Both
Jammu And Kashmir,All India except Central University,200639,"Govt. Medical College, Doda, Kashmir, Government Medical College & Hospital Ghat Doda",All India,EW NO,2,Both
Jammu And Kashmir,All India except Central University,200639,"Govt. Medical College, Doda, Kashmir, Government Medical College & Hospital Ghat Doda",All India,OP NO,9,Both
Jammu And Kashmir,All India except Central University,200639,"Govt. Medical College, Doda, Kashmir, Government Medical College & Hospital Ghat Doda",All India,SC NO,4,Both
Jammu And Kashmir,All India except Central University,200639,"Govt. Medical College, Doda, Kashmir, Government Medical College & Hospital Ghat Doda",All India,ST NO,2,Both
Jammu And Kashmir,All India except Central University,200621,"Sher-I-Kashmir Instt. Of Medical Sciences, Srinagar, SKIMS MC BEMINA , SRINAGAR, JAMMU KASHMIR",All India,BC NO,6,Both
Jammu And Kashmir,All India except Central University,200621,"Sher-I-Kashmir Instt. Of Medical Sciences, Srinagar, SKIMS MC BEMINA , SRINAGAR, JAMMU KASHMIR",All India,EW NO,2,Both
Jammu And Kashmir,All India except Central University,200621,"Sher-I-Kashmir Instt. Of Medical Sciences, Srinagar, SKIMS MC BEMINA , SRINAGAR, JAMMU KASHMIR",All India,OP NO,8,Both
Jammu And Kashmir,All India except Central University,200621,"Sher-I-Kashmir Instt. Of Medical Sciences, Srinagar, SKIMS MC BEMINA , SRINAGAR, JAMMU KASHMIR",All India,OP PH,1,Both
Jammu And Kashmir,All India except Central University,200621,"Sher-I-Kashmir Instt. Of Medical Sciences, Srinagar, SKIMS MC BEMINA , SRINAGAR, JAMMU KASHMIR",All India,SC NO,3,Both
Jammu And Kashmir,All India except Central University,200621,"Sher-I-Kashmir Instt. Of Medical Sciences, Srinagar, SKIMS MC BEMINA , SRINAGAR, JAMMU KASHMIR",All India,ST NO,2,Both
Jharkhand,All India Institute Of Medical Science(AIIMS),200512,"AIIMS, Deogarh , AIIMS Deoghar Devipur, Jharkhand India, PIN - 814152",Open Seat Quota,BC NO,31,Both
Jharkhand,All India Institute Of Medical Science(AIIMS),200512,"AIIMS, Deogarh , AIIMS Deoghar Devipur, Jharkhand India, PIN - 814152",Open Seat Quota,BC PH,2,Both
Jharkhand,All India Institute Of Medical Science(AIIMS),200512,"AIIMS, Deogarh , AIIMS Deoghar Devipur, Jharkhand India, PIN - 814152",Open Seat Quota,EW NO,13,Both
Jharkhand,All India Institute Of Medical Science(AIIMS),200512,"AIIMS, Deogarh , AIIMS Deoghar Devipur, Jharkhand India, PIN - 814152",Open Seat Quota,OP NO,48,Both
Jharkhand,All India Institute Of Medical Science(AIIMS),200512,"AIIMS, Deogarh , AIIMS Deoghar Devipur, Jharkhand India, PIN - 814152",Open Seat Quota,OP PH,3,Both
Jharkhand,All India Institute Of Medical Science(AIIMS),200512,"AIIMS, Deogarh , AIIMS Deoghar Devipur, Jharkhand India, PIN - 814152",Open Seat Quota,SC NO,18,Both
Jharkhand,All India Institute Of Medical Science(AIIMS),200512,"AIIMS, Deogarh , AIIMS Deoghar Devipur, Jharkhand India, PIN - 814152",Open Seat Quota,SC PH,1,Both
Jharkhand,All India Institute Of Medical Science(AIIMS),200512,"AIIMS, Deogarh , AIIMS Deoghar Devipur, Jharkhand India, PIN - 814152",Open Seat Quota,ST NO,9,Both
Jharkhand,All India except Central University,200583,"Dumka Medical College, Dighi Dumka, PHULO JHANO MEDICAL COLLEGE DUMKA, PO- Teliya Chak, PS- Dighi Dumka Jharkhand 814110, Email ID- prin",All India,BC NO,3,Both
Jharkhand,All India except Central University,200583,"Dumka Medical College, Dighi Dumka, PHULO JHANO MEDICAL COLLEGE DUMKA, PO- Teliya Chak, PS- Dighi Dumka Jharkhand 814110, Email ID- prin",All India,BC PH,1,Both
Jharkhand,All India except Central University,200583,"Dumka Medical College, Dighi Dumka, PHULO JHANO MEDICAL COLLEGE DUMKA, PO- Teliya Chak, PS- Dighi Dumka Jharkhand 814110, Email ID- prin",All India,EW NO,2,Both
Jharkhand,All India except Central University,200583,"Dumka Medical College, Dighi Dumka, PHULO JHANO MEDICAL COLLEGE DUMKA, PO- Teliya Chak, PS- Dighi Dumka Jharkhand 814110, Email ID- prin",All India,OP NO,6,Both
Jharkhand,All India except Central University,200583,"Dumka Medical College, Dighi Dumka, PHULO JHANO MEDICAL COLLEGE DUMKA, PO- Teliya Chak, PS- Dighi Dumka Jharkhand 814110, Email ID- prin",All India,SC NO,2,Both
Jharkhand,All India except Central University,200583,"Dumka Medical College, Dighi Dumka, PHULO JHANO MEDICAL COLLEGE DUMKA, PO- Teliya Chak, PS- Dighi Dumka Jharkhand 814110, Email ID- prin",All India,ST NO,1,Both
Jharkhand,All India except Central University,200586,"Hazaribagh Medical College, Hazaribagh, NEAR CENTRAL JAIL, HAZARIBAG",All India,BC NO,4,Both
Jharkhand,All India except Central University,200586,"Hazaribagh Medical College, Hazaribagh, NEAR CENTRAL JAIL, HAZARIBAG",All India,EW NO,1,Both
Jharkhand,All India except Central University,200586,"Hazaribagh Medical College, Hazaribagh, NEAR CENTRAL JAIL, HAZARIBAG",All India,OP NO,6,Both
Jharkhand,All India except Central University,200586,"Hazaribagh Medical College, Hazaribagh, NEAR CENTRAL JAIL, HAZARIBAG",All India,OP PH,1,Both
Jharkhand,All India except Central University,200586,"Hazaribagh Medical College, Hazaribagh, NEAR CENTRAL JAIL, HAZARIBAG",All India,SC NO,2,Both
Jharkhand,All India except Central University,200586,"Hazaribagh Medical College, Hazaribagh, NEAR CENTRAL JAIL, HAZARIBAG",All India,ST NO,1,Both
Jharkhand,All India except Central University,200158,"M G M Medical College, Jamshedpur, Dimna Road, Mango, Jamshedpur",All India,BC NO,6,Both
Jharkhand,All India except Central University,200158,"M G M Medical College, Jamshedpur, Dimna Road, Mango, Jamshedpur",All India,EW NO,2,Both
Jharkhand,All India except Central University,200158,"M G M Medical College, Jamshedpur, Dimna Road, Mango, Jamshedpur",All India,EW PH,1,Both
Jharkhand,All India except Central University,200158,"M G M Medical College, Jamshedpur, Dimna Road, Mango, Jamshedpur",All India,OP NO,8,Both
Jharkhand,All India except Central University,200158,"M G M Medical College, Jamshedpur, Dimna Road, Mango, Jamshedpur",All India,SC NO,3,Both
Jharkhand,All India except Central University,200158,"M G M Medical College, Jamshedpur, Dimna Road, Mango, Jamshedpur",All India,SC PH,1,Both
Jharkhand,All India except Central University,200158,"M G M Medical College, Jamshedpur, Dimna Road, Mango, Jamshedpur",All India,ST NO,1,Both
Jharkhand,All India except Central University,200158,"M G M Medical College, Jamshedpur, Dimna Road, Mango, Jamshedpur",All India,ST PH,1,Both
Jharkhand,Deemed University,200528,"Manipal Tata Medical College,Baridih Jameshedpur, Kadani Road, Baridih, Jamshedpur, East Singbhum District",Non-Resident Indian,OP NO,15,Both
Jharkhand,Deemed University,200528,"Manipal Tata Medical College,Baridih Jameshedpur, Kadani Road, Baridih, Jamshedpur, East Singbhum District",Self-Financed Merit Seat,OP NO,210,Both
Jharkhand,All India except Central University,200584,"Palamu Medical College, Palamu, Pokhraha Khurd, P.O- Rajwadih, P.S- Medininagar, Dist. Palamu",All India,BC NO,4,Both
Jharkhand,All India except Central University,200584,"Palamu Medical College, Palamu, Pokhraha Khurd, P.O- Rajwadih, P.S- Medininagar, Dist. Palamu",All India,EW NO,1,Both
Jharkhand,All India except Central University,200584,"Palamu Medical College, Palamu, Pokhraha Khurd, P.O- Rajwadih, P.S- Medininagar, Dist. Palamu",All India,OP NO,7,Both
Jharkhand,All India except Central University,200584,"Palamu Medical College, Palamu, Pokhraha Khurd, P.O- Rajwadih, P.S- Medininagar, Dist. Palamu",All India,SC NO,2,Both
Jharkhand,All India except Central University,200584,"Palamu Medical College, Palamu, Pokhraha Khurd, P.O- Rajwadih, P.S- Medininagar, Dist. Palamu",All India,ST NO,1,Both
Jharkhand,All India except Central University,200160,"Rajendra Institute of Medical Sciences, Ranchi, Director, Rajendra Institute of Medical Sciences, Bariatu,Ranchi",All India,BC NO,9,Both
Jharkhand,All India except Central University,200160,"Rajendra Institute of Medical Sciences, Ranchi, Director, Rajendra Institute of Medical Sciences, Bariatu,Ranchi",All India,BC PH,1,Both
Jharkhand,All India except Central University,200160,"Rajendra Institute of Medical Sciences, Ranchi, Director, Rajendra Institute of Medical Sciences, Bariatu,Ranchi",All India,EW NO,4,Both
Jharkhand,All India except Central University,200160,"Rajendra Institute of Medical Sciences, Ranchi, Director, Rajendra Institute of Medical Sciences, Bariatu,Ranchi",All India,OP NO,14,Both
Jharkhand,All India except Central University,200160,"Rajendra Institute of Medical Sciences, Ranchi, Director, Rajendra Institute of Medical Sciences, Bariatu,Ranchi",All India,OP PH,1,Both
Jharkhand,All India except Central University,200160,"Rajendra Institute of Medical Sciences, Ranchi, Director, Rajendra Institute of Medical Sciences, Bariatu,Ranchi",All India,SC NO,6,Both
Jharkhand,All India except Central University,200160,"Rajendra Institute of Medical Sciences, Ranchi, Director, Rajendra Institute of Medical Sciences, Bariatu,Ranchi",All India,ST NO,2,Both
Jharkhand,All India except Central University,200159,"Shaheed Nirmal Mahto Medical College & Hospital, Dhanbad (formely known as Patliputra Medical College, Dhanbad), PO BCCL TOWNSHIP KOYLANAGAR DHANBAD",All India,BC NO,4,Both
Jharkhand,All India except Central University,200159,"Shaheed Nirmal Mahto Medical College & Hospital, Dhanbad (formely known as Patliputra Medical College, Dhanbad), PO BCCL TOWNSHIP KOYLANAGAR DHANBAD",All India,EW NO,1,Both
Jharkhand,All India except Central University,200159,"Shaheed Nirmal Mahto Medical College & Hospital, Dhanbad (formely known as Patliputra Medical College, Dhanbad), PO BCCL TOWNSHIP KOYLANAGAR DHANBAD",All India,OP NO,6,Both
Jharkhand,All India except Central University,200159,"Shaheed Nirmal Mahto Medical College & Hospital, Dhanbad (formely known as Patliputra Medical College, Dhanbad), PO BCCL TOWNSHIP KOYLANAGAR DHANBAD",All India,SC NO,2,Both
Jharkhand,All India except Central University,200159,"Shaheed Nirmal Mahto Medical College & Hospital, Dhanbad (formely known as Patliputra Medical College, Dhanbad), PO BCCL TOWNSHIP KOYLANAGAR DHANBAD",All India,ST NO,2,Both
Karnataka,All India except Central University,200161,"Bangalore Medical College and Research Institute, Bangalore, K R ROAD FORT BENGALURU",All India,BC NO,9,Both
Karnataka,All India except Central University,200161,"Bangalore Medical College and Research Institute, Bangalore, K R ROAD FORT BENGALURU",All India,BC PH,1,Both
Karnataka,All India except Central University,200161,"Bangalore Medical College and Research Institute, Bangalore, K R ROAD FORT BENGALURU",All India,EW NO,4,Both
Karnataka,All India except Central University,200161,"Bangalore Medical College and Research Institute, Bangalore, K R ROAD FORT BENGALURU",All India,OP NO,15,Both
Karnataka,All India except Central University,200161,"Bangalore Medical College and Research Institute, Bangalore, K R ROAD FORT BENGALURU",All India,OP PH,1,Both
Karnataka,All India except Central University,200161,"Bangalore Medical College and Research Institute, Bangalore, K R ROAD FORT BENGALURU",All India,SC NO,5,Both
Karnataka,All India except Central University,200161,"Bangalore Medical College and Research Institute, Bangalore, K R ROAD FORT BENGALURU",All India,ST NO,2,Both
Karnataka,All India except Central University,200162,"Belagavi Institute of Medical Sciences, Belagavi, DR B R AMBEDKAR ROAD BELAGAVI.",All India,BC NO,8,Both
Karnataka,All India except Central University,200162,"Belagavi Institute of Medical Sciences, Belagavi, DR B R AMBEDKAR ROAD BELAGAVI.",All India,EW NO,3,Both
Karnataka,All India except Central University,200162,"Belagavi Institute of Medical Sciences, Belagavi, DR B R AMBEDKAR ROAD BELAGAVI.",All India,OP NO,10,Both
Karnataka,All India except Central University,200162,"Belagavi Institute of Medical Sciences, Belagavi, DR B R AMBEDKAR ROAD BELAGAVI.",All India,OP PH,1,Both
Karnataka,All India except Central University,200162,"Belagavi Institute of Medical Sciences, Belagavi, DR B R AMBEDKAR ROAD BELAGAVI.",All India,SC NO,4,Both
Karnataka,All India except Central University,200162,"Belagavi Institute of Medical Sciences, Belagavi, DR B R AMBEDKAR ROAD BELAGAVI.",All India,SC PH,1,Both
Karnataka,All India except Central University,200162,"Belagavi Institute of Medical Sciences, Belagavi, DR B R AMBEDKAR ROAD BELAGAVI.",All India,ST NO,3,Both
Karnataka,All India except Central University,200163,"Bidar Institute of Medical Sciences, Bidar, BIDAR INSTITUTE OF MEDICAL SCIENCES BIDAR UDGIR ROAD BIDAR-585401",All India,BC NO,8,Both
Karnataka,All India except Central University,200163,"Bidar Institute of Medical Sciences, Bidar, BIDAR INSTITUTE OF MEDICAL SCIENCES BIDAR UDGIR ROAD BIDAR-585401",All India,EW NO,3,Both
Karnataka,All India except Central University,200163,"Bidar Institute of Medical Sciences, Bidar, BIDAR INSTITUTE OF MEDICAL SCIENCES BIDAR UDGIR ROAD BIDAR-585401",All India,OP NO,13,Both
Karnataka,All India except Central University,200163,"Bidar Institute of Medical Sciences, Bidar, BIDAR INSTITUTE OF MEDICAL SCIENCES BIDAR UDGIR ROAD BIDAR-585401",All India,SC NO,4,Both
Karnataka,All India except Central University,200163,"Bidar Institute of Medical Sciences, Bidar, BIDAR INSTITUTE OF MEDICAL SCIENCES BIDAR UDGIR ROAD BIDAR-585401",All India,ST NO,2,Both
Karnataka,All India except Central University,200164,"Chamrajanagar Institute of Medical Sciences, Karnataka, SY NO.124, YEDAPURA VILLAGE , KASABA HOBLI, CHAMARAJANAGARA TALUK AND DISTRICT",All India,BC NO,5,Both
Karnataka,All India except Central University,200164,"Chamrajanagar Institute of Medical Sciences, Karnataka, SY NO.124, YEDAPURA VILLAGE , KASABA HOBLI, CHAMARAJANAGARA TALUK AND DISTRICT",All India,BC PH,1,Both
Karnataka,All India except Central University,200164,"Chamrajanagar Institute of Medical Sciences, Karnataka, SY NO.124, YEDAPURA VILLAGE , KASABA HOBLI, CHAMARAJANAGARA TALUK AND DISTRICT",All India,EW NO,2,Both
Karnataka,All India except Central University,200164,"Chamrajanagar Institute of Medical Sciences, Karnataka, SY NO.124, YEDAPURA VILLAGE , KASABA HOBLI, CHAMARAJANAGARA TALUK AND DISTRICT",All India,OP NO,7,Both
Karnataka,All India except Central University,200164,"Chamrajanagar Institute of Medical Sciences, Karnataka, SY NO.124, YEDAPURA VILLAGE , KASABA HOBLI, CHAMARAJANAGARA TALUK AND DISTRICT",All India,OP PH,1,Both
Karnataka,All India except Central University,200164,"Chamrajanagar Institute of Medical Sciences, Karnataka, SY NO.124, YEDAPURA VILLAGE , KASABA HOBLI, CHAMARAJANAGARA TALUK AND DISTRICT",All India,SC NO,4,Both
Karnataka,All India except Central University,200164,"Chamrajanagar Institute of Medical Sciences, Karnataka, SY NO.124, YEDAPURA VILLAGE , KASABA HOBLI, CHAMARAJANAGARA TALUK AND DISTRICT",All India,ST NO,2,Both
Karnataka,Deemed University,904743,"Chettinad Institute of Medical Education and Research, D.K Plantation, BEML Nagar, Kolar Gold Fields – Kolar",Self-Financed Merit Seat,OP NO,100,Both
Karnataka,All India except Central University,200608,"Chikkamagaluru Institute of Medical Sciences, Chikkamagaluru, Director, Chikkamagaluru Institute of Medical Sciences, Teguru, Chikkamagaluru, Karnataka-577133.",All India,BC NO,6,Both
Karnataka,All India except Central University,200608,"Chikkamagaluru Institute of Medical Sciences, Chikkamagaluru, Director, Chikkamagaluru Institute of Medical Sciences, Teguru, Chikkamagaluru, Karnataka-577133.",All India,EW NO,2,Both
Karnataka,All India except Central University,200608,"Chikkamagaluru Institute of Medical Sciences, Chikkamagaluru, Director, Chikkamagaluru Institute of Medical Sciences, Teguru, Chikkamagaluru, Karnataka-577133.",All India,EW PH,1,Both
Karnataka,All India except Central University,200608,"Chikkamagaluru Institute of Medical Sciences, Chikkamagaluru, Director, Chikkamagaluru Institute of Medical Sciences, Teguru, Chikkamagaluru, Karnataka-577133.",All India,OP NO,9,Both
Karnataka,All India except Central University,200608,"Chikkamagaluru Institute of Medical Sciences, Chikkamagaluru, Director, Chikkamagaluru Institute of Medical Sciences, Teguru, Chikkamagaluru, Karnataka-577133.",All India,SC NO,3,Both
Karnataka,All India except Central University,200608,"Chikkamagaluru Institute of Medical Sciences, Chikkamagaluru, Director, Chikkamagaluru Institute of Medical Sciences, Teguru, Chikkamagaluru, Karnataka-577133.",All India,ST NO,1,Both
Karnataka,All India except Central University,200682,"Chitradurga Medical College and Research Institute, P B Road Chitradurga",All India,BC NO,6,Both
Karnataka,All India except Central University,200682,"Chitradurga Medical College and Research Institute, P B Road Chitradurga",All India,EW NO,2,Both
Karnataka,All India except Central University,200682,"Chitradurga Medical College and Research Institute, P B Road Chitradurga",All India,OP NO,9,Both
Karnataka,All India except Central University,200682,"Chitradurga Medical College and Research Institute, P B Road Chitradurga",All India,OP PH,1,Both
Karnataka,All India except Central University,200682,"Chitradurga Medical College and Research Institute, P B Road Chitradurga",All India,SC NO,3,Both
Karnataka,All India except Central University,200682,"Chitradurga Medical College and Research Institute, P B Road Chitradurga",All India,ST NO,2,Both
Karnataka,Employees State Insurance Scheme,200165,"Employees State Insurance Corporation Medical College, Bangalore, ESIC Medical College and Hospital, Rajajinagar, Bengaluru-560010",All India,BC NO,6,Both
Karnataka,Employees State Insurance Scheme,200165,"Employees State Insurance Corporation Medical College, Bangalore, ESIC Medical College and Hospital, Rajajinagar, Bengaluru-560010",All India,EW NO,2,Both
Karnataka,Employees State Insurance Scheme,200165,"Employees State Insurance Corporation Medical College, Bangalore, ESIC Medical College and Hospital, Rajajinagar, Bengaluru-560010",All India,OP NO,8,Both
Karnataka,Employees State Insurance Scheme,200165,"Employees State Insurance Corporation Medical College, Bangalore, ESIC Medical College and Hospital, Rajajinagar, Bengaluru-560010",All India,SC NO,4,Both
Karnataka,Employees State Insurance Scheme,200165,"Employees State Insurance Corporation Medical College, Bangalore, ESIC Medical College and Hospital, Rajajinagar, Bengaluru-560010",All India,ST NO,2,Both
Karnataka,Employees State Insurance Scheme,200165,"Employees State Insurance Corporation Medical College, Bangalore, ESIC Medical College and Hospital, Rajajinagar, Bengaluru-560010",Employees State Insurance Scheme(ESI),BC NO,17,Both
Karnataka,Employees State Insurance Scheme,200165,"Employees State Insurance Corporation Medical College, Bangalore, ESIC Medical College and Hospital, Rajajinagar, Bengaluru-560010",Employees State Insurance Scheme(ESI),BC PH,1,Both
Karnataka,Employees State Insurance Scheme,200165,"Employees State Insurance Corporation Medical College, Bangalore, ESIC Medical College and Hospital, Rajajinagar, Bengaluru-560010",Employees State Insurance Scheme(ESI),EW NO,6,Both
Karnataka,Employees State Insurance Scheme,200165,"Employees State Insurance Corporation Medical College, Bangalore, ESIC Medical College and Hospital, Rajajinagar, Bengaluru-560010",Employees State Insurance Scheme(ESI),OP NO,27,Both
Karnataka,Employees State Insurance Scheme,200165,"Employees State Insurance Corporation Medical College, Bangalore, ESIC Medical College and Hospital, Rajajinagar, Bengaluru-560010",Employees State Insurance Scheme(ESI),OP PH,2,Both
Karnataka,Employees State Insurance Scheme,200165,"Employees State Insurance Corporation Medical College, Bangalore, ESIC Medical College and Hospital, Rajajinagar, Bengaluru-560010",Employees State Insurance Scheme(ESI),SC NO,9,Both
Karnataka,Employees State Insurance Scheme,200165,"Employees State Insurance Corporation Medical College, Bangalore, ESIC Medical College and Hospital, Rajajinagar, Bengaluru-560010",Employees State Insurance Scheme(ESI),SC PH,1,Both
Karnataka,Employees State Insurance Scheme,200165,"Employees State Insurance Corporation Medical College, Bangalore, ESIC Medical College and Hospital, Rajajinagar, Bengaluru-560010",Employees State Insurance Scheme(ESI),ST NO,4,Both
Karnataka,Employees State Insurance Scheme,200165,"Employees State Insurance Corporation Medical College, Bangalore, ESIC Medical College and Hospital, Rajajinagar, Bengaluru-560010",Employees State Insurance Scheme(ESI),ST PH,1,Both
Karnataka,Employees State Insurance Scheme,200413,"Employees State Insurance Corporation Medical College, Gulbarga, ESIC Medical College and Hospital, Sedam Road Gulbarga-585106 Karnataka",All India,BC NO,5,Both
Karnataka,Employees State Insurance Scheme,200413,"Employees State Insurance Corporation Medical College, Gulbarga, ESIC Medical College and Hospital, Sedam Road Gulbarga-585106 Karnataka",All India,BC PH,1,Both
Karnataka,Employees State Insurance Scheme,200413,"Employees State Insurance Corporation Medical College, Gulbarga, ESIC Medical College and Hospital, Sedam Road Gulbarga-585106 Karnataka",All India,EW NO,2,Both
Karnataka,Employees State Insurance Scheme,200413,"Employees State Insurance Corporation Medical College, Gulbarga, ESIC Medical College and Hospital, Sedam Road Gulbarga-585106 Karnataka",All India,OP NO,9,Both
Karnataka,Employees State Insurance Scheme,200413,"Employees State Insurance Corporation Medical College, Gulbarga, ESIC Medical College and Hospital, Sedam Road Gulbarga-585106 Karnataka",All India,OP PH,1,Both
Karnataka,Employees State Insurance Scheme,200413,"Employees State Insurance Corporation Medical College, Gulbarga, ESIC Medical College and Hospital, Sedam Road Gulbarga-585106 Karnataka",All India,SC NO,2,Both
Karnataka,Employees State Insurance Scheme,200413,"Employees State Insurance Corporation Medical College, Gulbarga, ESIC Medical College and Hospital, Sedam Road Gulbarga-585106 Karnataka",All India,SC PH,1,Both
Karnataka,Employees State Insurance Scheme,200413,"Employees State Insurance Corporation Medical College, Gulbarga, ESIC Medical College and Hospital, Sedam Road Gulbarga-585106 Karnataka",All India,ST PH,1,Both
Karnataka,Employees State Insurance Scheme,200413,"Employees State Insurance Corporation Medical College, Gulbarga, ESIC Medical College and Hospital, Sedam Road Gulbarga-585106 Karnataka",Employees State Insurance Scheme(ESI),BC NO,18,Both
Karnataka,Employees State Insurance Scheme,200413,"Employees State Insurance Corporation Medical College, Gulbarga, ESIC Medical College and Hospital, Sedam Road Gulbarga-585106 Karnataka",Employees State Insurance Scheme(ESI),BC PH,1,Both
Karnataka,Employees State Insurance Scheme,200413,"Employees State Insurance Corporation Medical College, Gulbarga, ESIC Medical College and Hospital, Sedam Road Gulbarga-585106 Karnataka",Employees State Insurance Scheme(ESI),EW NO,7,Both
Karnataka,Employees State Insurance Scheme,200413,"Employees State Insurance Corporation Medical College, Gulbarga, ESIC Medical College and Hospital, Sedam Road Gulbarga-585106 Karnataka",Employees State Insurance Scheme(ESI),OP NO,26,Both
Karnataka,Employees State Insurance Scheme,200413,"Employees State Insurance Corporation Medical College, Gulbarga, ESIC Medical College and Hospital, Sedam Road Gulbarga-585106 Karnataka",Employees State Insurance Scheme(ESI),OP PH,1,Both
Karnataka,Employees State Insurance Scheme,200413,"Employees State Insurance Corporation Medical College, Gulbarga, ESIC Medical College and Hospital, Sedam Road Gulbarga-585106 Karnataka",Employees State Insurance Scheme(ESI),SC NO,10,Both
Karnataka,Employees State Insurance Scheme,200413,"Employees State Insurance Corporation Medical College, Gulbarga, ESIC Medical College and Hospital, Sedam Road Gulbarga-585106 Karnataka",Employees State Insurance Scheme(ESI),ST NO,5,Both
Karnataka,All India except Central University,200171,"Gulbarga Institute of Medical Sciences, Gulbarga, Gulbarga Institute of Medical Sciences, Veeresh Nagar, Sedam Road, Kalaburagi",All India,BC NO,8,Both
Karnataka,All India except Central University,200171,"Gulbarga Institute of Medical Sciences, Gulbarga, Gulbarga Institute of Medical Sciences, Veeresh Nagar, Sedam Road, Kalaburagi",All India,EW NO,3,Both
Karnataka,All India except Central University,200171,"Gulbarga Institute of Medical Sciences, Gulbarga, Gulbarga Institute of Medical Sciences, Veeresh Nagar, Sedam Road, Kalaburagi",All India,OP NO,12,Both
Karnataka,All India except Central University,200171,"Gulbarga Institute of Medical Sciences, Gulbarga, Gulbarga Institute of Medical Sciences, Veeresh Nagar, Sedam Road, Kalaburagi",All India,SC NO,5,Both
Karnataka,All India except Central University,200171,"Gulbarga Institute of Medical Sciences, Gulbarga, Gulbarga Institute of Medical Sciences, Veeresh Nagar, Sedam Road, Kalaburagi",All India,ST NO,2,Both
Karnataka,All India except Central University,200172,"Hassan Institute of Medical Sciences, Hassan, K R PURAM, BEHIND DC OFFICE,HASSAN",All India,BC NO,7,Both
Karnataka,All India except Central University,200172,"Hassan Institute of Medical Sciences, Hassan, K R PURAM, BEHIND DC OFFICE,HASSAN",All India,BC PH,1,Both
Karnataka,All India except Central University,200172,"Hassan Institute of Medical Sciences, Hassan, K R PURAM, BEHIND DC OFFICE,HASSAN",All India,EW NO,3,Both
Karnataka,All India except Central University,200172,"Hassan Institute of Medical Sciences, Hassan, K R PURAM, BEHIND DC OFFICE,HASSAN",All India,OP NO,11,Both
Karnataka,All India except Central University,200172,"Hassan Institute of Medical Sciences, Hassan, K R PURAM, BEHIND DC OFFICE,HASSAN",All India,OP PH,1,Both
Karnataka,All India except Central University,200172,"Hassan Institute of Medical Sciences, Hassan, K R PURAM, BEHIND DC OFFICE,HASSAN",All India,SC NO,4,Both
Karnataka,All India except Central University,200172,"Hassan Institute of Medical Sciences, Hassan, K R PURAM, BEHIND DC OFFICE,HASSAN",All India,ST NO,3,Both
Karnataka,All India except Central University,200610,"Haveri Institute of Medical Sciences, Haveri, Devagiri-Yellapura, Haveri-581110, Karnataka",All India,BC NO,6,Both
Karnataka,All India except Central University,200610,"Haveri Institute of Medical Sciences, Haveri, Devagiri-Yellapura, Haveri-581110, Karnataka",All India,EW NO,2,Both
Karnataka,All India except Central University,200610,"Haveri Institute of Medical Sciences, Haveri, Devagiri-Yellapura, Haveri-581110, Karnataka",All India,OP NO,10,Both
Karnataka,All India except Central University,200610,"Haveri Institute of Medical Sciences, Haveri, Devagiri-Yellapura, Haveri-581110, Karnataka",All India,SC NO,3,Both
Karnataka,All India except Central University,200610,"Haveri Institute of Medical Sciences, Haveri, Devagiri-Yellapura, Haveri-581110, Karnataka",All India,ST NO,1,Both
Karnataka,Deemed University,200536,"Jagadguru Gangadhar Mahaswamigalu Moorusavirmath Medical College JGMMMC, KLE Jagadguru Gangadhar Mahaswamigalu Moorusavirmath Medical College Gabbur Cross Hubballi",Non-Resident Indian,OP NO,37,Both
Karnataka,Deemed University,200536,"Jagadguru Gangadhar Mahaswamigalu Moorusavirmath Medical College JGMMMC, KLE Jagadguru Gangadhar Mahaswamigalu Moorusavirmath Medical College Gabbur Cross Hubballi",Self-Financed Merit Seat,OP NO,176,Both
Karnataka,Deemed University,200335,"Jawaharlal Nehru Medical College, Belgaum, J.N. Medical College Campus, Nehru Nagar, Belagavi-590010. Karnataka, India.",Non-Resident Indian,OP NO,37,Both
Karnataka,Deemed University,200335,"Jawaharlal Nehru Medical College, Belgaum, J.N. Medical College Campus, Nehru Nagar, Belagavi-590010. Karnataka, India.",Self-Financed Merit Seat,OP NO,201,Both
Karnataka,Deemed University,200337,"JSS Medical College, Mysore, The Principal JSS Medical College and Hospital Medical Institutions Campus S S Nagar Mysuru",Non-Resident Indian,OP NO,38,Both
Karnataka,Deemed University,200337,"JSS Medical College, Mysore, The Principal JSS Medical College and Hospital Medical Institutions Campus S S Nagar Mysuru",Self-Financed Merit Seat,OP NO,199,Both
Karnataka,Deemed University,200338,"K S Hegde Medical Academy, Mangalore, Deralakatte, Mangaluru, Dakshina Kannada Dist, Karnataka",Non-Resident Indian,OP NO,38,Both
Karnataka,Deemed University,200338,"K S Hegde Medical Academy, Mangalore, Deralakatte, Mangaluru, Dakshina Kannada Dist, Karnataka",Self-Financed Merit Seat,OP NO,174,Both
Karnataka,All India except Central University,200168,"K.H. Patil Institute of Medical Sciences (previously Gadag Institute of Medical Sciences, Mallasamudra, Mulgund Road, Gadag), GADAG INSTITUTE OF MEDICAL SCIENCES GADAG Mallasamudra,Gadag-582103",All India,BC NO,9,Both
Karnataka,All India except Central University,200168,"K.H. Patil Institute of Medical Sciences (previously Gadag Institute of Medical Sciences, Mallasamudra, Mulgund Road, Gadag), GADAG INSTITUTE OF MEDICAL SCIENCES GADAG Mallasamudra,Gadag-582103",All India,EW NO,3,Both
Karnataka,All India except Central University,200168,"K.H. Patil Institute of Medical Sciences (previously Gadag Institute of Medical Sciences, Mallasamudra, Mulgund Road, Gadag), GADAG INSTITUTE OF MEDICAL SCIENCES GADAG Mallasamudra,Gadag-582103",All India,OP NO,9,Both
Karnataka,All India except Central University,200168,"K.H. Patil Institute of Medical Sciences (previously Gadag Institute of Medical Sciences, Mallasamudra, Mulgund Road, Gadag), GADAG INSTITUTE OF MEDICAL SCIENCES GADAG Mallasamudra,Gadag-582103",All India,OP PH,1,Both
Karnataka,All India except Central University,200168,"K.H. Patil Institute of Medical Sciences (previously Gadag Institute of Medical Sciences, Mallasamudra, Mulgund Road, Gadag), GADAG INSTITUTE OF MEDICAL SCIENCES GADAG Mallasamudra,Gadag-582103",All India,SC NO,5,Both
Karnataka,All India except Central University,200168,"K.H. Patil Institute of Medical Sciences (previously Gadag Institute of Medical Sciences, Mallasamudra, Mulgund Road, Gadag), GADAG INSTITUTE OF MEDICAL SCIENCES GADAG Mallasamudra,Gadag-582103",All India,ST NO,3,Both
Karnataka,All India except Central University,200173,"Karnataka Medical College & Research Institute, Hubballi, P B ROAD VIDYANAGAR HUBBALLI",All India,BC NO,9,Both
Karnataka,All India except Central University,200173,"Karnataka Medical College & Research Institute, Hubballi, P B ROAD VIDYANAGAR HUBBALLI",All India,BC PH,1,Both
Karnataka,All India except Central University,200173,"Karnataka Medical College & Research Institute, Hubballi, P B ROAD VIDYANAGAR HUBBALLI",All India,EW NO,3,Both
Karnataka,All India except Central University,200173,"Karnataka Medical College & Research Institute, Hubballi, P B ROAD VIDYANAGAR HUBBALLI",All India,EW PH,1,Both
Karnataka,All India except Central University,200173,"Karnataka Medical College & Research Institute, Hubballi, P B ROAD VIDYANAGAR HUBBALLI",All India,OP NO,15,Both
Karnataka,All India except Central University,200173,"Karnataka Medical College & Research Institute, Hubballi, P B ROAD VIDYANAGAR HUBBALLI",All India,OP PH,1,Both
Karnataka,All India except Central University,200173,"Karnataka Medical College & Research Institute, Hubballi, P B ROAD VIDYANAGAR HUBBALLI",All India,SC NO,5,Both
Karnataka,All India except Central University,200173,"Karnataka Medical College & Research Institute, Hubballi, P B ROAD VIDYANAGAR HUBBALLI",All India,SC PH,1,Both
Karnataka,All India except Central University,200173,"Karnataka Medical College & Research Institute, Hubballi, P B ROAD VIDYANAGAR HUBBALLI",All India,ST NO,2,Both
Karnataka,All India except Central University,200174,"Karwar Institute of Medical Sciences, Karwar, DISTRICT HOSPITAL PREMISES, MG ROAD, KARWAR",All India,BC NO,8,Both
Karnataka,All India except Central University,200174,"Karwar Institute of Medical Sciences, Karwar, DISTRICT HOSPITAL PREMISES, MG ROAD, KARWAR",All India,EW NO,3,Both
Karnataka,All India except Central University,200174,"Karwar Institute of Medical Sciences, Karwar, DISTRICT HOSPITAL PREMISES, MG ROAD, KARWAR",All India,OP NO,12,Both
Karnataka,All India except Central University,200174,"Karwar Institute of Medical Sciences, Karwar, DISTRICT HOSPITAL PREMISES, MG ROAD, KARWAR",All India,SC NO,4,Both
Karnataka,All India except Central University,200174,"Karwar Institute of Medical Sciences, Karwar, DISTRICT HOSPITAL PREMISES, MG ROAD, KARWAR",All India,ST NO,3,Both
Karnataka,Deemed University,200339,"Kasturba Medical College, Mangalore, Light house Hill Road, Mangalore, India",Non-Resident Indian,OP NO,38,Both
Karnataka,Deemed University,200339,"Kasturba Medical College, Mangalore, Light house Hill Road, Mangalore, India",Self-Financed Merit Seat,OP NO,160,Both
Karnataka,Deemed University,200340,"Kasturba Medical College, Manipal, Madhav Nagar, Manipal, Karnataka State India",Non-Resident Indian,OP NO,37,Both
Karnataka,Deemed University,200340,"Kasturba Medical College, Manipal, Madhav Nagar, Manipal, Karnataka State India",Self-Financed Merit Seat,OP NO,213,Both
Karnataka,All India except Central University,200175,"Kodagu Institute of Medical Sciences, Kodagu, Kodagu Institute of Medical Sciences, Madikeri.",All India,BC NO,5,Both
Karnataka,All India except Central University,200175,"Kodagu Institute of Medical Sciences, Kodagu, Kodagu Institute of Medical Sciences, Madikeri.",All India,BC PH,1,Both
Karnataka,All India except Central University,200175,"Kodagu Institute of Medical Sciences, Kodagu, Kodagu Institute of Medical Sciences, Madikeri.",All India,EW NO,2,Both
Karnataka,All India except Central University,200175,"Kodagu Institute of Medical Sciences, Kodagu, Kodagu Institute of Medical Sciences, Madikeri.",All India,OP NO,9,Both
Karnataka,All India except Central University,200175,"Kodagu Institute of Medical Sciences, Kodagu, Kodagu Institute of Medical Sciences, Madikeri.",All India,OP PH,1,Both
Karnataka,All India except Central University,200175,"Kodagu Institute of Medical Sciences, Kodagu, Kodagu Institute of Medical Sciences, Madikeri.",All India,SC NO,3,Both
Karnataka,All India except Central University,200175,"Kodagu Institute of Medical Sciences, Kodagu, Kodagu Institute of Medical Sciences, Madikeri.",All India,ST NO,1,Both
Karnataka,All India except Central University,200176,"Koppal Institute of Medical Sciences, Koppal, DIRECTOR, KIMS,KOPPAL. GAGNAVATI ROAD, KIDDIDAL GATE,KOPPAL- 583231",All India,BC NO,8,Both
Karnataka,All India except Central University,200176,"Koppal Institute of Medical Sciences, Koppal, DIRECTOR, KIMS,KOPPAL. GAGNAVATI ROAD, KIDDIDAL GATE,KOPPAL- 583231",All India,EW NO,3,Both
Karnataka,All India except Central University,200176,"Koppal Institute of Medical Sciences, Koppal, DIRECTOR, KIMS,KOPPAL. GAGNAVATI ROAD, KIDDIDAL GATE,KOPPAL- 583231",All India,OP NO,11,Both
Karnataka,All India except Central University,200176,"Koppal Institute of Medical Sciences, Koppal, DIRECTOR, KIMS,KOPPAL. GAGNAVATI ROAD, KIDDIDAL GATE,KOPPAL- 583231",All India,SC NO,5,Both
Karnataka,All India except Central University,200176,"Koppal Institute of Medical Sciences, Koppal, DIRECTOR, KIMS,KOPPAL. GAGNAVATI ROAD, KIDDIDAL GATE,KOPPAL- 583231",All India,ST NO,3,Both
Karnataka,All India except Central University,200177,"Mandya Institute of Medical Sciences, Mandya, BANGALORE- MYSORE MAIN ROAD, MANDYA",All India,BC NO,8,Both
Karnataka,All India except Central University,200177,"Mandya Institute of Medical Sciences, Mandya, BANGALORE- MYSORE MAIN ROAD, MANDYA",All India,EW NO,3,Both
Karnataka,All India except Central University,200177,"Mandya Institute of Medical Sciences, Mandya, BANGALORE- MYSORE MAIN ROAD, MANDYA",All India,OP NO,12,Both
Karnataka,All India except Central University,200177,"Mandya Institute of Medical Sciences, Mandya, BANGALORE- MYSORE MAIN ROAD, MANDYA",All India,OP PH,1,Both
Karnataka,All India except Central University,200177,"Mandya Institute of Medical Sciences, Mandya, BANGALORE- MYSORE MAIN ROAD, MANDYA",All India,SC NO,3,Both
Karnataka,All India except Central University,200177,"Mandya Institute of Medical Sciences, Mandya, BANGALORE- MYSORE MAIN ROAD, MANDYA",All India,SC PH,1,Both
Karnataka,All India except Central University,200177,"Mandya Institute of Medical Sciences, Mandya, BANGALORE- MYSORE MAIN ROAD, MANDYA",All India,ST NO,1,Both
Karnataka,All India except Central University,200177,"Mandya Institute of Medical Sciences, Mandya, BANGALORE- MYSORE MAIN ROAD, MANDYA",All India,ST PH,1,Both
Karnataka,All India except Central University,200178,"Mysore Medical College and Research Instt. (Prev.name Government Medical College), Mysore, Mysore Medical College and Research Institute,Irwin Road, Mysore",All India,BC NO,9,Both
Karnataka,All India except Central University,200178,"Mysore Medical College and Research Instt. (Prev.name Government Medical College), Mysore, Mysore Medical College and Research Institute,Irwin Road, Mysore",All India,BC PH,1,Both
Karnataka,All India except Central University,200178,"Mysore Medical College and Research Instt. (Prev.name Government Medical College), Mysore, Mysore Medical College and Research Institute,Irwin Road, Mysore",All India,EW NO,4,Both
Karnataka,All India except Central University,200178,"Mysore Medical College and Research Instt. (Prev.name Government Medical College), Mysore, Mysore Medical College and Research Institute,Irwin Road, Mysore",All India,OP NO,14,Both
Karnataka,All India except Central University,200178,"Mysore Medical College and Research Instt. (Prev.name Government Medical College), Mysore, Mysore Medical College and Research Institute,Irwin Road, Mysore",All India,OP PH,1,Both
Karnataka,All India except Central University,200178,"Mysore Medical College and Research Instt. (Prev.name Government Medical College), Mysore, Mysore Medical College and Research Institute,Irwin Road, Mysore",All India,SC NO,6,Both
Karnataka,All India except Central University,200178,"Mysore Medical College and Research Instt. (Prev.name Government Medical College), Mysore, Mysore Medical College and Research Institute,Irwin Road, Mysore",All India,ST NO,3,Both
Karnataka,All India except Central University,200585,"Nandi Medical College and Research Institute Chikkaballapura (Chikkaballapura Institute of Medical Sciences Chikkaballapura ), AROORU VILLAGE,PERESANDRA POST, CHIKKABALLAPUR KARANATAKA",All India,BC NO,7,Both
Karnataka,All India except Central University,200585,"Nandi Medical College and Research Institute Chikkaballapura (Chikkaballapura Institute of Medical Sciences Chikkaballapura ), AROORU VILLAGE,PERESANDRA POST, CHIKKABALLAPUR KARANATAKA",All India,EW NO,2,Both
Karnataka,All India except Central University,200585,"Nandi Medical College and Research Institute Chikkaballapura (Chikkaballapura Institute of Medical Sciences Chikkaballapura ), AROORU VILLAGE,PERESANDRA POST, CHIKKABALLAPUR KARANATAKA",All India,EW PH,1,Both
Karnataka,All India except Central University,200585,"Nandi Medical College and Research Institute Chikkaballapura (Chikkaballapura Institute of Medical Sciences Chikkaballapura ), AROORU VILLAGE,PERESANDRA POST, CHIKKABALLAPUR KARANATAKA",All India,OP NO,7,Both
Karnataka,All India except Central University,200585,"Nandi Medical College and Research Institute Chikkaballapura (Chikkaballapura Institute of Medical Sciences Chikkaballapura ), AROORU VILLAGE,PERESANDRA POST, CHIKKABALLAPUR KARANATAKA",All India,SC NO,4,Both
Karnataka,All India except Central University,200585,"Nandi Medical College and Research Institute Chikkaballapura (Chikkaballapura Institute of Medical Sciences Chikkaballapura ), AROORU VILLAGE,PERESANDRA POST, CHIKKABALLAPUR KARANATAKA",All India,ST NO,2,Both
Karnataka,All India except Central University,200179,"Raichur Institute of Medical Sciences, Raichur, RAICHUR INSTITUTE OF MEDICAL SCIENCES INDUSTRIAL AREA, HYDERABAD ROAD, RAICHUR, Karnataka 584102",All India,BC NO,7,Both
Karnataka,All India except Central University,200179,"Raichur Institute of Medical Sciences, Raichur, RAICHUR INSTITUTE OF MEDICAL SCIENCES INDUSTRIAL AREA, HYDERABAD ROAD, RAICHUR, Karnataka 584102",All India,BC PH,1,Both
Karnataka,All India except Central University,200179,"Raichur Institute of Medical Sciences, Raichur, RAICHUR INSTITUTE OF MEDICAL SCIENCES INDUSTRIAL AREA, HYDERABAD ROAD, RAICHUR, Karnataka 584102",All India,EW NO,2,Both
Karnataka,All India except Central University,200179,"Raichur Institute of Medical Sciences, Raichur, RAICHUR INSTITUTE OF MEDICAL SCIENCES INDUSTRIAL AREA, HYDERABAD ROAD, RAICHUR, Karnataka 584102",All India,OP NO,13,Both
Karnataka,All India except Central University,200179,"Raichur Institute of Medical Sciences, Raichur, RAICHUR INSTITUTE OF MEDICAL SCIENCES INDUSTRIAL AREA, HYDERABAD ROAD, RAICHUR, Karnataka 584102",All India,OP PH,1,Both
Karnataka,All India except Central University,200179,"Raichur Institute of Medical Sciences, Raichur, RAICHUR INSTITUTE OF MEDICAL SCIENCES INDUSTRIAL AREA, HYDERABAD ROAD, RAICHUR, Karnataka 584102",All India,SC NO,4,Both
Karnataka,All India except Central University,200179,"Raichur Institute of Medical Sciences, Raichur, RAICHUR INSTITUTE OF MEDICAL SCIENCES INDUSTRIAL AREA, HYDERABAD ROAD, RAICHUR, Karnataka 584102",All India,ST NO,2,Both
Karnataka,Deemed University,200469,"Raja Rajeswari Medical College & Hospital, Bangalore, 202, Kambipura, Bengaluru Mysuru High Way,Kengeri Hobli, Bangalore, Karnataka",Non-Resident Indian,OP NO,38,Both
Karnataka,Deemed University,200469,"Raja Rajeswari Medical College & Hospital, Bangalore, 202, Kambipura, Bengaluru Mysuru High Way,Kengeri Hobli, Bangalore, Karnataka",Self-Financed Merit Seat,OP NO,212,Both
Karnataka,All India except Central University,200180,"Shimoga Institute of Medical Sciences, Shimoga, SAGAR ROAD, MCGANN HOSPITAL CAMPUS, SHIVAMOGGA",All India,BC NO,6,Both
Karnataka,All India except Central University,200180,"Shimoga Institute of Medical Sciences, Shimoga, SAGAR ROAD, MCGANN HOSPITAL CAMPUS, SHIVAMOGGA",All India,EW NO,3,Both
Karnataka,All India except Central University,200180,"Shimoga Institute of Medical Sciences, Shimoga, SAGAR ROAD, MCGANN HOSPITAL CAMPUS, SHIVAMOGGA",All India,OP NO,9,Both
Karnataka,All India except Central University,200180,"Shimoga Institute of Medical Sciences, Shimoga, SAGAR ROAD, MCGANN HOSPITAL CAMPUS, SHIVAMOGGA",All India,SC NO,3,Both
Karnataka,All India except Central University,200180,"Shimoga Institute of Medical Sciences, Shimoga, SAGAR ROAD, MCGANN HOSPITAL CAMPUS, SHIVAMOGGA",All India,ST NO,1,Both
Karnataka,All India except Central University,200476,"Shri Atal Bihari Vajpayee Medical College & Research Institute, SHIVAJINAGAR, BENGALURU",All India,BC NO,8,Both
Karnataka,All India except Central University,200476,"Shri Atal Bihari Vajpayee Medical College & Research Institute, SHIVAJINAGAR, BENGALURU",All India,EW NO,2,Both
Karnataka,All India except Central University,200476,"Shri Atal Bihari Vajpayee Medical College & Research Institute, SHIVAJINAGAR, BENGALURU",All India,OP NO,11,Both
Karnataka,All India except Central University,200476,"Shri Atal Bihari Vajpayee Medical College & Research Institute, SHIVAJINAGAR, BENGALURU",All India,OP PH,1,Both
Karnataka,All India except Central University,200476,"Shri Atal Bihari Vajpayee Medical College & Research Institute, SHIVAJINAGAR, BENGALURU",All India,SC NO,4,Both
Karnataka,All India except Central University,200476,"Shri Atal Bihari Vajpayee Medical College & Research Institute, SHIVAJINAGAR, BENGALURU",All India,SC PH,1,Both
Karnataka,All India except Central University,200476,"Shri Atal Bihari Vajpayee Medical College & Research Institute, SHIVAJINAGAR, BENGALURU",All India,ST NO,3,Both
Karnataka,Deemed University,200346,"Shri B M Patil Medical College, Hospital & Research Centre, Vijayapura (Bijapur, SMT BANGARAMMA SAJJAN CAMPUS B M PATIL ROAD (SOLAPUR ROAD) VIJAYAPURA KARNATAKA",Non-Resident Indian,OP NO,20,Both
Karnataka,Deemed University,200346,"Shri B M Patil Medical College, Hospital & Research Centre, Vijayapura (Bijapur, SMT BANGARAMMA SAJJAN CAMPUS B M PATIL ROAD (SOLAPUR ROAD) VIJAYAPURA KARNATAKA",Self-Financed Merit Seat,OP NO,230,Both
Karnataka,Deemed University,200347,"Sri Devaraj URS Medical College, Kolar, Post box No.7, SRI DEVARAJ URS MEDICAL COLLEGE, TAMAKA, KOLAR",Non-Resident Indian,OP NO,38,Both
Karnataka,Deemed University,200347,"Sri Devaraj URS Medical College, Kolar, Post box No.7, SRI DEVARAJ URS MEDICAL COLLEGE, TAMAKA, KOLAR",Self-Financed Merit Seat,OP NO,212,Both
Karnataka,Deemed University,200472,"Sri siddhartha Institute of Medical Sciences & Research Centre, Bangalore, SRI SIDDHARTHA INSTITUTE OF MEDICAL SCIENCES AND RESEARCH CENTRE T BEGUR NELAMANGALA TALUK BANGALOR",Non-Resident Indian,OP NO,38,Both
Karnataka,Deemed University,200472,"Sri siddhartha Institute of Medical Sciences & Research Centre, Bangalore, SRI SIDDHARTHA INSTITUTE OF MEDICAL SCIENCES AND RESEARCH CENTRE T BEGUR NELAMANGALA TALUK BANGALOR",Self-Financed Merit Seat,OP NO,212,Both
Karnataka,Deemed University,200349,"Sri Siddhartha Medical College, Tumkur, SRI SIDDHARTHA MEDICAL COLLEGE B.H. ROAD, AGALAKOTE TUMKUR",Non-Resident Indian,OP NO,38,Both
Karnataka,Deemed University,200349,"Sri Siddhartha Medical College, Tumkur, SRI SIDDHARTHA MEDICAL COLLEGE B.H. ROAD, AGALAKOTE TUMKUR",Self-Financed Merit Seat,OP NO,212,Both
Karnataka,All India except Central University,200181,"Vijaynagar Institute of Medical Sciences, Bellary, Cantonment, Ballari",All India,BC NO,9,Both
Karnataka,All India except Central University,200181,"Vijaynagar Institute of Medical Sciences, Bellary, Cantonment, Ballari",All India,BC PH,1,Both
Karnataka,All India except Central University,200181,"Vijaynagar Institute of Medical Sciences, Bellary, Cantonment, Ballari",All India,EW NO,4,Both
Karnataka,All India except Central University,200181,"Vijaynagar Institute of Medical Sciences, Bellary, Cantonment, Ballari",All India,OP NO,15,Both
Karnataka,All India except Central University,200181,"Vijaynagar Institute of Medical Sciences, Bellary, Cantonment, Ballari",All India,OP PH,1,Both
Karnataka,All India except Central University,200181,"Vijaynagar Institute of Medical Sciences, Bellary, Cantonment, Ballari",All India,SC NO,6,Both
Karnataka,All India except Central University,200181,"Vijaynagar Institute of Medical Sciences, Bellary, Cantonment, Ballari",All India,ST NO,2,Both
Karnataka,All India except Central University,200601,"Yadgiri Institute of Medical Sciences, Yadgiri, Chittapur Main Road, Yadgiri.",All India,BC NO,6,Both
Karnataka,All India except Central University,200601,"Yadgiri Institute of Medical Sciences, Yadgiri, Chittapur Main Road, Yadgiri.",All India,EW NO,3,Both
Karnataka,All India except Central University,200601,"Yadgiri Institute of Medical Sciences, Yadgiri, Chittapur Main Road, Yadgiri.",All India,OP NO,8,Both
Karnataka,All India except Central University,200601,"Yadgiri Institute of Medical Sciences, Yadgiri, Chittapur Main Road, Yadgiri.",All India,SC NO,3,Both
Karnataka,All India except Central University,200601,"Yadgiri Institute of Medical Sciences, Yadgiri, Chittapur Main Road, Yadgiri.",All India,ST NO,2,Both
Karnataka,Deemed University,200351,"Yenepoya Medical College, Mangalore, University Road Deralakatte Mangaluru",Muslim Minority Quota,OP NO,65,Both
Karnataka,Deemed University,200351,"Yenepoya Medical College, Mangalore, University Road Deralakatte Mangaluru",Non-Resident Indian,OP NO,38,Both
Karnataka,Deemed University,200351,"Yenepoya Medical College, Mangalore, University Road Deralakatte Mangaluru",Self-Financed Merit Seat,OP NO,110,Both
Kerala,Deemed University,200352,"Amrita School of Medicine, Elamkara, Kochi, Amrita School of Medicine, Amrita Institute of Medical Sciences AIMS Ponekkara P.O Kochi 682041",Non-Resident Indian,OP NO,23,Both
Kerala,Deemed University,200352,"Amrita School of Medicine, Elamkara, Kochi, Amrita School of Medicine, Amrita Institute of Medical Sciences AIMS Ponekkara P.O Kochi 682041",Self-Financed Merit Seat,OP NO,126,Both
Kerala,All India except Central University,200188,"Government Medical College (Institute of Integrated Medical Sciences), Yakkara, Palakkad, NH-544, EAST YAKKARA, KUNNATHURMEDU POST, PALAKKAD-678013",All India,BC NO,4,Both
Kerala,All India except Central University,200188,"Government Medical College (Institute of Integrated Medical Sciences), Yakkara, Palakkad, NH-544, EAST YAKKARA, KUNNATHURMEDU POST, PALAKKAD-678013",All India,EW NO,1,Both
Kerala,All India except Central University,200188,"Government Medical College (Institute of Integrated Medical Sciences), Yakkara, Palakkad, NH-544, EAST YAKKARA, KUNNATHURMEDU POST, PALAKKAD-678013",All India,OP NO,7,Both
Kerala,All India except Central University,200188,"Government Medical College (Institute of Integrated Medical Sciences), Yakkara, Palakkad, NH-544, EAST YAKKARA, KUNNATHURMEDU POST, PALAKKAD-678013",All India,SC NO,2,Both
Kerala,All India except Central University,200188,"Government Medical College (Institute of Integrated Medical Sciences), Yakkara, Palakkad, NH-544, EAST YAKKARA, KUNNATHURMEDU POST, PALAKKAD-678013",All India,ST NO,1,Both
Kerala,All India except Central University,904367,"Government Medical College Kasaragod, Govt. Medical College, Kasaragod, Ukkinadka, Badiadka panchayath, Kerala-671552",All India,BC NO,2,Both
Kerala,All India except Central University,904367,"Government Medical College Kasaragod, Govt. Medical College, Kasaragod, Ukkinadka, Badiadka panchayath, Kerala-671552",All India,EW NO,1,Both
Kerala,All India except Central University,904367,"Government Medical College Kasaragod, Govt. Medical College, Kasaragod, Ukkinadka, Badiadka panchayath, Kerala-671552",All India,OP NO,2,Both
Kerala,All India except Central University,904367,"Government Medical College Kasaragod, Govt. Medical College, Kasaragod, Ukkinadka, Badiadka panchayath, Kerala-671552",All India,OP PH,1,Both
Kerala,All India except Central University,904367,"Government Medical College Kasaragod, Govt. Medical College, Kasaragod, Ukkinadka, Badiadka panchayath, Kerala-671552",All India,SC NO,1,Both
Kerala,All India except Central University,904367,"Government Medical College Kasaragod, Govt. Medical College, Kasaragod, Ukkinadka, Badiadka panchayath, Kerala-671552",All India,ST NO,1,Both
Kerala,All India except Central University,200187,"Government Medical College, Ernakulam, HMT COLONY P O, KALAMASSERY, ERNAKULAM DISTRICT",All India,BC NO,4,Both
Kerala,All India except Central University,200187,"Government Medical College, Ernakulam, HMT COLONY P O, KALAMASSERY, ERNAKULAM DISTRICT",All India,BC PH,1,Both
Kerala,All India except Central University,200187,"Government Medical College, Ernakulam, HMT COLONY P O, KALAMASSERY, ERNAKULAM DISTRICT",All India,EW NO,2,Both
Kerala,All India except Central University,200187,"Government Medical College, Ernakulam, HMT COLONY P O, KALAMASSERY, ERNAKULAM DISTRICT",All India,OP NO,6,Both
Kerala,All India except Central University,200187,"Government Medical College, Ernakulam, HMT COLONY P O, KALAMASSERY, ERNAKULAM DISTRICT",All India,SC NO,3,Both
Kerala,All India except Central University,200187,"Government Medical College, Ernakulam, HMT COLONY P O, KALAMASSERY, ERNAKULAM DISTRICT",All India,ST NO,1,Both
Kerala,All India except Central University,200593,"Government Medical College, Idukki, Principal, Govt Medical College Idukki, Idukki colony P.O.,Idukki District",All India,BC NO,4,Both
Kerala,All India except Central University,200593,"Government Medical College, Idukki, Principal, Govt Medical College Idukki, Idukki colony P.O.,Idukki District",All India,EW NO,1,Both
Kerala,All India except Central University,200593,"Government Medical College, Idukki, Principal, Govt Medical College Idukki, Idukki colony P.O.,Idukki District",All India,EW PH,1,Both
Kerala,All India except Central University,200593,"Government Medical College, Idukki, Principal, Govt Medical College Idukki, Idukki colony P.O.,Idukki District",All India,OP NO,6,Both
Kerala,All India except Central University,200593,"Government Medical College, Idukki, Principal, Govt Medical College Idukki, Idukki colony P.O.,Idukki District",All India,SC NO,2,Both
Kerala,All India except Central University,200593,"Government Medical College, Idukki, Principal, Govt Medical College Idukki, Idukki colony P.O.,Idukki District",All India,ST NO,1,Both
Kerala,All India except Central University,200624,"Government Medical College, Konni, GOVERNMENT MEDICAL COLLEGE KONNI KUMMANNOOR PO KONNI PATHANAMTHITTA 689691",All India,BC NO,4,Both
Kerala,All India except Central University,200624,"Government Medical College, Konni, GOVERNMENT MEDICAL COLLEGE KONNI KUMMANNOOR PO KONNI PATHANAMTHITTA 689691",All India,EW NO,1,Both
Kerala,All India except Central University,200624,"Government Medical College, Konni, GOVERNMENT MEDICAL COLLEGE KONNI KUMMANNOOR PO KONNI PATHANAMTHITTA 689691",All India,OP NO,7,Both
Kerala,All India except Central University,200624,"Government Medical College, Konni, GOVERNMENT MEDICAL COLLEGE KONNI KUMMANNOOR PO KONNI PATHANAMTHITTA 689691",All India,SC NO,1,Both
Kerala,All India except Central University,200624,"Government Medical College, Konni, GOVERNMENT MEDICAL COLLEGE KONNI KUMMANNOOR PO KONNI PATHANAMTHITTA 689691",All India,SC PH,1,Both
Kerala,All India except Central University,200624,"Government Medical College, Konni, GOVERNMENT MEDICAL COLLEGE KONNI KUMMANNOOR PO KONNI PATHANAMTHITTA 689691",All India,ST PH,1,Both
Kerala,All India except Central University,200193,"Government Medical College, Kottayam, GANDHINAGAR P O KOTTAYAM KERALA 686008",All India,BC NO,7,Both
Kerala,All India except Central University,200193,"Government Medical College, Kottayam, GANDHINAGAR P O KOTTAYAM KERALA 686008",All India,EW NO,2,Both
Kerala,All India except Central University,200193,"Government Medical College, Kottayam, GANDHINAGAR P O KOTTAYAM KERALA 686008",All India,OP NO,10,Both
Kerala,All India except Central University,200193,"Government Medical College, Kottayam, GANDHINAGAR P O KOTTAYAM KERALA 686008",All India,OP PH,1,Both
Kerala,All India except Central University,200193,"Government Medical College, Kottayam, GANDHINAGAR P O KOTTAYAM KERALA 686008",All India,SC NO,4,Both
Kerala,All India except Central University,200193,"Government Medical College, Kottayam, GANDHINAGAR P O KOTTAYAM KERALA 686008",All India,ST NO,2,Both
Kerala,All India except Central University,200194,"Government Medical College, Kozhikode, Calicut, Principal, Govt. Medical College, Medical College (P.O)- Kozhikode",All India,BC NO,9,Both
Kerala,All India except Central University,200194,"Government Medical College, Kozhikode, Calicut, Principal, Govt. Medical College, Medical College (P.O)- Kozhikode",All India,BC PH,1,Both
Kerala,All India except Central University,200194,"Government Medical College, Kozhikode, Calicut, Principal, Govt. Medical College, Medical College (P.O)- Kozhikode",All India,EW NO,4,Both
Kerala,All India except Central University,200194,"Government Medical College, Kozhikode, Calicut, Principal, Govt. Medical College, Medical College (P.O)- Kozhikode",All India,OP NO,13,Both
Kerala,All India except Central University,200194,"Government Medical College, Kozhikode, Calicut, Principal, Govt. Medical College, Medical College (P.O)- Kozhikode",All India,OP PH,1,Both
Kerala,All India except Central University,200194,"Government Medical College, Kozhikode, Calicut, Principal, Govt. Medical College, Medical College (P.O)- Kozhikode",All India,SC NO,6,Both
Kerala,All India except Central University,200194,"Government Medical College, Kozhikode, Calicut, Principal, Govt. Medical College, Medical College (P.O)- Kozhikode",All India,ST NO,3,Both
Kerala,All India except Central University,200183,"Government Medical College, Manjeri, Malapuram Dist., GOVERNMENT MEDICAL COLLEGE, MANJERI, MALAPPURAM",All India,BC NO,4,Both
Kerala,All India except Central University,200183,"Government Medical College, Manjeri, Malapuram Dist., GOVERNMENT MEDICAL COLLEGE, MANJERI, MALAPPURAM",All India,EW NO,2,Both
Kerala,All India except Central University,200183,"Government Medical College, Manjeri, Malapuram Dist., GOVERNMENT MEDICAL COLLEGE, MANJERI, MALAPPURAM",All India,OP NO,7,Both
Kerala,All India except Central University,200183,"Government Medical College, Manjeri, Malapuram Dist., GOVERNMENT MEDICAL COLLEGE, MANJERI, MALAPPURAM",All India,SC NO,2,Both
Kerala,All India except Central University,200183,"Government Medical College, Manjeri, Malapuram Dist., GOVERNMENT MEDICAL COLLEGE, MANJERI, MALAPPURAM",All India,ST NO,1,Both
Kerala,All India except Central University,200195,"Government Medical College, Thrissur, Govt.Medical College,Thrissur,Medical College P.O, Pin -680596, Thrissur District.",All India,BC NO,7,Both
Kerala,All India except Central University,200195,"Government Medical College, Thrissur, Govt.Medical College,Thrissur,Medical College P.O, Pin -680596, Thrissur District.",All India,EW NO,2,Both
Kerala,All India except Central University,200195,"Government Medical College, Thrissur, Govt.Medical College,Thrissur,Medical College P.O, Pin -680596, Thrissur District.",All India,OP NO,10,Both
Kerala,All India except Central University,200195,"Government Medical College, Thrissur, Govt.Medical College,Thrissur,Medical College P.O, Pin -680596, Thrissur District.",All India,OP PH,1,Both
Kerala,All India except Central University,200195,"Government Medical College, Thrissur, Govt.Medical College,Thrissur,Medical College P.O, Pin -680596, Thrissur District.",All India,SC NO,4,Both
Kerala,All India except Central University,200195,"Government Medical College, Thrissur, Govt.Medical College,Thrissur,Medical College P.O, Pin -680596, Thrissur District.",All India,ST NO,2,Both
Kerala,All India except Central University,904368,"Government Medical College, Wayanad, Government Medical College, Wayanad, Mananthavady P.O., Wayanad, Kerala- 670645",All India,BC NO,1,Both
Kerala,All India except Central University,904368,"Government Medical College, Wayanad, Government Medical College, Wayanad, Mananthavady P.O., Wayanad, Kerala- 670645",All India,BC PH,1,Both
Kerala,All India except Central University,904368,"Government Medical College, Wayanad, Government Medical College, Wayanad, Mananthavady P.O., Wayanad, Kerala- 670645",All India,EW NO,1,Both
Kerala,All India except Central University,904368,"Government Medical College, Wayanad, Government Medical College, Wayanad, Mananthavady P.O., Wayanad, Kerala- 670645",All India,OP NO,3,Both
Kerala,All India except Central University,904368,"Government Medical College, Wayanad, Government Medical College, Wayanad, Mananthavady P.O., Wayanad, Kerala- 670645",All India,SC NO,1,Both
Kerala,All India except Central University,904368,"Government Medical College, Wayanad, Government Medical College, Wayanad, Mananthavady P.O., Wayanad, Kerala- 670645",All India,ST NO,1,Both
Kerala,All India except Central University,200186,"Government Medical College,ESIC, Parippally, Kollam, Parippally Kollam 691574",All India,BC NO,5,Both
Kerala,All India except Central University,200186,"Government Medical College,ESIC, Parippally, Kollam, Parippally Kollam 691574",All India,EW NO,1,Both
Kerala,All India except Central University,200186,"Government Medical College,ESIC, Parippally, Kollam, Parippally Kollam 691574",All India,OP NO,6,Both
Kerala,All India except Central University,200186,"Government Medical College,ESIC, Parippally, Kollam, Parippally Kollam 691574",All India,SC NO,2,Both
Kerala,All India except Central University,200186,"Government Medical College,ESIC, Parippally, Kollam, Parippally Kollam 691574",All India,SC PH,1,Both
Kerala,All India except Central University,200186,"Government Medical College,ESIC, Parippally, Kollam, Parippally Kollam 691574",All India,ST NO,1,Both
Kerala,All India except Central University,200186,"Government Medical College,ESIC, Parippally, Kollam, Parippally Kollam 691574",Employees State Insurance,BC NO,9,Both
Kerala,All India except Central University,200186,"Government Medical College,ESIC, Parippally, Kollam, Parippally Kollam 691574",Employees State Insurance,BC PH,1,Both
Kerala,All India except Central University,200186,"Government Medical College,ESIC, Parippally, Kollam, Parippally Kollam 691574",Employees State Insurance,EW NO,3,Both
Kerala,All India except Central University,200186,"Government Medical College,ESIC, Parippally, Kollam, Parippally Kollam 691574",Employees State Insurance,EW PH,1,Both
Kerala,All India except Central University,200186,"Government Medical College,ESIC, Parippally, Kollam, Parippally Kollam 691574",Employees State Insurance,OP NO,15,Both
Kerala,All India except Central University,200186,"Government Medical College,ESIC, Parippally, Kollam, Parippally Kollam 691574",Employees State Insurance,OP PH,1,Both
Kerala,All India except Central University,200186,"Government Medical College,ESIC, Parippally, Kollam, Parippally Kollam 691574",Employees State Insurance,SC NO,5,Both
Kerala,All India except Central University,200186,"Government Medical College,ESIC, Parippally, Kollam, Parippally Kollam 691574",Employees State Insurance,SC PH,1,Both
Kerala,All India except Central University,200186,"Government Medical College,ESIC, Parippally, Kollam, Parippally Kollam 691574",Employees State Insurance,ST NO,3,Both
Kerala,All India except Central University,200485,"Govt. Medical College,Pariyaram, Kannur (Prev. Known as Academy of Medical Sciences), P.O Pariyaram Medical College, Kannur, Kerala 670503",All India,BC NO,4,Both
Kerala,All India except Central University,200485,"Govt. Medical College,Pariyaram, Kannur (Prev. Known as Academy of Medical Sciences), P.O Pariyaram Medical College, Kannur, Kerala 670503",All India,EW NO,2,Both
Kerala,All India except Central University,200485,"Govt. Medical College,Pariyaram, Kannur (Prev. Known as Academy of Medical Sciences), P.O Pariyaram Medical College, Kannur, Kerala 670503",All India,OP NO,6,Both
Kerala,All India except Central University,200485,"Govt. Medical College,Pariyaram, Kannur (Prev. Known as Academy of Medical Sciences), P.O Pariyaram Medical College, Kannur, Kerala 670503",All India,SC NO,2,Both
Kerala,All India except Central University,200485,"Govt. Medical College,Pariyaram, Kannur (Prev. Known as Academy of Medical Sciences), P.O Pariyaram Medical College, Kannur, Kerala 670503",All India,ST NO,1,Both
Kerala,All India except Central University,200196,"Medical College, Thiruvananthapuram, OFFICE OF THE PRINCIPAL,GOVT.MEDICAL COLLEGE THIRUVANANTHAPURAM,MEDICAL COLLEGE PO,KERALA",All India,BC NO,10,Both
Kerala,All India except Central University,200196,"Medical College, Thiruvananthapuram, OFFICE OF THE PRINCIPAL,GOVT.MEDICAL COLLEGE THIRUVANANTHAPURAM,MEDICAL COLLEGE PO,KERALA",All India,EW NO,4,Both
Kerala,All India except Central University,200196,"Medical College, Thiruvananthapuram, OFFICE OF THE PRINCIPAL,GOVT.MEDICAL COLLEGE THIRUVANANTHAPURAM,MEDICAL COLLEGE PO,KERALA",All India,OP NO,14,Both
Kerala,All India except Central University,200196,"Medical College, Thiruvananthapuram, OFFICE OF THE PRINCIPAL,GOVT.MEDICAL COLLEGE THIRUVANANTHAPURAM,MEDICAL COLLEGE PO,KERALA",All India,OP PH,1,Both
Kerala,All India except Central University,200196,"Medical College, Thiruvananthapuram, OFFICE OF THE PRINCIPAL,GOVT.MEDICAL COLLEGE THIRUVANANTHAPURAM,MEDICAL COLLEGE PO,KERALA",All India,SC NO,5,Both
Kerala,All India except Central University,200196,"Medical College, Thiruvananthapuram, OFFICE OF THE PRINCIPAL,GOVT.MEDICAL COLLEGE THIRUVANANTHAPURAM,MEDICAL COLLEGE PO,KERALA",All India,ST NO,3,Both
Kerala,All India except Central University,200197,"T D Medical College, Alleppey (Allappuzha), GOVERNMENT T.D.MEDICAL COLLEGE, VANDANAM.PO, ALAPPUZHA",All India,BC NO,6,Both
Kerala,All India except Central University,200197,"T D Medical College, Alleppey (Allappuzha), GOVERNMENT T.D.MEDICAL COLLEGE, VANDANAM.PO, ALAPPUZHA",All India,BC PH,1,Both
Kerala,All India except Central University,200197,"T D Medical College, Alleppey (Allappuzha), GOVERNMENT T.D.MEDICAL COLLEGE, VANDANAM.PO, ALAPPUZHA",All India,EW NO,1,Both
Kerala,All India except Central University,200197,"T D Medical College, Alleppey (Allappuzha), GOVERNMENT T.D.MEDICAL COLLEGE, VANDANAM.PO, ALAPPUZHA",All India,EW PH,1,Both
Kerala,All India except Central University,200197,"T D Medical College, Alleppey (Allappuzha), GOVERNMENT T.D.MEDICAL COLLEGE, VANDANAM.PO, ALAPPUZHA",All India,OP NO,10,Both
Kerala,All India except Central University,200197,"T D Medical College, Alleppey (Allappuzha), GOVERNMENT T.D.MEDICAL COLLEGE, VANDANAM.PO, ALAPPUZHA",All India,OP PH,1,Both
Kerala,All India except Central University,200197,"T D Medical College, Alleppey (Allappuzha), GOVERNMENT T.D.MEDICAL COLLEGE, VANDANAM.PO, ALAPPUZHA",All India,SC NO,4,Both
Kerala,All India except Central University,200197,"T D Medical College, Alleppey (Allappuzha), GOVERNMENT T.D.MEDICAL COLLEGE, VANDANAM.PO, ALAPPUZHA",All India,ST NO,2,Both
Madhya Pradesh,All India Institute Of Medical Science(AIIMS),200503,"AIIMS-Bhopal,, SAKET NAGAR BHOPAL",Open Seat Quota,BC NO,33,Both
Madhya Pradesh,All India Institute Of Medical Science(AIIMS),200503,"AIIMS-Bhopal,, SAKET NAGAR BHOPAL",Open Seat Quota,BC PH,1,Both
Madhya Pradesh,All India Institute Of Medical Science(AIIMS),200503,"AIIMS-Bhopal,, SAKET NAGAR BHOPAL",Open Seat Quota,EW NO,11,Both
Madhya Pradesh,All India Institute Of Medical Science(AIIMS),200503,"AIIMS-Bhopal,, SAKET NAGAR BHOPAL",Open Seat Quota,EW PH,1,Both
Madhya Pradesh,All India Institute Of Medical Science(AIIMS),200503,"AIIMS-Bhopal,, SAKET NAGAR BHOPAL",Open Seat Quota,OP NO,49,Both
Madhya Pradesh,All India Institute Of Medical Science(AIIMS),200503,"AIIMS-Bhopal,, SAKET NAGAR BHOPAL",Open Seat Quota,OP PH,2,Both
Madhya Pradesh,All India Institute Of Medical Science(AIIMS),200503,"AIIMS-Bhopal,, SAKET NAGAR BHOPAL",Open Seat Quota,SC NO,18,Both
Madhya Pradesh,All India Institute Of Medical Science(AIIMS),200503,"AIIMS-Bhopal,, SAKET NAGAR BHOPAL",Open Seat Quota,SC PH,1,Both
Madhya Pradesh,All India Institute Of Medical Science(AIIMS),200503,"AIIMS-Bhopal,, SAKET NAGAR BHOPAL",Open Seat Quota,ST NO,8,Both
Madhya Pradesh,All India Institute Of Medical Science(AIIMS),200503,"AIIMS-Bhopal,, SAKET NAGAR BHOPAL",Open Seat Quota,ST PH,1,Both
Madhya Pradesh,All India except Central University,200198,"Bundelkhand Medical College, Sagar, Shivaji ward, tili Road, Sagar",All India,BC NO,6,Both
Madhya Pradesh,All India except Central University,200198,"Bundelkhand Medical College, Sagar, Shivaji ward, tili Road, Sagar",All India,EW NO,2,Both
Madhya Pradesh,All India except Central University,200198,"Bundelkhand Medical College, Sagar, Shivaji ward, tili Road, Sagar",All India,OP NO,9,Both
Madhya Pradesh,All India except Central University,200198,"Bundelkhand Medical College, Sagar, Shivaji ward, tili Road, Sagar",All India,SC NO,4,Both
Madhya Pradesh,All India except Central University,200198,"Bundelkhand Medical College, Sagar, Shivaji ward, tili Road, Sagar",All India,ST NO,2,Both
Madhya Pradesh,All India except Central University,200479,"Dr. LAXMINARAYAN PANDEY GOVT. MEDICAL COLLEGE, RATLAM, Gram Banjali, Sailana Road, NH927A, Madhya Pradesh 457001, India",All India,BC NO,7,Both
Madhya Pradesh,All India except Central University,200479,"Dr. LAXMINARAYAN PANDEY GOVT. MEDICAL COLLEGE, RATLAM, Gram Banjali, Sailana Road, NH927A, Madhya Pradesh 457001, India",All India,BC PH,1,Both
Madhya Pradesh,All India except Central University,200479,"Dr. LAXMINARAYAN PANDEY GOVT. MEDICAL COLLEGE, RATLAM, Gram Banjali, Sailana Road, NH927A, Madhya Pradesh 457001, India",All India,EW NO,4,Both
Madhya Pradesh,All India except Central University,200479,"Dr. LAXMINARAYAN PANDEY GOVT. MEDICAL COLLEGE, RATLAM, Gram Banjali, Sailana Road, NH927A, Madhya Pradesh 457001, India",All India,OP NO,11,Both
Madhya Pradesh,All India except Central University,200479,"Dr. LAXMINARAYAN PANDEY GOVT. MEDICAL COLLEGE, RATLAM, Gram Banjali, Sailana Road, NH927A, Madhya Pradesh 457001, India",All India,OP PH,1,Both
Madhya Pradesh,All India except Central University,200479,"Dr. LAXMINARAYAN PANDEY GOVT. MEDICAL COLLEGE, RATLAM, Gram Banjali, Sailana Road, NH927A, Madhya Pradesh 457001, India",All India,SC NO,3,Both
Madhya Pradesh,All India except Central University,200479,"Dr. LAXMINARAYAN PANDEY GOVT. MEDICAL COLLEGE, RATLAM, Gram Banjali, Sailana Road, NH927A, Madhya Pradesh 457001, India",All India,SC PH,1,Both
Madhya Pradesh,All India except Central University,200479,"Dr. LAXMINARAYAN PANDEY GOVT. MEDICAL COLLEGE, RATLAM, Gram Banjali, Sailana Road, NH927A, Madhya Pradesh 457001, India",All India,ST NO,1,Both
Madhya Pradesh,All India except Central University,200479,"Dr. LAXMINARAYAN PANDEY GOVT. MEDICAL COLLEGE, RATLAM, Gram Banjali, Sailana Road, NH927A, Madhya Pradesh 457001, India",All India,ST PH,1,Both
Madhya Pradesh,All India except Central University,904548,"ESIC MEDICAL COLLEGE AND HOSPITAL,INDORE, ESIC Medical College and Hospital, Nanda Nagar, Indore",All India,BC NO,2,Both
Madhya Pradesh,All India except Central University,904548,"ESIC MEDICAL COLLEGE AND HOSPITAL,INDORE, ESIC Medical College and Hospital, Nanda Nagar, Indore",All India,OP NO,4,Both
Madhya Pradesh,All India except Central University,904548,"ESIC MEDICAL COLLEGE AND HOSPITAL,INDORE, ESIC Medical College and Hospital, Nanda Nagar, Indore",All India,SC NO,1,Both
Madhya Pradesh,All India except Central University,904548,"ESIC MEDICAL COLLEGE AND HOSPITAL,INDORE, ESIC Medical College and Hospital, Nanda Nagar, Indore",Employees State Insurance Scheme(ESI),BC NO,5,Both
Madhya Pradesh,All India except Central University,904548,"ESIC MEDICAL COLLEGE AND HOSPITAL,INDORE, ESIC Medical College and Hospital, Nanda Nagar, Indore",Employees State Insurance Scheme(ESI),EW NO,2,Both
Madhya Pradesh,All India except Central University,904548,"ESIC MEDICAL COLLEGE AND HOSPITAL,INDORE, ESIC Medical College and Hospital, Nanda Nagar, Indore",Employees State Insurance Scheme(ESI),OP NO,6,Both
Madhya Pradesh,All India except Central University,904548,"ESIC MEDICAL COLLEGE AND HOSPITAL,INDORE, ESIC Medical College and Hospital, Nanda Nagar, Indore",Employees State Insurance Scheme(ESI),SC NO,3,Both
Madhya Pradesh,All India except Central University,904548,"ESIC MEDICAL COLLEGE AND HOSPITAL,INDORE, ESIC Medical College and Hospital, Nanda Nagar, Indore",Employees State Insurance Scheme(ESI),ST NO,2,Both
Madhya Pradesh,All India except Central University,200199,"Gajra Raja Medical College, Gwalior, VEER SAVARKAR ROAD, GWALIOR",All India,BC NO,10,Both
Madhya Pradesh,All India except Central University,200199,"Gajra Raja Medical College, Gwalior, VEER SAVARKAR ROAD, GWALIOR",All India,EW NO,4,Both
Madhya Pradesh,All India except Central University,200199,"Gajra Raja Medical College, Gwalior, VEER SAVARKAR ROAD, GWALIOR",All India,OP NO,13,Both
Madhya Pradesh,All India except Central University,200199,"Gajra Raja Medical College, Gwalior, VEER SAVARKAR ROAD, GWALIOR",All India,OP PH,1,Both
Madhya Pradesh,All India except Central University,200199,"Gajra Raja Medical College, Gwalior, VEER SAVARKAR ROAD, GWALIOR",All India,SC NO,6,Both
Madhya Pradesh,All India except Central University,200199,"Gajra Raja Medical College, Gwalior, VEER SAVARKAR ROAD, GWALIOR",All India,ST NO,3,Both
Madhya Pradesh,All India except Central University,200200,"Gandhi Medical College, Bhopal, Royal Market Sultania Road Bhopal",All India,BC NO,9,Both
Madhya Pradesh,All India except Central University,200200,"Gandhi Medical College, Bhopal, Royal Market Sultania Road Bhopal",All India,BC PH,1,Both
Madhya Pradesh,All India except Central University,200200,"Gandhi Medical College, Bhopal, Royal Market Sultania Road Bhopal",All India,EW NO,4,Both
Madhya Pradesh,All India except Central University,200200,"Gandhi Medical College, Bhopal, Royal Market Sultania Road Bhopal",All India,OP NO,15,Both
Madhya Pradesh,All India except Central University,200200,"Gandhi Medical College, Bhopal, Royal Market Sultania Road Bhopal",All India,SC NO,5,Both
Madhya Pradesh,All India except Central University,200200,"Gandhi Medical College, Bhopal, Royal Market Sultania Road Bhopal",All India,ST NO,3,Both
Madhya Pradesh,All India except Central University,904352,"GOVERMENT MEDICAL COLLEGE, SHEOPUR, GOVERNMENT MEDICAL COLLEGE Village Nagda, near Nageshwar Mandir Sheopur M.P.",All India,BC NO,4,Both
Madhya Pradesh,All India except Central University,904352,"GOVERMENT MEDICAL COLLEGE, SHEOPUR, GOVERNMENT MEDICAL COLLEGE Village Nagda, near Nageshwar Mandir Sheopur M.P.",All India,EW NO,1,Both
Madhya Pradesh,All India except Central University,904352,"GOVERMENT MEDICAL COLLEGE, SHEOPUR, GOVERNMENT MEDICAL COLLEGE Village Nagda, near Nageshwar Mandir Sheopur M.P.",All India,OP NO,5,Both
Madhya Pradesh,All India except Central University,904352,"GOVERMENT MEDICAL COLLEGE, SHEOPUR, GOVERNMENT MEDICAL COLLEGE Village Nagda, near Nageshwar Mandir Sheopur M.P.",All India,OP PH,1,Both
Madhya Pradesh,All India except Central University,904352,"GOVERMENT MEDICAL COLLEGE, SHEOPUR, GOVERNMENT MEDICAL COLLEGE Village Nagda, near Nageshwar Mandir Sheopur M.P.",All India,SC NO,3,Both
Madhya Pradesh,All India except Central University,904352,"GOVERMENT MEDICAL COLLEGE, SHEOPUR, GOVERNMENT MEDICAL COLLEGE Village Nagda, near Nageshwar Mandir Sheopur M.P.",All India,ST NO,1,Both
Madhya Pradesh,All India except Central University,904351,"GOVERNMENT MEDICAL COLLEGE SINGRAULI , Government Medical College Village Naugadh Waidhan Singrauli Madhya Pradesh",All India,BC NO,4,Both
Madhya Pradesh,All India except Central University,904351,"GOVERNMENT MEDICAL COLLEGE SINGRAULI , Government Medical College Village Naugadh Waidhan Singrauli Madhya Pradesh",All India,EW NO,2,Both
Madhya Pradesh,All India except Central University,904351,"GOVERNMENT MEDICAL COLLEGE SINGRAULI , Government Medical College Village Naugadh Waidhan Singrauli Madhya Pradesh",All India,OP NO,6,Both
Madhya Pradesh,All India except Central University,904351,"GOVERNMENT MEDICAL COLLEGE SINGRAULI , Government Medical College Village Naugadh Waidhan Singrauli Madhya Pradesh",All India,SC NO,2,Both
Madhya Pradesh,All India except Central University,904351,"GOVERNMENT MEDICAL COLLEGE SINGRAULI , Government Medical College Village Naugadh Waidhan Singrauli Madhya Pradesh",All India,ST NO,1,Both
Madhya Pradesh,All India except Central University,200468,"Government Medical College, Chhindwara, MP, Teachers Colony, Chhindwara, Madhya Pradesh 480001",All India,BC NO,6,Both
Madhya Pradesh,All India except Central University,200468,"Government Medical College, Chhindwara, MP, Teachers Colony, Chhindwara, Madhya Pradesh 480001",All India,EW NO,1,Both
Madhya Pradesh,All India except Central University,200468,"Government Medical College, Chhindwara, MP, Teachers Colony, Chhindwara, Madhya Pradesh 480001",All India,EW PH,1,Both
Madhya Pradesh,All India except Central University,200468,"Government Medical College, Chhindwara, MP, Teachers Colony, Chhindwara, Madhya Pradesh 480001",All India,OP NO,10,Both
Madhya Pradesh,All India except Central University,200468,"Government Medical College, Chhindwara, MP, Teachers Colony, Chhindwara, Madhya Pradesh 480001",All India,SC NO,2,Both
Madhya Pradesh,All India except Central University,200468,"Government Medical College, Chhindwara, MP, Teachers Colony, Chhindwara, Madhya Pradesh 480001",All India,SC PH,1,Both
Madhya Pradesh,All India except Central University,200468,"Government Medical College, Chhindwara, MP, Teachers Colony, Chhindwara, Madhya Pradesh 480001",All India,ST NO,2,Both
Madhya Pradesh,All India except Central University,200431,"Government Medical College, Datia, MP, NEAR 29TH BATTALION, N.H.75, DATIA",All India,BC NO,4,Both
Madhya Pradesh,All India except Central University,200431,"Government Medical College, Datia, MP, NEAR 29TH BATTALION, N.H.75, DATIA",All India,BC PH,1,Both
Madhya Pradesh,All India except Central University,200431,"Government Medical College, Datia, MP, NEAR 29TH BATTALION, N.H.75, DATIA",All India,EW NO,2,Both
Madhya Pradesh,All India except Central University,200431,"Government Medical College, Datia, MP, NEAR 29TH BATTALION, N.H.75, DATIA",All India,OP NO,6,Both
Madhya Pradesh,All India except Central University,200431,"Government Medical College, Datia, MP, NEAR 29TH BATTALION, N.H.75, DATIA",All India,OP PH,1,Both
Madhya Pradesh,All India except Central University,200431,"Government Medical College, Datia, MP, NEAR 29TH BATTALION, N.H.75, DATIA",All India,SC NO,3,Both
Madhya Pradesh,All India except Central University,200431,"Government Medical College, Datia, MP, NEAR 29TH BATTALION, N.H.75, DATIA",All India,ST NO,1,Both
Madhya Pradesh,All India except Central University,200480,"Government Medical College, Khandwa, MP, Luv-Kush Nagar,Mundi Road,Khandwa (M.P.)",All India,BC NO,5,Both
Madhya Pradesh,All India except Central University,200480,"Government Medical College, Khandwa, MP, Luv-Kush Nagar,Mundi Road,Khandwa (M.P.)",All India,EW NO,1,Both
Madhya Pradesh,All India except Central University,200480,"Government Medical College, Khandwa, MP, Luv-Kush Nagar,Mundi Road,Khandwa (M.P.)",All India,OP NO,7,Both
Madhya Pradesh,All India except Central University,200480,"Government Medical College, Khandwa, MP, Luv-Kush Nagar,Mundi Road,Khandwa (M.P.)",All India,SC NO,3,Both
Madhya Pradesh,All India except Central University,200480,"Government Medical College, Khandwa, MP, Luv-Kush Nagar,Mundi Road,Khandwa (M.P.)",All India,ST NO,2,Both
Madhya Pradesh,All India except Central University,200657,"Government Medical College, Satna, Near Kendriya Vidyalaya No. 2, Kripalpur Satna",All India,BC NO,6,Both
Madhya Pradesh,All India except Central University,200657,"Government Medical College, Satna, Near Kendriya Vidyalaya No. 2, Kripalpur Satna",All India,EW NO,3,Both
Madhya Pradesh,All India except Central University,200657,"Government Medical College, Satna, Near Kendriya Vidyalaya No. 2, Kripalpur Satna",All India,OP NO,8,Both
Madhya Pradesh,All India except Central University,200657,"Government Medical College, Satna, Near Kendriya Vidyalaya No. 2, Kripalpur Satna",All India,OP PH,1,Both
Madhya Pradesh,All India except Central University,200657,"Government Medical College, Satna, Near Kendriya Vidyalaya No. 2, Kripalpur Satna",All India,SC NO,3,Both
Madhya Pradesh,All India except Central University,200657,"Government Medical College, Satna, Near Kendriya Vidyalaya No. 2, Kripalpur Satna",All India,ST NO,1,Both
Madhya Pradesh,All India except Central University,902825,"Government Medical College, Seoni, Government Medical College, Kandipaar Village, Seoni",All India,BC NO,4,Both
Madhya Pradesh,All India except Central University,902825,"Government Medical College, Seoni, Government Medical College, Kandipaar Village, Seoni",All India,EW NO,1,Both
Madhya Pradesh,All India except Central University,902825,"Government Medical College, Seoni, Government Medical College, Kandipaar Village, Seoni",All India,OP NO,7,Both
Madhya Pradesh,All India except Central University,902825,"Government Medical College, Seoni, Government Medical College, Kandipaar Village, Seoni",All India,SC NO,2,Both
Madhya Pradesh,All India except Central University,902825,"Government Medical College, Seoni, Government Medical College, Kandipaar Village, Seoni",All India,ST NO,1,Both
Madhya Pradesh,All India except Central University,200471,"Government Medical College, Shahdol, MP, GRAM CHAMPA KUDRI ROAD NEAR NEW BUS STAND SHAHDOL MP",All India,BC NO,3,Both
Madhya Pradesh,All India except Central University,200471,"Government Medical College, Shahdol, MP, GRAM CHAMPA KUDRI ROAD NEAR NEW BUS STAND SHAHDOL MP",All India,BC PH,1,Both
Madhya Pradesh,All India except Central University,200471,"Government Medical College, Shahdol, MP, GRAM CHAMPA KUDRI ROAD NEAR NEW BUS STAND SHAHDOL MP",All India,EW NO,2,Both
Madhya Pradesh,All India except Central University,200471,"Government Medical College, Shahdol, MP, GRAM CHAMPA KUDRI ROAD NEAR NEW BUS STAND SHAHDOL MP",All India,OP NO,5,Both
Madhya Pradesh,All India except Central University,200471,"Government Medical College, Shahdol, MP, GRAM CHAMPA KUDRI ROAD NEAR NEW BUS STAND SHAHDOL MP",All India,SC NO,3,Both
Madhya Pradesh,All India except Central University,200471,"Government Medical College, Shahdol, MP, GRAM CHAMPA KUDRI ROAD NEAR NEW BUS STAND SHAHDOL MP",All India,ST NO,1,Both
Madhya Pradesh,All India except Central University,200488,"Government Medical College, Shivpuri, MP, Near Katha Mill, Gwalior Bypass Highway, Shivpuri",All India,BC NO,4,Both
Madhya Pradesh,All India except Central University,200488,"Government Medical College, Shivpuri, MP, Near Katha Mill, Gwalior Bypass Highway, Shivpuri",All India,EW NO,1,Both
Madhya Pradesh,All India except Central University,200488,"Government Medical College, Shivpuri, MP, Near Katha Mill, Gwalior Bypass Highway, Shivpuri",All India,OP NO,5,Both
Madhya Pradesh,All India except Central University,200488,"Government Medical College, Shivpuri, MP, Near Katha Mill, Gwalior Bypass Highway, Shivpuri",All India,OP PH,1,Both
Madhya Pradesh,All India except Central University,200488,"Government Medical College, Shivpuri, MP, Near Katha Mill, Gwalior Bypass Highway, Shivpuri",All India,SC NO,2,Both
Madhya Pradesh,All India except Central University,200488,"Government Medical College, Shivpuri, MP, Near Katha Mill, Gwalior Bypass Highway, Shivpuri",All India,ST NO,2,Both
Madhya Pradesh,All India except Central University,200483,"Government Medical College, Vidisha, MP, NH 86 INFRONT OF KHEL PARISAR SANCHI ROAD VIDISHA",All India,BC NO,7,Both
Madhya Pradesh,All India except Central University,200483,"Government Medical College, Vidisha, MP, NH 86 INFRONT OF KHEL PARISAR SANCHI ROAD VIDISHA",All India,EW NO,3,Both
Madhya Pradesh,All India except Central University,200483,"Government Medical College, Vidisha, MP, NH 86 INFRONT OF KHEL PARISAR SANCHI ROAD VIDISHA",All India,OP NO,11,Both
Madhya Pradesh,All India except Central University,200483,"Government Medical College, Vidisha, MP, NH 86 INFRONT OF KHEL PARISAR SANCHI ROAD VIDISHA",All India,SC NO,3,Both
Madhya Pradesh,All India except Central University,200483,"Government Medical College, Vidisha, MP, NH 86 INFRONT OF KHEL PARISAR SANCHI ROAD VIDISHA",All India,SC PH,1,Both
Madhya Pradesh,All India except Central University,200483,"Government Medical College, Vidisha, MP, NH 86 INFRONT OF KHEL PARISAR SANCHI ROAD VIDISHA",All India,ST NO,1,Both
Madhya Pradesh,All India except Central University,200483,"Government Medical College, Vidisha, MP, NH 86 INFRONT OF KHEL PARISAR SANCHI ROAD VIDISHA",All India,ST PH,1,Both
Madhya Pradesh,All India except Central University,200202,"M G M Medical College, Indore, AB ROAD INDORE",All India,BC NO,9,Both
Madhya Pradesh,All India except Central University,200202,"M G M Medical College, Indore, AB ROAD INDORE",All India,BC PH,1,Both
Madhya Pradesh,All India except Central University,200202,"M G M Medical College, Indore, AB ROAD INDORE",All India,EW NO,4,Both
Madhya Pradesh,All India except Central University,200202,"M G M Medical College, Indore, AB ROAD INDORE",All India,OP NO,15,Both
Madhya Pradesh,All India except Central University,200202,"M G M Medical College, Indore, AB ROAD INDORE",All India,OP PH,1,Both
Madhya Pradesh,All India except Central University,200202,"M G M Medical College, Indore, AB ROAD INDORE",All India,SC NO,5,Both
Madhya Pradesh,All India except Central University,200202,"M G M Medical College, Indore, AB ROAD INDORE",All India,ST NO,2,Both
Madhya Pradesh,All India except Central University,200203,"Netaji Subhash Chandra Bose Medical College, Jabalpur, NAGPUR ROAD, JABALPUR, STATE-M.P.PIN-482003",All India,BC NO,10,Both
Madhya Pradesh,All India except Central University,200203,"Netaji Subhash Chandra Bose Medical College, Jabalpur, NAGPUR ROAD, JABALPUR, STATE-M.P.PIN-482003",All India,EW NO,3,Both
Madhya Pradesh,All India except Central University,200203,"Netaji Subhash Chandra Bose Medical College, Jabalpur, NAGPUR ROAD, JABALPUR, STATE-M.P.PIN-482003",All India,EW PH,1,Both
Madhya Pradesh,All India except Central University,200203,"Netaji Subhash Chandra Bose Medical College, Jabalpur, NAGPUR ROAD, JABALPUR, STATE-M.P.PIN-482003",All India,OP NO,13,Both
Madhya Pradesh,All India except Central University,200203,"Netaji Subhash Chandra Bose Medical College, Jabalpur, NAGPUR ROAD, JABALPUR, STATE-M.P.PIN-482003",All India,OP PH,1,Both
Madhya Pradesh,All India except Central University,200203,"Netaji Subhash Chandra Bose Medical College, Jabalpur, NAGPUR ROAD, JABALPUR, STATE-M.P.PIN-482003",All India,SC NO,6,Both
Madhya Pradesh,All India except Central University,200203,"Netaji Subhash Chandra Bose Medical College, Jabalpur, NAGPUR ROAD, JABALPUR, STATE-M.P.PIN-482003",All India,ST NO,3,Both
Madhya Pradesh,All India except Central University,200204,"Shyam Shah Medical College, Rewa, NEAR DHOBIYA TANKI, JAIL ROAD, REWA",All India,BC NO,8,Both
Madhya Pradesh,All India except Central University,200204,"Shyam Shah Medical College, Rewa, NEAR DHOBIYA TANKI, JAIL ROAD, REWA",All India,EW NO,2,Both
Madhya Pradesh,All India except Central University,200204,"Shyam Shah Medical College, Rewa, NEAR DHOBIYA TANKI, JAIL ROAD, REWA",All India,OP NO,13,Both
Madhya Pradesh,All India except Central University,200204,"Shyam Shah Medical College, Rewa, NEAR DHOBIYA TANKI, JAIL ROAD, REWA",All India,SC NO,5,Both
Madhya Pradesh,All India except Central University,200204,"Shyam Shah Medical College, Rewa, NEAR DHOBIYA TANKI, JAIL ROAD, REWA",All India,ST NO,2,Both
Madhya Pradesh,All India except Central University,902826,"Sundarlal Patwa Govt. Medical College, Dean Office, Sunderlal Patwa Government Medical College, Mhow Neemuch Bypass, Mandsaur M.P.",All India,BC NO,3,Both
Madhya Pradesh,All India except Central University,902826,"Sundarlal Patwa Govt. Medical College, Dean Office, Sunderlal Patwa Government Medical College, Mhow Neemuch Bypass, Mandsaur M.P.",All India,BC PH,1,Both
Madhya Pradesh,All India except Central University,902826,"Sundarlal Patwa Govt. Medical College, Dean Office, Sunderlal Patwa Government Medical College, Mhow Neemuch Bypass, Mandsaur M.P.",All India,EW NO,2,Both
Madhya Pradesh,All India except Central University,902826,"Sundarlal Patwa Govt. Medical College, Dean Office, Sunderlal Patwa Government Medical College, Mhow Neemuch Bypass, Mandsaur M.P.",All India,OP NO,5,Both
Madhya Pradesh,All India except Central University,902826,"Sundarlal Patwa Govt. Medical College, Dean Office, Sunderlal Patwa Government Medical College, Mhow Neemuch Bypass, Mandsaur M.P.",All India,SC NO,2,Both
Madhya Pradesh,All India except Central University,902826,"Sundarlal Patwa Govt. Medical College, Dean Office, Sunderlal Patwa Government Medical College, Mhow Neemuch Bypass, Mandsaur M.P.",All India,ST NO,2,Both
Madhya Pradesh,All India except Central University,902827,"Virendra Kumar Sakhlecha Government Medical College, Kanawati, Mhow-Naseerabad Road, Neemuch",All India,BC NO,4,Both
Madhya Pradesh,All India except Central University,902827,"Virendra Kumar Sakhlecha Government Medical College, Kanawati, Mhow-Naseerabad Road, Neemuch",All India,EW NO,2,Both
Madhya Pradesh,All India except Central University,902827,"Virendra Kumar Sakhlecha Government Medical College, Kanawati, Mhow-Naseerabad Road, Neemuch",All India,OP NO,5,Both
Madhya Pradesh,All India except Central University,902827,"Virendra Kumar Sakhlecha Government Medical College, Kanawati, Mhow-Naseerabad Road, Neemuch",All India,OP PH,1,Both
Madhya Pradesh,All India except Central University,902827,"Virendra Kumar Sakhlecha Government Medical College, Kanawati, Mhow-Naseerabad Road, Neemuch",All India,SC NO,1,Both
Madhya Pradesh,All India except Central University,902827,"Virendra Kumar Sakhlecha Government Medical College, Kanawati, Mhow-Naseerabad Road, Neemuch",All India,SC PH,1,Both
Madhya Pradesh,All India except Central University,902827,"Virendra Kumar Sakhlecha Government Medical College, Kanawati, Mhow-Naseerabad Road, Neemuch",All India,ST NO,1,Both
Maharashtra,All India Institute Of Medical Science(AIIMS),200509,"AIIMS, Nagpur, PLOT NO 2 SECTOR 20 MIHAN NAGPUR",Open Seat Quota,BC NO,32,Both
Maharashtra,All India Institute Of Medical Science(AIIMS),200509,"AIIMS, Nagpur, PLOT NO 2 SECTOR 20 MIHAN NAGPUR",Open Seat Quota,BC PH,2,Both
Maharashtra,All India Institute Of Medical Science(AIIMS),200509,"AIIMS, Nagpur, PLOT NO 2 SECTOR 20 MIHAN NAGPUR",Open Seat Quota,EW NO,12,Both
Maharashtra,All India Institute Of Medical Science(AIIMS),200509,"AIIMS, Nagpur, PLOT NO 2 SECTOR 20 MIHAN NAGPUR",Open Seat Quota,EW PH,1,Both
Maharashtra,All India Institute Of Medical Science(AIIMS),200509,"AIIMS, Nagpur, PLOT NO 2 SECTOR 20 MIHAN NAGPUR",Open Seat Quota,OP NO,47,Both
Maharashtra,All India Institute Of Medical Science(AIIMS),200509,"AIIMS, Nagpur, PLOT NO 2 SECTOR 20 MIHAN NAGPUR",Open Seat Quota,OP PH,3,Both
Maharashtra,All India Institute Of Medical Science(AIIMS),200509,"AIIMS, Nagpur, PLOT NO 2 SECTOR 20 MIHAN NAGPUR",Open Seat Quota,SC NO,17,Both
Maharashtra,All India Institute Of Medical Science(AIIMS),200509,"AIIMS, Nagpur, PLOT NO 2 SECTOR 20 MIHAN NAGPUR",Open Seat Quota,SC PH,1,Both
Maharashtra,All India Institute Of Medical Science(AIIMS),200509,"AIIMS, Nagpur, PLOT NO 2 SECTOR 20 MIHAN NAGPUR",Open Seat Quota,ST NO,10,Both
Maharashtra,All India except Central University,200205,"B. J. Govt. Medical College, Pune, Sassoon Hospital Compound, Near Pune Railway station J.P. Narayan Road, Pune",All India,BC NO,11,Both
Maharashtra,All India except Central University,200205,"B. J. Govt. Medical College, Pune, Sassoon Hospital Compound, Near Pune Railway station J.P. Narayan Road, Pune",All India,EW NO,3,Both
Maharashtra,All India except Central University,200205,"B. J. Govt. Medical College, Pune, Sassoon Hospital Compound, Near Pune Railway station J.P. Narayan Road, Pune",All India,OP NO,15,Both
Maharashtra,All India except Central University,200205,"B. J. Govt. Medical College, Pune, Sassoon Hospital Compound, Near Pune Railway station J.P. Narayan Road, Pune",All India,OP PH,1,Both
Maharashtra,All India except Central University,200205,"B. J. Govt. Medical College, Pune, Sassoon Hospital Compound, Near Pune Railway station J.P. Narayan Road, Pune",All India,SC NO,6,Both
Maharashtra,All India except Central University,200205,"B. J. Govt. Medical College, Pune, Sassoon Hospital Compound, Near Pune Railway station J.P. Narayan Road, Pune",All India,ST NO,2,Both
Maharashtra,Deemed University,200355,"Bharati Vidyapeeth Deemed University Medical College & Hospital, Sangli, Sangli Miraj Road Wanlesswadi Sangli Maharashtra",Non-Resident Indian,OP NO,38,Both
Maharashtra,Deemed University,200355,"Bharati Vidyapeeth Deemed University Medical College & Hospital, Sangli, Sangli Miraj Road Wanlesswadi Sangli Maharashtra",Self-Financed Merit Seat,OP NO,212,Both
Maharashtra,Deemed University,200356,"Bharati Vidyapeeth University Medical College, Pune, Dhankawadi, Pune-Satara Road, Pune",Non-Resident Indian,OP NO,38,Both
Maharashtra,Deemed University,200356,"Bharati Vidyapeeth University Medical College, Pune, Dhankawadi, Pune-Satara Road, Pune",Self-Financed Merit Seat,OP NO,212,Both
Maharashtra,Deemed University,200525,"Datta Meghe Medical College, Nagpur, Hingna Road Wanadongri Nagpur Maharashtra India",Non-Resident Indian,OP NO,37,Both
Maharashtra,Deemed University,200525,"Datta Meghe Medical College, Nagpur, Hingna Road Wanadongri Nagpur Maharashtra India",Self-Financed Merit Seat,OP NO,213,Both
Maharashtra,All India except Central University,200207,"Dr Vaishampayan Memorial Medical College, Solapur, In Front of District Civil Court, Solapur.",All India,BC NO,7,Both
Maharashtra,All India except Central University,200207,"Dr Vaishampayan Memorial Medical College, Solapur, In Front of District Civil Court, Solapur.",All India,BC PH,1,Both
Maharashtra,All India except Central University,200207,"Dr Vaishampayan Memorial Medical College, Solapur, In Front of District Civil Court, Solapur.",All India,EW NO,3,Both
Maharashtra,All India except Central University,200207,"Dr Vaishampayan Memorial Medical College, Solapur, In Front of District Civil Court, Solapur.",All India,OP NO,12,Both
Maharashtra,All India except Central University,200207,"Dr Vaishampayan Memorial Medical College, Solapur, In Front of District Civil Court, Solapur.",All India,SC NO,4,Both
Maharashtra,All India except Central University,200207,"Dr Vaishampayan Memorial Medical College, Solapur, In Front of District Civil Court, Solapur.",All India,ST NO,3,Both
Maharashtra,Deemed University,200361,"Dr. D Y Patil Medical College, Hospital and Research Centre, Pimpri, Pune, Dr. D. Y. Patil Medical College, Hospital and Research Centre, Sant Tukaram Nagar, Pimpri, Pune.",Non-Resident Indian,OP NO,38,Both
Maharashtra,Deemed University,200361,"Dr. D Y Patil Medical College, Hospital and Research Centre, Pimpri, Pune, Dr. D. Y. Patil Medical College, Hospital and Research Centre, Sant Tukaram Nagar, Pimpri, Pune.",Self-Financed Merit Seat,OP NO,212,Both
Maharashtra,Deemed University,200363,"Dr. D Y Patil Medical College, Kolhapur, 869, E Ward, D. Y. Patil Vidyanagar, Kasaba Bavada, Kolhapur 416006",Non-Resident Indian,OP NO,30,Both
Maharashtra,Deemed University,200363,"Dr. D Y Patil Medical College, Kolhapur, 869, E Ward, D. Y. Patil Vidyanagar, Kasaba Bavada, Kolhapur 416006",Self-Financed Merit Seat,OP NO,170,Both
Maharashtra,All India except Central University,200208,"Dr. Shankarrao Chavan Govt. Medical College, Nanded, VISHNUPURI NANDED MAHARASHTRA 431606",All India,BC NO,6,Both
Maharashtra,All India except Central University,200208,"Dr. Shankarrao Chavan Govt. Medical College, Nanded, VISHNUPURI NANDED MAHARASHTRA 431606",All India,EW NO,2,Both
Maharashtra,All India except Central University,200208,"Dr. Shankarrao Chavan Govt. Medical College, Nanded, VISHNUPURI NANDED MAHARASHTRA 431606",All India,OP NO,9,Both
Maharashtra,All India except Central University,200208,"Dr. Shankarrao Chavan Govt. Medical College, Nanded, VISHNUPURI NANDED MAHARASHTRA 431606",All India,OP PH,1,Both
Maharashtra,All India except Central University,200208,"Dr. Shankarrao Chavan Govt. Medical College, Nanded, VISHNUPURI NANDED MAHARASHTRA 431606",All India,SC NO,4,Both
Maharashtra,All India except Central University,200208,"Dr. Shankarrao Chavan Govt. Medical College, Nanded, VISHNUPURI NANDED MAHARASHTRA 431606",All India,ST NO,1,Both
Maharashtra,Deemed University,904369,"DY Patil University, School of Medicine, Survey no 124&126, MIDC Road , Ambi, Taluka Maval, Dist Pune",Non-Resident Indian,OP NO,15,Both
Maharashtra,Deemed University,904369,"DY Patil University, School of Medicine, Survey no 124&126, MIDC Road , Ambi, Taluka Maval, Dist Pune",Self-Financed Merit Seat,OP NO,85,Both
Maharashtra,All India except Central University,904357,"ESIC MEDICAL COLLEGE AND HOSPITAL, ANDHERI, CENTRAL ROAD, MIDC, ANDHERI (EAST) MUMBAI",All India,BC NO,2,Both
Maharashtra,All India except Central University,904357,"ESIC MEDICAL COLLEGE AND HOSPITAL, ANDHERI, CENTRAL ROAD, MIDC, ANDHERI (EAST) MUMBAI",All India,EW NO,1,Both
Maharashtra,All India except Central University,904357,"ESIC MEDICAL COLLEGE AND HOSPITAL, ANDHERI, CENTRAL ROAD, MIDC, ANDHERI (EAST) MUMBAI",All India,OP NO,2,Both
Maharashtra,All India except Central University,904357,"ESIC MEDICAL COLLEGE AND HOSPITAL, ANDHERI, CENTRAL ROAD, MIDC, ANDHERI (EAST) MUMBAI",All India,SC NO,1,Both
Maharashtra,All India except Central University,904357,"ESIC MEDICAL COLLEGE AND HOSPITAL, ANDHERI, CENTRAL ROAD, MIDC, ANDHERI (EAST) MUMBAI",All India,ST NO,1,Both
Maharashtra,All India except Central University,904357,"ESIC MEDICAL COLLEGE AND HOSPITAL, ANDHERI, CENTRAL ROAD, MIDC, ANDHERI (EAST) MUMBAI",Employees State Insurance Scheme(ESI),BC NO,7,Both
Maharashtra,All India except Central University,904357,"ESIC MEDICAL COLLEGE AND HOSPITAL, ANDHERI, CENTRAL ROAD, MIDC, ANDHERI (EAST) MUMBAI",Employees State Insurance Scheme(ESI),EW NO,2,Both
Maharashtra,All India except Central University,904357,"ESIC MEDICAL COLLEGE AND HOSPITAL, ANDHERI, CENTRAL ROAD, MIDC, ANDHERI (EAST) MUMBAI",Employees State Insurance Scheme(ESI),OP NO,10,Both
Maharashtra,All India except Central University,904357,"ESIC MEDICAL COLLEGE AND HOSPITAL, ANDHERI, CENTRAL ROAD, MIDC, ANDHERI (EAST) MUMBAI",Employees State Insurance Scheme(ESI),OP PH,1,Both
Maharashtra,All India except Central University,904357,"ESIC MEDICAL COLLEGE AND HOSPITAL, ANDHERI, CENTRAL ROAD, MIDC, ANDHERI (EAST) MUMBAI",Employees State Insurance Scheme(ESI),SC NO,4,Both
Maharashtra,All India except Central University,904357,"ESIC MEDICAL COLLEGE AND HOSPITAL, ANDHERI, CENTRAL ROAD, MIDC, ANDHERI (EAST) MUMBAI",Employees State Insurance Scheme(ESI),ST NO,1,Both
Maharashtra,All India except Central University,200497,"Government Medical College & Hospital, Baramati, Plot No P107 MIDC area Opposite Women Hospital Baramati Taluka Baramati District Pune",All India,BC NO,4,Both
Maharashtra,All India except Central University,200497,"Government Medical College & Hospital, Baramati, Plot No P107 MIDC area Opposite Women Hospital Baramati Taluka Baramati District Pune",All India,EW NO,2,Both
Maharashtra,All India except Central University,200497,"Government Medical College & Hospital, Baramati, Plot No P107 MIDC area Opposite Women Hospital Baramati Taluka Baramati District Pune",All India,OP NO,6,Both
Maharashtra,All India except Central University,200497,"Government Medical College & Hospital, Baramati, Plot No P107 MIDC area Opposite Women Hospital Baramati Taluka Baramati District Pune",All India,SC NO,2,Both
Maharashtra,All India except Central University,200497,"Government Medical College & Hospital, Baramati, Plot No P107 MIDC area Opposite Women Hospital Baramati Taluka Baramati District Pune",All India,ST NO,1,Both
Maharashtra,All India except Central University,200664,"Government Medical college and District Hospital, Ratnagiri, Hodekar Road, Udyamnagar, Patwardhanwadi, Ratnagiri, Maharashtra-415612",All India,BC NO,3,Both
Maharashtra,All India except Central University,200664,"Government Medical college and District Hospital, Ratnagiri, Hodekar Road, Udyamnagar, Patwardhanwadi, Ratnagiri, Maharashtra-415612",All India,BC PH,1,Both
Maharashtra,All India except Central University,200664,"Government Medical college and District Hospital, Ratnagiri, Hodekar Road, Udyamnagar, Patwardhanwadi, Ratnagiri, Maharashtra-415612",All India,EW NO,1,Both
Maharashtra,All India except Central University,200664,"Government Medical college and District Hospital, Ratnagiri, Hodekar Road, Udyamnagar, Patwardhanwadi, Ratnagiri, Maharashtra-415612",All India,EW PH,1,Both
Maharashtra,All India except Central University,200664,"Government Medical college and District Hospital, Ratnagiri, Hodekar Road, Udyamnagar, Patwardhanwadi, Ratnagiri, Maharashtra-415612",All India,OP NO,5,Both
Maharashtra,All India except Central University,200664,"Government Medical college and District Hospital, Ratnagiri, Hodekar Road, Udyamnagar, Patwardhanwadi, Ratnagiri, Maharashtra-415612",All India,SC NO,2,Both
Maharashtra,All India except Central University,200664,"Government Medical college and District Hospital, Ratnagiri, Hodekar Road, Udyamnagar, Patwardhanwadi, Ratnagiri, Maharashtra-415612",All India,SC PH,1,Both
Maharashtra,All India except Central University,200664,"Government Medical college and District Hospital, Ratnagiri, Hodekar Road, Udyamnagar, Patwardhanwadi, Ratnagiri, Maharashtra-415612",All India,ST NO,1,Both
Maharashtra,All India except Central University,902828,"Government Medical College L.T. Marg, Near L.T. Marg Police Station, Mumbai - 400001, Gokuldas Tejpal Hospital Premises L T Marg Near L T Marg Police Station Near Crawford Market Mumbai",All India,BC NO,2,Both
Maharashtra,All India except Central University,902828,"Government Medical College L.T. Marg, Near L.T. Marg Police Station, Mumbai - 400001, Gokuldas Tejpal Hospital Premises L T Marg Near L T Marg Police Station Near Crawford Market Mumbai",All India,OP NO,5,Both
Maharashtra,All India except Central University,902828,"Government Medical College L.T. Marg, Near L.T. Marg Police Station, Mumbai - 400001, Gokuldas Tejpal Hospital Premises L T Marg Near L T Marg Police Station Near Crawford Market Mumbai",All India,ST PH,1,Both
Maharashtra,All India except Central University,200210,"Government Medical College, Akola, Collector Office Road, Near Ashok Watika, Akola. State Maharashtra. Pin 444001",All India,BC NO,8,Both
Maharashtra,All India except Central University,200210,"Government Medical College, Akola, Collector Office Road, Near Ashok Watika, Akola. State Maharashtra. Pin 444001",All India,EW NO,3,Both
Maharashtra,All India except Central University,200210,"Government Medical College, Akola, Collector Office Road, Near Ashok Watika, Akola. State Maharashtra. Pin 444001",All India,OP NO,12,Both
Maharashtra,All India except Central University,200210,"Government Medical College, Akola, Collector Office Road, Near Ashok Watika, Akola. State Maharashtra. Pin 444001",All India,SC NO,5,Both
Maharashtra,All India except Central University,200210,"Government Medical College, Akola, Collector Office Road, Near Ashok Watika, Akola. State Maharashtra. Pin 444001",All India,ST NO,2,Both
Maharashtra,All India except Central University,200579,"Government Medical College, Alibag, Government Medical College, District Civil Hospital area, Beach Road, Limaye wadi, Alibag, Dist. Rai",All India,BC NO,4,Both
Maharashtra,All India except Central University,200579,"Government Medical College, Alibag, Government Medical College, District Civil Hospital area, Beach Road, Limaye wadi, Alibag, Dist. Rai",All India,EW NO,2,Both
Maharashtra,All India except Central University,200579,"Government Medical College, Alibag, Government Medical College, District Civil Hospital area, Beach Road, Limaye wadi, Alibag, Dist. Rai",All India,OP NO,5,Both
Maharashtra,All India except Central University,200579,"Government Medical College, Alibag, Government Medical College, District Civil Hospital area, Beach Road, Limaye wadi, Alibag, Dist. Rai",All India,OP PH,1,Both
Maharashtra,All India except Central University,200579,"Government Medical College, Alibag, Government Medical College, District Civil Hospital area, Beach Road, Limaye wadi, Alibag, Dist. Rai",All India,SC NO,2,Both
Maharashtra,All India except Central University,200579,"Government Medical College, Alibag, Government Medical College, District Civil Hospital area, Beach Road, Limaye wadi, Alibag, Dist. Rai",All India,ST NO,1,Both
Maharashtra,All India except Central University,903357,"Government Medical College, Ambernath, Survey No.128, Jambhulgaon Road, Ambernath West, District Thane",All India,BC NO,4,Both
Maharashtra,All India except Central University,903357,"Government Medical College, Ambernath, Survey No.128, Jambhulgaon Road, Ambernath West, District Thane",All India,EW NO,1,Both
Maharashtra,All India except Central University,903357,"Government Medical College, Ambernath, Survey No.128, Jambhulgaon Road, Ambernath West, District Thane",All India,OP NO,7,Both
Maharashtra,All India except Central University,903357,"Government Medical College, Ambernath, Survey No.128, Jambhulgaon Road, Ambernath West, District Thane",All India,SC NO,2,Both
Maharashtra,All India except Central University,903357,"Government Medical College, Ambernath, Survey No.128, Jambhulgaon Road, Ambernath West, District Thane",All India,ST NO,1,Both
Maharashtra,All India except Central University,903360,"Government Medical College, Amravati, Government Medical College District Women Hospital Campus Daffrin Shrikrishna Peth Amravati",All India,BC NO,3,Both
Maharashtra,All India except Central University,903360,"Government Medical College, Amravati, Government Medical College District Women Hospital Campus Daffrin Shrikrishna Peth Amravati",All India,BC PH,1,Both
Maharashtra,All India except Central University,903360,"Government Medical College, Amravati, Government Medical College District Women Hospital Campus Daffrin Shrikrishna Peth Amravati",All India,EW NO,1,Both
Maharashtra,All India except Central University,903360,"Government Medical College, Amravati, Government Medical College District Women Hospital Campus Daffrin Shrikrishna Peth Amravati",All India,OP NO,5,Both
Maharashtra,All India except Central University,903360,"Government Medical College, Amravati, Government Medical College District Women Hospital Campus Daffrin Shrikrishna Peth Amravati",All India,SC NO,3,Both
Maharashtra,All India except Central University,903360,"Government Medical College, Amravati, Government Medical College District Women Hospital Campus Daffrin Shrikrishna Peth Amravati",All India,ST NO,2,Both
Maharashtra,All India except Central University,200218,"Government Medical College, Aurangabad, Government Medical College, Aurangabad, Jubli Park, Panchakki Road, Aurangabad (M.S.).",All India,BC NO,8,Both
Maharashtra,All India except Central University,200218,"Government Medical College, Aurangabad, Government Medical College, Aurangabad, Jubli Park, Panchakki Road, Aurangabad (M.S.).",All India,EW NO,4,Both
Maharashtra,All India except Central University,200218,"Government Medical College, Aurangabad, Government Medical College, Aurangabad, Jubli Park, Panchakki Road, Aurangabad (M.S.).",All India,OP NO,11,Both
Maharashtra,All India except Central University,200218,"Government Medical College, Aurangabad, Government Medical College, Aurangabad, Jubli Park, Panchakki Road, Aurangabad (M.S.).",All India,OP PH,1,Both
Maharashtra,All India except Central University,200218,"Government Medical College, Aurangabad, Government Medical College, Aurangabad, Jubli Park, Panchakki Road, Aurangabad (M.S.).",All India,SC NO,4,Both
Maharashtra,All India except Central University,200218,"Government Medical College, Aurangabad, Government Medical College, Aurangabad, Jubli Park, Panchakki Road, Aurangabad (M.S.).",All India,ST NO,2,Both
Maharashtra,All India except Central University,903359,"Government Medical College, Bhandara, District Hospital Campus, Sant Kabir Ward, Bhandara",All India,BC NO,5,Both
Maharashtra,All India except Central University,903359,"Government Medical College, Bhandara, District Hospital Campus, Sant Kabir Ward, Bhandara",All India,EW NO,1,Both
Maharashtra,All India except Central University,903359,"Government Medical College, Bhandara, District Hospital Campus, Sant Kabir Ward, Bhandara",All India,OP NO,6,Both
Maharashtra,All India except Central University,903359,"Government Medical College, Bhandara, District Hospital Campus, Sant Kabir Ward, Bhandara",All India,SC NO,2,Both
Maharashtra,All India except Central University,903359,"Government Medical College, Bhandara, District Hospital Campus, Sant Kabir Ward, Bhandara",All India,ST NO,1,Both
Maharashtra,All India except Central University,903356,"Government Medical College, Buldhana, DISTRICT WOMEN HOSPITAL, T.B. HOSPITAL CAMPUS, DHAD ROAD, BULDHANA.",All India,BC NO,4,Both
Maharashtra,All India except Central University,903356,"Government Medical College, Buldhana, DISTRICT WOMEN HOSPITAL, T.B. HOSPITAL CAMPUS, DHAD ROAD, BULDHANA.",All India,EW NO,1,Both
Maharashtra,All India except Central University,903356,"Government Medical College, Buldhana, DISTRICT WOMEN HOSPITAL, T.B. HOSPITAL CAMPUS, DHAD ROAD, BULDHANA.",All India,OP NO,6,Both
Maharashtra,All India except Central University,903356,"Government Medical College, Buldhana, DISTRICT WOMEN HOSPITAL, T.B. HOSPITAL CAMPUS, DHAD ROAD, BULDHANA.",All India,SC NO,2,Both
Maharashtra,All India except Central University,903356,"Government Medical College, Buldhana, DISTRICT WOMEN HOSPITAL, T.B. HOSPITAL CAMPUS, DHAD ROAD, BULDHANA.",All India,SC PH,1,Both
Maharashtra,All India except Central University,903356,"Government Medical College, Buldhana, DISTRICT WOMEN HOSPITAL, T.B. HOSPITAL CAMPUS, DHAD ROAD, BULDHANA.",All India,ST NO,1,Both
Maharashtra,All India except Central University,200216,"Government Medical College, Chandrapur, KMSK GOVT. MEDICAL COLLEGE CHANDRAPUR, RAM NAGAR, CHANDRAPUR",All India,BC NO,5,Both
Maharashtra,All India except Central University,200216,"Government Medical College, Chandrapur, KMSK GOVT. MEDICAL COLLEGE CHANDRAPUR, RAM NAGAR, CHANDRAPUR",All India,BC PH,1,Both
Maharashtra,All India except Central University,200216,"Government Medical College, Chandrapur, KMSK GOVT. MEDICAL COLLEGE CHANDRAPUR, RAM NAGAR, CHANDRAPUR",All India,EW NO,2,Both
Maharashtra,All India except Central University,200216,"Government Medical College, Chandrapur, KMSK GOVT. MEDICAL COLLEGE CHANDRAPUR, RAM NAGAR, CHANDRAPUR",All India,OP NO,8,Both
Maharashtra,All India except Central University,200216,"Government Medical College, Chandrapur, KMSK GOVT. MEDICAL COLLEGE CHANDRAPUR, RAM NAGAR, CHANDRAPUR",All India,OP PH,1,Both
Maharashtra,All India except Central University,200216,"Government Medical College, Chandrapur, KMSK GOVT. MEDICAL COLLEGE CHANDRAPUR, RAM NAGAR, CHANDRAPUR",All India,SC NO,3,Both
Maharashtra,All India except Central University,200216,"Government Medical College, Chandrapur, KMSK GOVT. MEDICAL COLLEGE CHANDRAPUR, RAM NAGAR, CHANDRAPUR",All India,ST NO,2,Both
Maharashtra,All India except Central University,903363,"Government Medical College, Gadchiroli, Government Medical College, Mul road complex, Gadchiroli",All India,BC NO,4,Both
Maharashtra,All India except Central University,903363,"Government Medical College, Gadchiroli, Government Medical College, Mul road complex, Gadchiroli",All India,EW NO,2,Both
Maharashtra,All India except Central University,903363,"Government Medical College, Gadchiroli, Government Medical College, Mul road complex, Gadchiroli",All India,OP NO,6,Both
Maharashtra,All India except Central University,903363,"Government Medical College, Gadchiroli, Government Medical College, Mul road complex, Gadchiroli",All India,SC NO,2,Both
Maharashtra,All India except Central University,903363,"Government Medical College, Gadchiroli, Government Medical College, Mul road complex, Gadchiroli",All India,ST NO,1,Both
Maharashtra,All India except Central University,200209,"Government Medical College, Gondia, NEAR NEHRU CHOWK, K.T.S. HOSPITAL CAMPUS, GONDIA.",All India,BC NO,6,Both
Maharashtra,All India except Central University,200209,"Government Medical College, Gondia, NEAR NEHRU CHOWK, K.T.S. HOSPITAL CAMPUS, GONDIA.",All India,EW NO,2,Both
Maharashtra,All India except Central University,200209,"Government Medical College, Gondia, NEAR NEHRU CHOWK, K.T.S. HOSPITAL CAMPUS, GONDIA.",All India,EW PH,1,Both
Maharashtra,All India except Central University,200209,"Government Medical College, Gondia, NEAR NEHRU CHOWK, K.T.S. HOSPITAL CAMPUS, GONDIA.",All India,OP NO,6,Both
Maharashtra,All India except Central University,200209,"Government Medical College, Gondia, NEAR NEHRU CHOWK, K.T.S. HOSPITAL CAMPUS, GONDIA.",All India,OP PH,1,Both
Maharashtra,All India except Central University,200209,"Government Medical College, Gondia, NEAR NEHRU CHOWK, K.T.S. HOSPITAL CAMPUS, GONDIA.",All India,SC NO,4,Both
Maharashtra,All India except Central University,200209,"Government Medical College, Gondia, NEAR NEHRU CHOWK, K.T.S. HOSPITAL CAMPUS, GONDIA.",All India,ST NO,2,Both
Maharashtra,All India except Central University,903358,"Government Medical College, Hingoli, Government Medical College, Washim Road, Balsond, Hingoli",All India,BC NO,3,Both
Maharashtra,All India except Central University,903358,"Government Medical College, Hingoli, Government Medical College, Washim Road, Balsond, Hingoli",All India,EW NO,1,Both
Maharashtra,All India except Central University,903358,"Government Medical College, Hingoli, Government Medical College, Washim Road, Balsond, Hingoli",All India,OP NO,8,Both
Maharashtra,All India except Central University,903358,"Government Medical College, Hingoli, Government Medical College, Washim Road, Balsond, Hingoli",All India,SC NO,2,Both
Maharashtra,All India except Central University,903358,"Government Medical College, Hingoli, Government Medical College, Washim Road, Balsond, Hingoli",All India,ST NO,1,Both
Maharashtra,All India except Central University,200440,"Government Medical College, Jalgaon, GOVERNMENT MEDICAL COLLEGE, JILHA PETH, NEAR MAIN POST OFFICE, JALGAON",All India,BC NO,5,Both
Maharashtra,All India except Central University,200440,"Government Medical College, Jalgaon, GOVERNMENT MEDICAL COLLEGE, JILHA PETH, NEAR MAIN POST OFFICE, JALGAON",All India,BC PH,1,Both
Maharashtra,All India except Central University,200440,"Government Medical College, Jalgaon, GOVERNMENT MEDICAL COLLEGE, JILHA PETH, NEAR MAIN POST OFFICE, JALGAON",All India,EW NO,2,Both
Maharashtra,All India except Central University,200440,"Government Medical College, Jalgaon, GOVERNMENT MEDICAL COLLEGE, JILHA PETH, NEAR MAIN POST OFFICE, JALGAON",All India,OP NO,10,Both
Maharashtra,All India except Central University,200440,"Government Medical College, Jalgaon, GOVERNMENT MEDICAL COLLEGE, JILHA PETH, NEAR MAIN POST OFFICE, JALGAON",All India,SC NO,3,Both
Maharashtra,All India except Central University,200440,"Government Medical College, Jalgaon, GOVERNMENT MEDICAL COLLEGE, JILHA PETH, NEAR MAIN POST OFFICE, JALGAON",All India,ST NO,1,Both
Maharashtra,All India except Central University,903364,"Government Medical College, Jalna, Government Medical College, Global Gurukul School, in front of Sushiladevi Lawns, Ambad- Mantha Bypas",All India,BC NO,5,Both
Maharashtra,All India except Central University,903364,"Government Medical College, Jalna, Government Medical College, Global Gurukul School, in front of Sushiladevi Lawns, Ambad- Mantha Bypas",All India,EW NO,2,Both
Maharashtra,All India except Central University,903364,"Government Medical College, Jalna, Government Medical College, Global Gurukul School, in front of Sushiladevi Lawns, Ambad- Mantha Bypas",All India,OP NO,4,Both
Maharashtra,All India except Central University,903364,"Government Medical College, Jalna, Government Medical College, Global Gurukul School, in front of Sushiladevi Lawns, Ambad- Mantha Bypas",All India,OP PH,1,Both
Maharashtra,All India except Central University,903364,"Government Medical College, Jalna, Government Medical College, Global Gurukul School, in front of Sushiladevi Lawns, Ambad- Mantha Bypas",All India,SC NO,2,Both
Maharashtra,All India except Central University,903364,"Government Medical College, Jalna, Government Medical College, Global Gurukul School, in front of Sushiladevi Lawns, Ambad- Mantha Bypas",All India,ST NO,1,Both
Maharashtra,All India except Central University,200211,"Government Medical College, Latur, Government Medical College, Latur, Behind Old Railway Station, Near Marwadi Rajasthan Vidyalaya, Lat",All India,BC NO,6,Both
Maharashtra,All India except Central University,200211,"Government Medical College, Latur, Government Medical College, Latur, Behind Old Railway Station, Near Marwadi Rajasthan Vidyalaya, Lat",All India,EW NO,2,Both
Maharashtra,All India except Central University,200211,"Government Medical College, Latur, Government Medical College, Latur, Behind Old Railway Station, Near Marwadi Rajasthan Vidyalaya, Lat",All India,OP NO,9,Both
Maharashtra,All India except Central University,200211,"Government Medical College, Latur, Government Medical College, Latur, Behind Old Railway Station, Near Marwadi Rajasthan Vidyalaya, Lat",All India,SC NO,3,Both
Maharashtra,All India except Central University,200211,"Government Medical College, Latur, Government Medical College, Latur, Behind Old Railway Station, Near Marwadi Rajasthan Vidyalaya, Lat",All India,SC PH,1,Both
Maharashtra,All India except Central University,200211,"Government Medical College, Latur, Government Medical College, Latur, Behind Old Railway Station, Near Marwadi Rajasthan Vidyalaya, Lat",All India,ST NO,1,Both
Maharashtra,All India except Central University,200211,"Government Medical College, Latur, Government Medical College, Latur, Behind Old Railway Station, Near Marwadi Rajasthan Vidyalaya, Lat",All India,ST PH,1,Both
Maharashtra,All India except Central University,200212,"Government Medical College, Miraj, Pandharpur Road Miraj tal Miraj Dist sangli",All India,BC NO,7,Both
Maharashtra,All India except Central University,200212,"Government Medical College, Miraj, Pandharpur Road Miraj tal Miraj Dist sangli",All India,BC PH,1,Both
Maharashtra,All India except Central University,200212,"Government Medical College, Miraj, Pandharpur Road Miraj tal Miraj Dist sangli",All India,EW NO,3,Both
Maharashtra,All India except Central University,200212,"Government Medical College, Miraj, Pandharpur Road Miraj tal Miraj Dist sangli",All India,OP NO,12,Both
Maharashtra,All India except Central University,200212,"Government Medical College, Miraj, Pandharpur Road Miraj tal Miraj Dist sangli",All India,OP PH,1,Both
Maharashtra,All India except Central University,200212,"Government Medical College, Miraj, Pandharpur Road Miraj tal Miraj Dist sangli",All India,SC NO,4,Both
Maharashtra,All India except Central University,200212,"Government Medical College, Miraj, Pandharpur Road Miraj tal Miraj Dist sangli",All India,ST NO,2,Both
Maharashtra,All India except Central University,200217,"Government Medical College, Nagpur, Hanuman Nagar,Nagpur",All India,BC NO,10,Both
Maharashtra,All India except Central University,200217,"Government Medical College, Nagpur, Hanuman Nagar,Nagpur",All India,EW NO,4,Both
Maharashtra,All India except Central University,200217,"Government Medical College, Nagpur, Hanuman Nagar,Nagpur",All India,OP NO,14,Both
Maharashtra,All India except Central University,200217,"Government Medical College, Nagpur, Hanuman Nagar,Nagpur",All India,OP PH,1,Both
Maharashtra,All India except Central University,200217,"Government Medical College, Nagpur, Hanuman Nagar,Nagpur",All India,SC NO,6,Both
Maharashtra,All India except Central University,200217,"Government Medical College, Nagpur, Hanuman Nagar,Nagpur",All India,ST NO,3,Both
Maharashtra,All India except Central University,200535,"Government Medical College, Nandurbar, DISTRICT CIVIL HOSPITAL CAMPUS SAKRI ROAD NANDURBAR",All India,BC NO,4,Both
Maharashtra,All India except Central University,200535,"Government Medical College, Nandurbar, DISTRICT CIVIL HOSPITAL CAMPUS SAKRI ROAD NANDURBAR",All India,EW NO,1,Both
Maharashtra,All India except Central University,200535,"Government Medical College, Nandurbar, DISTRICT CIVIL HOSPITAL CAMPUS SAKRI ROAD NANDURBAR",All India,OP NO,7,Both
Maharashtra,All India except Central University,200535,"Government Medical College, Nandurbar, DISTRICT CIVIL HOSPITAL CAMPUS SAKRI ROAD NANDURBAR",All India,SC NO,2,Both
Maharashtra,All India except Central University,200535,"Government Medical College, Nandurbar, DISTRICT CIVIL HOSPITAL CAMPUS SAKRI ROAD NANDURBAR",All India,ST NO,1,Both
Maharashtra,All India except Central University,200638,"Government Medical College, Osmanabad, New Building, Civil Hospital Compound, Marwad Galli, Osmanabad",All India,BC NO,3,Both
Maharashtra,All India except Central University,200638,"Government Medical College, Osmanabad, New Building, Civil Hospital Compound, Marwad Galli, Osmanabad",All India,BC PH,1,Both
Maharashtra,All India except Central University,200638,"Government Medical College, Osmanabad, New Building, Civil Hospital Compound, Marwad Galli, Osmanabad",All India,EW NO,2,Both
Maharashtra,All India except Central University,200638,"Government Medical College, Osmanabad, New Building, Civil Hospital Compound, Marwad Galli, Osmanabad",All India,OP NO,6,Both
Maharashtra,All India except Central University,200638,"Government Medical College, Osmanabad, New Building, Civil Hospital Compound, Marwad Galli, Osmanabad",All India,SC NO,2,Both
Maharashtra,All India except Central University,200638,"Government Medical College, Osmanabad, New Building, Civil Hospital Compound, Marwad Galli, Osmanabad",All India,ST NO,1,Both
Maharashtra,All India except Central University,200679,"Government Medical College, Parbhani, ITI CAMPUS, BEHIND DSM COLLEGE, JINTUR ROAD, PARBHANI - 431401",All India,BC NO,4,Both
Maharashtra,All India except Central University,200679,"Government Medical College, Parbhani, ITI CAMPUS, BEHIND DSM COLLEGE, JINTUR ROAD, PARBHANI - 431401",All India,EW NO,1,Both
Maharashtra,All India except Central University,200679,"Government Medical College, Parbhani, ITI CAMPUS, BEHIND DSM COLLEGE, JINTUR ROAD, PARBHANI - 431401",All India,OP NO,5,Both
Maharashtra,All India except Central University,200679,"Government Medical College, Parbhani, ITI CAMPUS, BEHIND DSM COLLEGE, JINTUR ROAD, PARBHANI - 431401",All India,SC NO,3,Both
Maharashtra,All India except Central University,200679,"Government Medical College, Parbhani, ITI CAMPUS, BEHIND DSM COLLEGE, JINTUR ROAD, PARBHANI - 431401",All India,ST NO,2,Both
Maharashtra,All India except Central University,200576,"Government Medical College, Satara, GOVERNMENT MEDICAL COLLEGE AND GENERAL HOSPITAL SATARA DISTRICT CIVIL HOSPITAL CAMPUS SADAR BAZAR CA",All India,BC NO,4,Both
Maharashtra,All India except Central University,200576,"Government Medical College, Satara, GOVERNMENT MEDICAL COLLEGE AND GENERAL HOSPITAL SATARA DISTRICT CIVIL HOSPITAL CAMPUS SADAR BAZAR CA",All India,EW NO,1,Both
Maharashtra,All India except Central University,200576,"Government Medical College, Satara, GOVERNMENT MEDICAL COLLEGE AND GENERAL HOSPITAL SATARA DISTRICT CIVIL HOSPITAL CAMPUS SADAR BAZAR CA",All India,EW PH,1,Both
Maharashtra,All India except Central University,200576,"Government Medical College, Satara, GOVERNMENT MEDICAL COLLEGE AND GENERAL HOSPITAL SATARA DISTRICT CIVIL HOSPITAL CAMPUS SADAR BAZAR CA",All India,OP NO,5,Both
Maharashtra,All India except Central University,200576,"Government Medical College, Satara, GOVERNMENT MEDICAL COLLEGE AND GENERAL HOSPITAL SATARA DISTRICT CIVIL HOSPITAL CAMPUS SADAR BAZAR CA",All India,OP PH,1,Both
Maharashtra,All India except Central University,200576,"Government Medical College, Satara, GOVERNMENT MEDICAL COLLEGE AND GENERAL HOSPITAL SATARA DISTRICT CIVIL HOSPITAL CAMPUS SADAR BAZAR CA",All India,SC NO,1,Both
Maharashtra,All India except Central University,200576,"Government Medical College, Satara, GOVERNMENT MEDICAL COLLEGE AND GENERAL HOSPITAL SATARA DISTRICT CIVIL HOSPITAL CAMPUS SADAR BAZAR CA",All India,SC PH,1,Both
Maharashtra,All India except Central University,200576,"Government Medical College, Satara, GOVERNMENT MEDICAL COLLEGE AND GENERAL HOSPITAL SATARA DISTRICT CIVIL HOSPITAL CAMPUS SADAR BAZAR CA",All India,ST NO,1,Both
Maharashtra,All India except Central University,200587,"Government Medical College, Sindhudurg, Dean Government Medical College Sindhudurg",All India,BC NO,4,Both
Maharashtra,All India except Central University,200587,"Government Medical College, Sindhudurg, Dean Government Medical College Sindhudurg",All India,EW NO,1,Both
Maharashtra,All India except Central University,200587,"Government Medical College, Sindhudurg, Dean Government Medical College Sindhudurg",All India,OP NO,7,Both
Maharashtra,All India except Central University,200587,"Government Medical College, Sindhudurg, Dean Government Medical College Sindhudurg",All India,SC NO,2,Both
Maharashtra,All India except Central University,200587,"Government Medical College, Sindhudurg, Dean Government Medical College Sindhudurg",All India,ST NO,1,Both
Maharashtra,All India except Central University,903361,"Government Medical College, Washim, Government Medical College, Washim District womens Hospital building, Nalanda Nagar, Chikhali Road",All India,BC NO,4,Both
Maharashtra,All India except Central University,903361,"Government Medical College, Washim, Government Medical College, Washim District womens Hospital building, Nalanda Nagar, Chikhali Road",All India,EW NO,2,Both
Maharashtra,All India except Central University,903361,"Government Medical College, Washim, Government Medical College, Washim District womens Hospital building, Nalanda Nagar, Chikhali Road",All India,OP NO,6,Both
Maharashtra,All India except Central University,903361,"Government Medical College, Washim, Government Medical College, Washim District womens Hospital building, Nalanda Nagar, Chikhali Road",All India,SC NO,2,Both
Maharashtra,All India except Central University,903361,"Government Medical College, Washim, Government Medical College, Washim District womens Hospital building, Nalanda Nagar, Chikhali Road",All India,ST NO,1,Both
Maharashtra,All India except Central University,902836,"Government Medical College,Nashik, Hindu Hruday Samrat Vandaniya Balasaheb Thakare Hospital and Bytco Hospital Near Durga Mata Mandir R",All India,BC NO,3,Both
Maharashtra,All India except Central University,902836,"Government Medical College,Nashik, Hindu Hruday Samrat Vandaniya Balasaheb Thakare Hospital and Bytco Hospital Near Durga Mata Mandir R",All India,BC PH,1,Both
Maharashtra,All India except Central University,902836,"Government Medical College,Nashik, Hindu Hruday Samrat Vandaniya Balasaheb Thakare Hospital and Bytco Hospital Near Durga Mata Mandir R",All India,EW NO,1,Both
Maharashtra,All India except Central University,902836,"Government Medical College,Nashik, Hindu Hruday Samrat Vandaniya Balasaheb Thakare Hospital and Bytco Hospital Near Durga Mata Mandir R",All India,OP NO,5,Both
Maharashtra,All India except Central University,902836,"Government Medical College,Nashik, Hindu Hruday Samrat Vandaniya Balasaheb Thakare Hospital and Bytco Hospital Near Durga Mata Mandir R",All India,OP PH,1,Both
Maharashtra,All India except Central University,902836,"Government Medical College,Nashik, Hindu Hruday Samrat Vandaniya Balasaheb Thakare Hospital and Bytco Hospital Near Durga Mata Mandir R",All India,SC NO,3,Both
Maharashtra,All India except Central University,902836,"Government Medical College,Nashik, Hindu Hruday Samrat Vandaniya Balasaheb Thakare Hospital and Bytco Hospital Near Durga Mata Mandir R",All India,ST NO,1,Both
Maharashtra,All India except Central University,200219,"Grant Medical College, Mumbai, Sir JJ Group of Hospital Compound, Sir JJ Road, Byculla Mumbai",All India,BC NO,11,Both
Maharashtra,All India except Central University,200219,"Grant Medical College, Mumbai, Sir JJ Group of Hospital Compound, Sir JJ Road, Byculla Mumbai",All India,EW NO,4,Both
Maharashtra,All India except Central University,200219,"Grant Medical College, Mumbai, Sir JJ Group of Hospital Compound, Sir JJ Road, Byculla Mumbai",All India,OP NO,15,Both
Maharashtra,All India except Central University,200219,"Grant Medical College, Mumbai, Sir JJ Group of Hospital Compound, Sir JJ Road, Byculla Mumbai",All India,SC NO,5,Both
Maharashtra,All India except Central University,200219,"Grant Medical College, Mumbai, Sir JJ Group of Hospital Compound, Sir JJ Road, Byculla Mumbai",All India,ST NO,3,Both
Maharashtra,All India except Central University,200206,"H.B.T. Medical College & Dr. R.N. Cooper Municipal General Hospital, Juhu, Mumbai, JUHU, VILEPARLE WEST MUMBAI",All India,BC NO,8,Both
Maharashtra,All India except Central University,200206,"H.B.T. Medical College & Dr. R.N. Cooper Municipal General Hospital, Juhu, Mumbai, JUHU, VILEPARLE WEST MUMBAI",All India,EW NO,3,Both
Maharashtra,All India except Central University,200206,"H.B.T. Medical College & Dr. R.N. Cooper Municipal General Hospital, Juhu, Mumbai, JUHU, VILEPARLE WEST MUMBAI",All India,OP NO,11,Both
Maharashtra,All India except Central University,200206,"H.B.T. Medical College & Dr. R.N. Cooper Municipal General Hospital, Juhu, Mumbai, JUHU, VILEPARLE WEST MUMBAI",All India,OP PH,1,Both
Maharashtra,All India except Central University,200206,"H.B.T. Medical College & Dr. R.N. Cooper Municipal General Hospital, Juhu, Mumbai, JUHU, VILEPARLE WEST MUMBAI",All India,SC NO,5,Both
Maharashtra,All India except Central University,200206,"H.B.T. Medical College & Dr. R.N. Cooper Municipal General Hospital, Juhu, Mumbai, JUHU, VILEPARLE WEST MUMBAI",All India,ST NO,2,Both
Maharashtra,All India except Central University,200220,"Indira Gandhi Medical College & Hospital, Nagpur, MAYO HOSPITAL CENTRAL AVENUE ROAD NEAR RAM ZULA NAGPUR",All India,BC NO,7,Both
Maharashtra,All India except Central University,200220,"Indira Gandhi Medical College & Hospital, Nagpur, MAYO HOSPITAL CENTRAL AVENUE ROAD NEAR RAM ZULA NAGPUR",All India,BC PH,1,Both
Maharashtra,All India except Central University,200220,"Indira Gandhi Medical College & Hospital, Nagpur, MAYO HOSPITAL CENTRAL AVENUE ROAD NEAR RAM ZULA NAGPUR",All India,EW NO,3,Both
Maharashtra,All India except Central University,200220,"Indira Gandhi Medical College & Hospital, Nagpur, MAYO HOSPITAL CENTRAL AVENUE ROAD NEAR RAM ZULA NAGPUR",All India,OP NO,12,Both
Maharashtra,All India except Central University,200220,"Indira Gandhi Medical College & Hospital, Nagpur, MAYO HOSPITAL CENTRAL AVENUE ROAD NEAR RAM ZULA NAGPUR",All India,OP PH,1,Both
Maharashtra,All India except Central University,200220,"Indira Gandhi Medical College & Hospital, Nagpur, MAYO HOSPITAL CENTRAL AVENUE ROAD NEAR RAM ZULA NAGPUR",All India,SC NO,3,Both
Maharashtra,All India except Central University,200220,"Indira Gandhi Medical College & Hospital, Nagpur, MAYO HOSPITAL CENTRAL AVENUE ROAD NEAR RAM ZULA NAGPUR",All India,SC PH,1,Both
Maharashtra,All India except Central University,200220,"Indira Gandhi Medical College & Hospital, Nagpur, MAYO HOSPITAL CENTRAL AVENUE ROAD NEAR RAM ZULA NAGPUR",All India,ST NO,1,Both
Maharashtra,All India except Central University,200220,"Indira Gandhi Medical College & Hospital, Nagpur, MAYO HOSPITAL CENTRAL AVENUE ROAD NEAR RAM ZULA NAGPUR",All India,ST PH,1,Both
Maharashtra,Deemed University,200364,"Jawaharlal Nehru Medical College, Sawangi (Meghe), Wardha, Sawangi (Meghe), Wardha, Maharashtra State, India",Non-Resident Indian,OP NO,38,Both
Maharashtra,Deemed University,200364,"Jawaharlal Nehru Medical College, Sawangi (Meghe), Wardha, Sawangi (Meghe), Wardha, Maharashtra State, India",Self-Financed Merit Seat,OP NO,212,Both
Maharashtra,Deemed University,200365,"Krishna Institute of Medical Sciences, Karad, KARAD, DIST. SATARA (MAHARASHTRA STATE).",Non-Resident Indian,OP NO,38,Both
Maharashtra,Deemed University,200365,"Krishna Institute of Medical Sciences, Karad, KARAD, DIST. SATARA (MAHARASHTRA STATE).",Self-Financed Merit Seat,OP NO,212,Both
Maharashtra,All India except Central University,200221,"Lokmanya Tilak Municipal Medical College, Sion, Mumbai, Dr. Babasaheb Ambedkar Road, Sion, Mumbai",All India,BC NO,8,Both
Maharashtra,All India except Central University,200221,"Lokmanya Tilak Municipal Medical College, Sion, Mumbai, Dr. Babasaheb Ambedkar Road, Sion, Mumbai",All India,EW NO,3,Both
Maharashtra,All India except Central University,200221,"Lokmanya Tilak Municipal Medical College, Sion, Mumbai, Dr. Babasaheb Ambedkar Road, Sion, Mumbai",All India,OP NO,11,Both
Maharashtra,All India except Central University,200221,"Lokmanya Tilak Municipal Medical College, Sion, Mumbai, Dr. Babasaheb Ambedkar Road, Sion, Mumbai",All India,SC NO,5,Both
Maharashtra,All India except Central University,200221,"Lokmanya Tilak Municipal Medical College, Sion, Mumbai, Dr. Babasaheb Ambedkar Road, Sion, Mumbai",All India,ST NO,3,Both
Maharashtra,All India except Central University,200366,"Mahatma Gandhi Institute of Medical Sciences, Sevagram, Wardha, VILLAGE AND PO SEVAGRAM DISTRICT WARDHA MAHARASHTRA 442102",All India,BC NO,11,Both
Maharashtra,All India except Central University,200366,"Mahatma Gandhi Institute of Medical Sciences, Sevagram, Wardha, VILLAGE AND PO SEVAGRAM DISTRICT WARDHA MAHARASHTRA 442102",All India,BC PH,1,Both
Maharashtra,All India except Central University,200366,"Mahatma Gandhi Institute of Medical Sciences, Sevagram, Wardha, VILLAGE AND PO SEVAGRAM DISTRICT WARDHA MAHARASHTRA 442102",All India,EW NO,4,Both
Maharashtra,All India except Central University,200366,"Mahatma Gandhi Institute of Medical Sciences, Sevagram, Wardha, VILLAGE AND PO SEVAGRAM DISTRICT WARDHA MAHARASHTRA 442102",All India,EW PH,1,Both
Maharashtra,All India except Central University,200366,"Mahatma Gandhi Institute of Medical Sciences, Sevagram, Wardha, VILLAGE AND PO SEVAGRAM DISTRICT WARDHA MAHARASHTRA 442102",All India,OP NO,18,Both
Maharashtra,All India except Central University,200366,"Mahatma Gandhi Institute of Medical Sciences, Sevagram, Wardha, VILLAGE AND PO SEVAGRAM DISTRICT WARDHA MAHARASHTRA 442102",All India,OP PH,1,Both
Maharashtra,All India except Central University,200366,"Mahatma Gandhi Institute of Medical Sciences, Sevagram, Wardha, VILLAGE AND PO SEVAGRAM DISTRICT WARDHA MAHARASHTRA 442102",All India,SC NO,7,Both
Maharashtra,All India except Central University,200366,"Mahatma Gandhi Institute of Medical Sciences, Sevagram, Wardha, VILLAGE AND PO SEVAGRAM DISTRICT WARDHA MAHARASHTRA 442102",All India,ST NO,3,Both
Maharashtra,Deemed University,200654,"Mahatma Gandhi Mission Medical College, Vashi, Sector 30, Vashi, Navi Mumbai",Non-Resident Indian,OP NO,15,Both
Maharashtra,Deemed University,200654,"Mahatma Gandhi Mission Medical College, Vashi, Sector 30, Vashi, Navi Mumbai",Self-Financed Merit Seat,OP NO,85,Both
Maharashtra,Deemed University,200367,"Mahatma Gandhi Missions Medical College, Aurangabad, N-6, Cidco, Chhatrapati Sambhajinagar -Aurangabad",Non-Resident Indian,OP NO,37,Both
Maharashtra,Deemed University,200367,"Mahatma Gandhi Missions Medical College, Aurangabad, N-6, Cidco, Chhatrapati Sambhajinagar -Aurangabad",Self-Financed Merit Seat,OP NO,213,Both
Maharashtra,Deemed University,200368,"Mahatma Gandhi Missions Medical College, Navi Mumbai, MGM Medical College, Plot No. 1-2, Sector 1, Kamothe, Navi Mumbai - 410 209",Non-Resident Indian,OP NO,37,Both
Maharashtra,Deemed University,200368,"Mahatma Gandhi Missions Medical College, Navi Mumbai, MGM Medical College, Plot No. 1-2, Sector 1, Kamothe, Navi Mumbai - 410 209",Self-Financed Merit Seat,OP NO,213,Both
Maharashtra,Deemed University,902807,"Mahatma Gandhi Missions Medical College, Nerul, Navi Mumbai, Sector-8, Nerul West Navi Mumbai",Non-Resident Indian,OP NO,7,Both
Maharashtra,Deemed University,902807,"Mahatma Gandhi Missions Medical College, Nerul, Navi Mumbai, Sector-8, Nerul West Navi Mumbai",Self-Financed Merit Seat,OP NO,43,Both
Maharashtra,Deemed University,904553,"Mahatma Gandhi Missions Medical College, Panvel, Gate No. 2, MGM Education Campus, Near Kalamboli Circle, Panvel, Raigad",Non-Resident Indian,OP NO,15,Both
Maharashtra,Deemed University,904553,"Mahatma Gandhi Missions Medical College, Panvel, Gate No. 2, MGM Education Campus, Near Kalamboli Circle, Panvel, Raigad",Self-Financed Merit Seat,OP NO,85,Both
Maharashtra,Deemed University,904758,"Padmashree Dr. DY. Patil Medical College, Navi Mumbai, Sector 5, Nerul, Navi Mumbai,",Non-Resident Indian,OP NO,38,Both
Maharashtra,Deemed University,904758,"Padmashree Dr. DY. Patil Medical College, Navi Mumbai, Sector 5, Nerul, Navi Mumbai,",Self-Financed Merit Seat,OP NO,212,Both
Maharashtra,All India except Central University,200225,"Rajashree Chatrapati Shahu Maharaj Government Medical College, Kolhapur, Rajarshee Chhatrapati Shahu Maharaj Government Medical College, R. K. Nagar Road, Shenda Park, Kol",All India,BC NO,6,Both
Maharashtra,All India except Central University,200225,"Rajashree Chatrapati Shahu Maharaj Government Medical College, Kolhapur, Rajarshee Chhatrapati Shahu Maharaj Government Medical College, R. K. Nagar Road, Shenda Park, Kol",All India,EW NO,2,Both
Maharashtra,All India except Central University,200225,"Rajashree Chatrapati Shahu Maharaj Government Medical College, Kolhapur, Rajarshee Chhatrapati Shahu Maharaj Government Medical College, R. K. Nagar Road, Shenda Park, Kol",All India,OP NO,9,Both
Maharashtra,All India except Central University,200225,"Rajashree Chatrapati Shahu Maharaj Government Medical College, Kolhapur, Rajarshee Chhatrapati Shahu Maharaj Government Medical College, R. K. Nagar Road, Shenda Park, Kol",All India,OP PH,1,Both
Maharashtra,All India except Central University,200225,"Rajashree Chatrapati Shahu Maharaj Government Medical College, Kolhapur, Rajarshee Chhatrapati Shahu Maharaj Government Medical College, R. K. Nagar Road, Shenda Park, Kol",All India,SC NO,3,Both
Maharashtra,All India except Central University,200225,"Rajashree Chatrapati Shahu Maharaj Government Medical College, Kolhapur, Rajarshee Chhatrapati Shahu Maharaj Government Medical College, R. K. Nagar Road, Shenda Park, Kol",All India,ST NO,2,Both
Maharashtra,All India except Central University,200224,"Rajiv Gandhi Medical College and Chhatrapati Shivaji Maharaj Hospital, Thane, THANE BELAPUR ROAD KALWA THANE WEST",All India,BC NO,5,Both
Maharashtra,All India except Central University,200224,"Rajiv Gandhi Medical College and Chhatrapati Shivaji Maharaj Hospital, Thane, THANE BELAPUR ROAD KALWA THANE WEST",All India,EW NO,1,Both
Maharashtra,All India except Central University,200224,"Rajiv Gandhi Medical College and Chhatrapati Shivaji Maharaj Hospital, Thane, THANE BELAPUR ROAD KALWA THANE WEST",All India,OP NO,6,Both
Maharashtra,All India except Central University,200224,"Rajiv Gandhi Medical College and Chhatrapati Shivaji Maharaj Hospital, Thane, THANE BELAPUR ROAD KALWA THANE WEST",All India,SC NO,2,Both
Maharashtra,All India except Central University,200224,"Rajiv Gandhi Medical College and Chhatrapati Shivaji Maharaj Hospital, Thane, THANE BELAPUR ROAD KALWA THANE WEST",All India,ST NO,1,Both
Maharashtra,Deemed University,200370,"Rural Medical College, Loni, Dr. Balasheb Vikhe Patil Rural Medical College At Loni BK Tal Rahata Dist. Ahilyanagar Maha",Non-Resident Indian,OP NO,30,Both
Maharashtra,Deemed University,200370,"Rural Medical College, Loni, Dr. Balasheb Vikhe Patil Rural Medical College At Loni BK Tal Rahata Dist. Ahilyanagar Maha",Self-Financed Merit Seat,OP NO,170,Both
Maharashtra,All India except Central University,200226,"Seth GS Medical College, Mumbai, ACHARYA DONDE MARG PAREL MUMBAI",All India,BC NO,9,Both
Maharashtra,All India except Central University,200226,"Seth GS Medical College, Mumbai, ACHARYA DONDE MARG PAREL MUMBAI",All India,BC PH,1,Both
Maharashtra,All India except Central University,200226,"Seth GS Medical College, Mumbai, ACHARYA DONDE MARG PAREL MUMBAI",All India,EW NO,5,Both
Maharashtra,All India except Central University,200226,"Seth GS Medical College, Mumbai, ACHARYA DONDE MARG PAREL MUMBAI",All India,OP NO,13,Both
Maharashtra,All India except Central University,200226,"Seth GS Medical College, Mumbai, ACHARYA DONDE MARG PAREL MUMBAI",All India,OP PH,1,Both
Maharashtra,All India except Central University,200226,"Seth GS Medical College, Mumbai, ACHARYA DONDE MARG PAREL MUMBAI",All India,SC NO,5,Both
Maharashtra,All India except Central University,200226,"Seth GS Medical College, Mumbai, ACHARYA DONDE MARG PAREL MUMBAI",All India,SC PH,1,Both
Maharashtra,All India except Central University,200226,"Seth GS Medical College, Mumbai, ACHARYA DONDE MARG PAREL MUMBAI",All India,ST NO,3,Both
Maharashtra,All India except Central University,200227,"Shri Vasant Rao Naik Govt. Medical College, Yavatmal, CIVIL LINES YAVATMAL",All India,BC NO,8,Both
Maharashtra,All India except Central University,200227,"Shri Vasant Rao Naik Govt. Medical College, Yavatmal, CIVIL LINES YAVATMAL",All India,EW NO,2,Both
Maharashtra,All India except Central University,200227,"Shri Vasant Rao Naik Govt. Medical College, Yavatmal, CIVIL LINES YAVATMAL",All India,OP NO,13,Both
Maharashtra,All India except Central University,200227,"Shri Vasant Rao Naik Govt. Medical College, Yavatmal, CIVIL LINES YAVATMAL",All India,SC NO,5,Both
Maharashtra,All India except Central University,200227,"Shri Vasant Rao Naik Govt. Medical College, Yavatmal, CIVIL LINES YAVATMAL",All India,ST NO,2,Both
Maharashtra,All India except Central University,200228,"Sri Bhausaheb Hire Government Medical College, Dhule, Shri.Bhusaheb Hire Government Medical College Malegaon Road Chakkarbardi Area Dhule",All India,BC NO,5,Both
Maharashtra,All India except Central University,200228,"Sri Bhausaheb Hire Government Medical College, Dhule, Shri.Bhusaheb Hire Government Medical College Malegaon Road Chakkarbardi Area Dhule",All India,BC PH,1,Both
Maharashtra,All India except Central University,200228,"Sri Bhausaheb Hire Government Medical College, Dhule, Shri.Bhusaheb Hire Government Medical College Malegaon Road Chakkarbardi Area Dhule",All India,EW NO,3,Both
Maharashtra,All India except Central University,200228,"Sri Bhausaheb Hire Government Medical College, Dhule, Shri.Bhusaheb Hire Government Medical College Malegaon Road Chakkarbardi Area Dhule",All India,OP NO,7,Both
Maharashtra,All India except Central University,200228,"Sri Bhausaheb Hire Government Medical College, Dhule, Shri.Bhusaheb Hire Government Medical College Malegaon Road Chakkarbardi Area Dhule",All India,OP PH,1,Both
Maharashtra,All India except Central University,200228,"Sri Bhausaheb Hire Government Medical College, Dhule, Shri.Bhusaheb Hire Government Medical College Malegaon Road Chakkarbardi Area Dhule",All India,SC NO,3,Both
Maharashtra,All India except Central University,200228,"Sri Bhausaheb Hire Government Medical College, Dhule, Shri.Bhusaheb Hire Government Medical College Malegaon Road Chakkarbardi Area Dhule",All India,ST NO,2,Both
Maharashtra,All India except Central University,200229,"SRTR Medical College, Ambajogai, SWAMI RAMNAND TEERTH RURAL GOVERNMENT MEDICAL COLLEGE AMBAJOGAI DIST BEED MAHARASHTRA PIN-431517",All India,BC NO,6,Both
Maharashtra,All India except Central University,200229,"SRTR Medical College, Ambajogai, SWAMI RAMNAND TEERTH RURAL GOVERNMENT MEDICAL COLLEGE AMBAJOGAI DIST BEED MAHARASHTRA PIN-431517",All India,EW NO,2,Both
Maharashtra,All India except Central University,200229,"SRTR Medical College, Ambajogai, SWAMI RAMNAND TEERTH RURAL GOVERNMENT MEDICAL COLLEGE AMBAJOGAI DIST BEED MAHARASHTRA PIN-431517",All India,OP NO,10,Both
Maharashtra,All India except Central University,200229,"SRTR Medical College, Ambajogai, SWAMI RAMNAND TEERTH RURAL GOVERNMENT MEDICAL COLLEGE AMBAJOGAI DIST BEED MAHARASHTRA PIN-431517",All India,SC NO,3,Both
Maharashtra,All India except Central University,200229,"SRTR Medical College, Ambajogai, SWAMI RAMNAND TEERTH RURAL GOVERNMENT MEDICAL COLLEGE AMBAJOGAI DIST BEED MAHARASHTRA PIN-431517",All India,ST NO,1,Both
Maharashtra,Deemed University,200527,"Symbiosis Medical College for Women, Pune, Gram Lavale Tal Mulshi Pune",Non-Resident Indian,OP NO,22,Female Only
Maharashtra,Deemed University,200527,"Symbiosis Medical College for Women, Pune, Gram Lavale Tal Mulshi Pune",Self-Financed Merit Seat,OP NO,128,Female Only
Maharashtra,All India except Central University,200230,"Topiwala National Medical College, Mumbai, Dr. A.L. Nair Road, Mumbai Central, Mumbai",All India,BC NO,6,Both
Maharashtra,All India except Central University,200230,"Topiwala National Medical College, Mumbai, Dr. A.L. Nair Road, Mumbai Central, Mumbai",All India,EW NO,2,Both
Maharashtra,All India except Central University,200230,"Topiwala National Medical College, Mumbai, Dr. A.L. Nair Road, Mumbai Central, Mumbai",All India,OP NO,8,Both
Maharashtra,All India except Central University,200230,"Topiwala National Medical College, Mumbai, Dr. A.L. Nair Road, Mumbai Central, Mumbai",All India,OP PH,1,Both
Maharashtra,All India except Central University,200230,"Topiwala National Medical College, Mumbai, Dr. A.L. Nair Road, Mumbai Central, Mumbai",All India,SC NO,4,Both
Maharashtra,All India except Central University,200230,"Topiwala National Medical College, Mumbai, Dr. A.L. Nair Road, Mumbai Central, Mumbai",All India,ST NO,2,Both
Manipur,All India except Central University,200592,"Government Medical College, Churachandpur, Hiangtam Lamka, I.B. Road, Churachandpur District",All India,BC NO,4,Both
Manipur,All India except Central University,200592,"Government Medical College, Churachandpur, Hiangtam Lamka, I.B. Road, Churachandpur District",All India,EW NO,1,Both
Manipur,All India except Central University,200592,"Government Medical College, Churachandpur, Hiangtam Lamka, I.B. Road, Churachandpur District",All India,EW PH,1,Both
Manipur,All India except Central University,200592,"Government Medical College, Churachandpur, Hiangtam Lamka, I.B. Road, Churachandpur District",All India,OP NO,6,Both
Manipur,All India except Central University,200592,"Government Medical College, Churachandpur, Hiangtam Lamka, I.B. Road, Churachandpur District",All India,SC NO,1,Both
Manipur,All India except Central University,200592,"Government Medical College, Churachandpur, Hiangtam Lamka, I.B. Road, Churachandpur District",All India,SC PH,1,Both
Manipur,All India except Central University,200592,"Government Medical College, Churachandpur, Hiangtam Lamka, I.B. Road, Churachandpur District",All India,ST PH,1,Both
Manipur,All India except Central University,200232,"Jawaharlal Nehru Institute of Medical Sciences, Porompet, Imphal, POROMPAT, IMPHAL - EAST, MANIPUR - 795005",All India,BC NO,5,Both
Manipur,All India except Central University,200232,"Jawaharlal Nehru Institute of Medical Sciences, Porompet, Imphal, POROMPAT, IMPHAL - EAST, MANIPUR - 795005",All India,BC PH,1,Both
Manipur,All India except Central University,200232,"Jawaharlal Nehru Institute of Medical Sciences, Porompet, Imphal, POROMPAT, IMPHAL - EAST, MANIPUR - 795005",All India,EW NO,2,Both
Manipur,All India except Central University,200232,"Jawaharlal Nehru Institute of Medical Sciences, Porompet, Imphal, POROMPAT, IMPHAL - EAST, MANIPUR - 795005",All India,OP NO,9,Both
Manipur,All India except Central University,200232,"Jawaharlal Nehru Institute of Medical Sciences, Porompet, Imphal, POROMPAT, IMPHAL - EAST, MANIPUR - 795005",All India,SC NO,3,Both
Manipur,All India except Central University,200232,"Jawaharlal Nehru Institute of Medical Sciences, Porompet, Imphal, POROMPAT, IMPHAL - EAST, MANIPUR - 795005",All India,ST NO,2,Both
Manipur,All India except Central University,200233,"Regional Institute of Medical Sciences, Imphal, PO Lamphelpat, Imphal West District",All India,BC NO,6,Both
Manipur,All India except Central University,200233,"Regional Institute of Medical Sciences, Imphal, PO Lamphelpat, Imphal West District",All India,EW NO,2,Both
Manipur,All India except Central University,200233,"Regional Institute of Medical Sciences, Imphal, PO Lamphelpat, Imphal West District",All India,OP NO,8,Both
Manipur,All India except Central University,200233,"Regional Institute of Medical Sciences, Imphal, PO Lamphelpat, Imphal West District",All India,OP PH,1,Both
Manipur,All India except Central University,200233,"Regional Institute of Medical Sciences, Imphal, PO Lamphelpat, Imphal West District",All India,SC NO,4,Both
Manipur,All India except Central University,200233,"Regional Institute of Medical Sciences, Imphal, PO Lamphelpat, Imphal West District",All India,ST NO,2,Both
Meghalaya,All India except Central University,200234,"North Eastern Indira Gandhi Regional Instt. of Health and Medical Sciences, Shillong, Mawdiangdiang Shillong East Khasi Hills District",All India,OP NO,8,Both
Meghalaya,All India except Central University,904358,"Shillong Medical College, PASTEUR HILLS LAWMALI SHILLONG",All India,BC NO,3,Both
Meghalaya,All India except Central University,904358,"Shillong Medical College, PASTEUR HILLS LAWMALI SHILLONG",All India,EW NO,1,Both
Meghalaya,All India except Central University,904358,"Shillong Medical College, PASTEUR HILLS LAWMALI SHILLONG",All India,OP NO,3,Both
Meghalaya,All India except Central University,904358,"Shillong Medical College, PASTEUR HILLS LAWMALI SHILLONG",All India,SC NO,1,Both
Mizoram,All India except Central University,200427,"Zoram Medical College, Mizoram, Academic Block, Zoram Medical College and Hospital, Falkawn, Aizawl District, Mizoram - 796005",All India,BC NO,4,Both
Mizoram,All India except Central University,200427,"Zoram Medical College, Mizoram, Academic Block, Zoram Medical College and Hospital, Falkawn, Aizawl District, Mizoram - 796005",All India,EW NO,1,Both
Mizoram,All India except Central University,200427,"Zoram Medical College, Mizoram, Academic Block, Zoram Medical College and Hospital, Falkawn, Aizawl District, Mizoram - 796005",All India,OP NO,7,Both
Mizoram,All India except Central University,200427,"Zoram Medical College, Mizoram, Academic Block, Zoram Medical College and Hospital, Falkawn, Aizawl District, Mizoram - 796005",All India,SC NO,2,Both
Mizoram,All India except Central University,200427,"Zoram Medical College, Mizoram, Academic Block, Zoram Medical College and Hospital, Falkawn, Aizawl District, Mizoram - 796005",All India,ST NO,1,Both
Nagaland,All India except Central University,200680,"Nagaland Institute of Medical Sciences & Research, Phreibagei, Kohima",All India,BC NO,3,Both
Nagaland,All India except Central University,200680,"Nagaland Institute of Medical Sciences & Research, Phreibagei, Kohima",All India,BC PH,1,Both
Nagaland,All India except Central University,200680,"Nagaland Institute of Medical Sciences & Research, Phreibagei, Kohima",All India,EW NO,2,Both
Nagaland,All India except Central University,200680,"Nagaland Institute of Medical Sciences & Research, Phreibagei, Kohima",All India,OP NO,5,Both
Nagaland,All India except Central University,200680,"Nagaland Institute of Medical Sciences & Research, Phreibagei, Kohima",All India,OP PH,1,Both
Nagaland,All India except Central University,200680,"Nagaland Institute of Medical Sciences & Research, Phreibagei, Kohima",All India,SC NO,2,Both
Nagaland,All India except Central University,200680,"Nagaland Institute of Medical Sciences & Research, Phreibagei, Kohima",All India,ST NO,1,Both
Odisha,All India Institute Of Medical Science(AIIMS),200504,"AIIMS, Bhubaneswar, AT - Sijua, POST - DUMUDUMA, BHUBANESWAR-751019",Open Seat Quota,BC NO,32,Both
Odisha,All India Institute Of Medical Science(AIIMS),200504,"AIIMS, Bhubaneswar, AT - Sijua, POST - DUMUDUMA, BHUBANESWAR-751019",Open Seat Quota,BC PH,2,Both
Odisha,All India Institute Of Medical Science(AIIMS),200504,"AIIMS, Bhubaneswar, AT - Sijua, POST - DUMUDUMA, BHUBANESWAR-751019",Open Seat Quota,EW NO,12,Both
Odisha,All India Institute Of Medical Science(AIIMS),200504,"AIIMS, Bhubaneswar, AT - Sijua, POST - DUMUDUMA, BHUBANESWAR-751019",Open Seat Quota,OP NO,49,Both
Odisha,All India Institute Of Medical Science(AIIMS),200504,"AIIMS, Bhubaneswar, AT - Sijua, POST - DUMUDUMA, BHUBANESWAR-751019",Open Seat Quota,OP PH,2,Both
Odisha,All India Institute Of Medical Science(AIIMS),200504,"AIIMS, Bhubaneswar, AT - Sijua, POST - DUMUDUMA, BHUBANESWAR-751019",Open Seat Quota,SC NO,19,Both
Odisha,All India Institute Of Medical Science(AIIMS),200504,"AIIMS, Bhubaneswar, AT - Sijua, POST - DUMUDUMA, BHUBANESWAR-751019",Open Seat Quota,ST NO,9,Both
Odisha,All India except Central University,200590,"Dharanidhar Medical College and Hospital (previously Government Medical College, Keonjhar), AT-KABITRA, NEAR DD COLLEGE, KEONJHARGARH, PS- TOWN POLICE STATION, DIST- KEONJHAR, ODISHA",All India,BC NO,4,Both
Odisha,All India except Central University,200590,"Dharanidhar Medical College and Hospital (previously Government Medical College, Keonjhar), AT-KABITRA, NEAR DD COLLEGE, KEONJHARGARH, PS- TOWN POLICE STATION, DIST- KEONJHAR, ODISHA",All India,EW NO,1,Both
Odisha,All India except Central University,200590,"Dharanidhar Medical College and Hospital (previously Government Medical College, Keonjhar), AT-KABITRA, NEAR DD COLLEGE, KEONJHARGARH, PS- TOWN POLICE STATION, DIST- KEONJHAR, ODISHA",All India,OP NO,6,Both
Odisha,All India except Central University,200590,"Dharanidhar Medical College and Hospital (previously Government Medical College, Keonjhar), AT-KABITRA, NEAR DD COLLEGE, KEONJHARGARH, PS- TOWN POLICE STATION, DIST- KEONJHAR, ODISHA",All India,SC NO,3,Both
Odisha,All India except Central University,200590,"Dharanidhar Medical College and Hospital (previously Government Medical College, Keonjhar), AT-KABITRA, NEAR DD COLLEGE, KEONJHARGARH, PS- TOWN POLICE STATION, DIST- KEONJHAR, ODISHA",All India,ST NO,1,Both
Odisha,All India except Central University,200428,"Government Medical College & Hospital (Renamed as Bhima Bhoi Medical College & Hospital), Balangir, PO - Rajendra College, District- Balangir, Odisha.",All India,BC NO,4,Both
Odisha,All India except Central University,200428,"Government Medical College & Hospital (Renamed as Bhima Bhoi Medical College & Hospital), Balangir, PO - Rajendra College, District- Balangir, Odisha.",All India,EW NO,2,Both
Odisha,All India except Central University,200428,"Government Medical College & Hospital (Renamed as Bhima Bhoi Medical College & Hospital), Balangir, PO - Rajendra College, District- Balangir, Odisha.",All India,OP NO,5,Both
Odisha,All India except Central University,200428,"Government Medical College & Hospital (Renamed as Bhima Bhoi Medical College & Hospital), Balangir, PO - Rajendra College, District- Balangir, Odisha.",All India,SC NO,2,Both
Odisha,All India except Central University,200428,"Government Medical College & Hospital (Renamed as Bhima Bhoi Medical College & Hospital), Balangir, PO - Rajendra College, District- Balangir, Odisha.",All India,ST NO,2,Both
Odisha,All India except Central University,200437,"Government Medical College & Hospital (Renamed as Fakir Mohan Medical College & Hospital), Balasore, Remuna, Baleshwar, 756019",All India,BC NO,4,Both
Odisha,All India except Central University,200437,"Government Medical College & Hospital (Renamed as Fakir Mohan Medical College & Hospital), Balasore, Remuna, Baleshwar, 756019",All India,EW NO,1,Both
Odisha,All India except Central University,200437,"Government Medical College & Hospital (Renamed as Fakir Mohan Medical College & Hospital), Balasore, Remuna, Baleshwar, 756019",All India,OP NO,7,Both
Odisha,All India except Central University,200437,"Government Medical College & Hospital (Renamed as Fakir Mohan Medical College & Hospital), Balasore, Remuna, Baleshwar, 756019",All India,SC NO,1,Both
Odisha,All India except Central University,200437,"Government Medical College & Hospital (Renamed as Fakir Mohan Medical College & Hospital), Balasore, Remuna, Baleshwar, 756019",All India,SC PH,1,Both
Odisha,All India except Central University,200437,"Government Medical College & Hospital (Renamed as Fakir Mohan Medical College & Hospital), Balasore, Remuna, Baleshwar, 756019",All India,ST NO,1,Both
Odisha,All India except Central University,904363,"GOVERNMENT MEDICAL COLLEGE PHULBANI , KANDHAMAL, AT TILAKPADA, POST PAKALGAON, PS / TAHASIL KHAJURIPADA PHULBANI, KANDHAMAL",All India,BC NO,4,Both
Odisha,All India except Central University,904363,"GOVERNMENT MEDICAL COLLEGE PHULBANI , KANDHAMAL, AT TILAKPADA, POST PAKALGAON, PS / TAHASIL KHAJURIPADA PHULBANI, KANDHAMAL",All India,EW NO,2,Both
Odisha,All India except Central University,904363,"GOVERNMENT MEDICAL COLLEGE PHULBANI , KANDHAMAL, AT TILAKPADA, POST PAKALGAON, PS / TAHASIL KHAJURIPADA PHULBANI, KANDHAMAL",All India,OP NO,5,Both
Odisha,All India except Central University,904363,"GOVERNMENT MEDICAL COLLEGE PHULBANI , KANDHAMAL, AT TILAKPADA, POST PAKALGAON, PS / TAHASIL KHAJURIPADA PHULBANI, KANDHAMAL",All India,OP PH,1,Both
Odisha,All India except Central University,904363,"GOVERNMENT MEDICAL COLLEGE PHULBANI , KANDHAMAL, AT TILAKPADA, POST PAKALGAON, PS / TAHASIL KHAJURIPADA PHULBANI, KANDHAMAL",All India,SC NO,2,Both
Odisha,All India except Central University,904363,"GOVERNMENT MEDICAL COLLEGE PHULBANI , KANDHAMAL, AT TILAKPADA, POST PAKALGAON, PS / TAHASIL KHAJURIPADA PHULBANI, KANDHAMAL",All India,ST NO,1,Both
Odisha,All India except Central University,200591,"Government Medical College, Sundargarh, At-Chitabhanga,Po- Sankara,Dist-Sundargarh,Odisha,Pin-770001",All India,BC NO,3,Both
Odisha,All India except Central University,200591,"Government Medical College, Sundargarh, At-Chitabhanga,Po- Sankara,Dist-Sundargarh,Odisha,Pin-770001",All India,BC PH,1,Both
Odisha,All India except Central University,200591,"Government Medical College, Sundargarh, At-Chitabhanga,Po- Sankara,Dist-Sundargarh,Odisha,Pin-770001",All India,EW NO,1,Both
Odisha,All India except Central University,200591,"Government Medical College, Sundargarh, At-Chitabhanga,Po- Sankara,Dist-Sundargarh,Odisha,Pin-770001",All India,OP NO,6,Both
Odisha,All India except Central University,200591,"Government Medical College, Sundargarh, At-Chitabhanga,Po- Sankara,Dist-Sundargarh,Odisha,Pin-770001",All India,SC NO,3,Both
Odisha,All India except Central University,200591,"Government Medical College, Sundargarh, At-Chitabhanga,Po- Sankara,Dist-Sundargarh,Odisha,Pin-770001",All India,ST NO,1,Both
Odisha,Deemed University,902806,"Institute of Medical Sciences & SUM Hospital, Campus-II, Phulnakhara Bhubaneswar, Odhisha, At-Nakhara, Po-Phulnakhara, Bhubaneswar, Khordha",Non-Resident Indian,OP NO,10,Both
Odisha,Deemed University,902806,"Institute of Medical Sciences & SUM Hospital, Campus-II, Phulnakhara Bhubaneswar, Odhisha, At-Nakhara, Po-Phulnakhara, Bhubaneswar, Khordha",Self-Financed Merit Seat,OP NO,240,Both
Odisha,Deemed University,200374,"Instt. Of Medical Sciences & SUM Hospital, Bhubaneswar, K 8 Kalinga Nagar Po Mahalaxmi Vihar Bhubaneswar",Non-Resident Indian,OP NO,5,Both
Odisha,Deemed University,200374,"Instt. Of Medical Sciences & SUM Hospital, Bhubaneswar, K 8 Kalinga Nagar Po Mahalaxmi Vihar Bhubaneswar",Self-Financed Merit Seat,OP NO,245,Both
Odisha,Deemed University,200376,"Kalinga Institute of Medical Sciences, Bhubaneswar, CAMPUS-5 KUSHABHADRA CAMPUS P.O-KIIT BHUBANESWAR",Non-Resident Indian,OP NO,37,Both
Odisha,Deemed University,200376,"Kalinga Institute of Medical Sciences, Bhubaneswar, CAMPUS-5 KUSHABHADRA CAMPUS P.O-KIIT BHUBANESWAR",Self-Financed Merit Seat,OP NO,213,Both
Odisha,All India except Central University,902811,"Mahraja Jajati Keshari Medical College (previously Government Medical College and Hospital, Jajpur Odhisha), Dean and Principal, Government Medical College and Hospital, Jajpur, Renamed as Maharaja Jajati Kesh",All India,BC NO,2,Both
Odisha,All India except Central University,902811,"Mahraja Jajati Keshari Medical College (previously Government Medical College and Hospital, Jajpur Odhisha), Dean and Principal, Government Medical College and Hospital, Jajpur, Renamed as Maharaja Jajati Kesh",All India,EW NO,1,Both
Odisha,All India except Central University,902811,"Mahraja Jajati Keshari Medical College (previously Government Medical College and Hospital, Jajpur Odhisha), Dean and Principal, Government Medical College and Hospital, Jajpur, Renamed as Maharaja Jajati Kesh",All India,OP NO,3,Both
Odisha,All India except Central University,902811,"Mahraja Jajati Keshari Medical College (previously Government Medical College and Hospital, Jajpur Odhisha), Dean and Principal, Government Medical College and Hospital, Jajpur, Renamed as Maharaja Jajati Kesh",All India,SC NO,1,Both
Odisha,All India except Central University,200235,"MKCG Medical College, Berhampur, MKCG MEDICAL COLLEGE CAMPUS, BERHAMPUR, GANJAM",All India,BC NO,10,Both
Odisha,All India except Central University,200235,"MKCG Medical College, Berhampur, MKCG MEDICAL COLLEGE CAMPUS, BERHAMPUR, GANJAM",All India,EW NO,3,Both
Odisha,All India except Central University,200235,"MKCG Medical College, Berhampur, MKCG MEDICAL COLLEGE CAMPUS, BERHAMPUR, GANJAM",All India,EW PH,1,Both
Odisha,All India except Central University,200235,"MKCG Medical College, Berhampur, MKCG MEDICAL COLLEGE CAMPUS, BERHAMPUR, GANJAM",All India,OP NO,15,Both
Odisha,All India except Central University,200235,"MKCG Medical College, Berhampur, MKCG MEDICAL COLLEGE CAMPUS, BERHAMPUR, GANJAM",All India,OP PH,1,Both
Odisha,All India except Central University,200235,"MKCG Medical College, Berhampur, MKCG MEDICAL COLLEGE CAMPUS, BERHAMPUR, GANJAM",All India,SC NO,5,Both
Odisha,All India except Central University,200235,"MKCG Medical College, Berhampur, MKCG MEDICAL COLLEGE CAMPUS, BERHAMPUR, GANJAM",All India,ST NO,3,Both
Odisha,All India except Central University,904364,"PABITRA MOHAN PRADHAN MEDICAL COLLEGE, TALCHER, AT/PO- DERA, P.S- COLLIERY DERA, TALCHER, DISTRICT-ANGUL, PIN- 759103, ODISHA",All India,BC NO,4,Both
Odisha,All India except Central University,904364,"PABITRA MOHAN PRADHAN MEDICAL COLLEGE, TALCHER, AT/PO- DERA, P.S- COLLIERY DERA, TALCHER, DISTRICT-ANGUL, PIN- 759103, ODISHA",All India,EW NO,1,Both
Odisha,All India except Central University,904364,"PABITRA MOHAN PRADHAN MEDICAL COLLEGE, TALCHER, AT/PO- DERA, P.S- COLLIERY DERA, TALCHER, DISTRICT-ANGUL, PIN- 759103, ODISHA",All India,OP NO,5,Both
Odisha,All India except Central University,904364,"PABITRA MOHAN PRADHAN MEDICAL COLLEGE, TALCHER, AT/PO- DERA, P.S- COLLIERY DERA, TALCHER, DISTRICT-ANGUL, PIN- 759103, ODISHA",All India,SC NO,3,Both
Odisha,All India except Central University,904364,"PABITRA MOHAN PRADHAN MEDICAL COLLEGE, TALCHER, AT/PO- DERA, P.S- COLLIERY DERA, TALCHER, DISTRICT-ANGUL, PIN- 759103, ODISHA",All India,ST NO,2,Both
Odisha,All India except Central University,200236,"Pt. Raghunath Murmu Medical College and Hospital, Baripada, Odisha, AT-Rangamatia ,PO-Sankhabhanga , Via-Laxmiposi, Dist- Mayurbhanj, Odisha",All India,BC NO,4,Both
Odisha,All India except Central University,200236,"Pt. Raghunath Murmu Medical College and Hospital, Baripada, Odisha, AT-Rangamatia ,PO-Sankhabhanga , Via-Laxmiposi, Dist- Mayurbhanj, Odisha",All India,BC PH,1,Both
Odisha,All India except Central University,200236,"Pt. Raghunath Murmu Medical College and Hospital, Baripada, Odisha, AT-Rangamatia ,PO-Sankhabhanga , Via-Laxmiposi, Dist- Mayurbhanj, Odisha",All India,EW NO,2,Both
Odisha,All India except Central University,200236,"Pt. Raghunath Murmu Medical College and Hospital, Baripada, Odisha, AT-Rangamatia ,PO-Sankhabhanga , Via-Laxmiposi, Dist- Mayurbhanj, Odisha",All India,OP NO,7,Both
Odisha,All India except Central University,200236,"Pt. Raghunath Murmu Medical College and Hospital, Baripada, Odisha, AT-Rangamatia ,PO-Sankhabhanga , Via-Laxmiposi, Dist- Mayurbhanj, Odisha",All India,OP PH,1,Both
Odisha,All India except Central University,200236,"Pt. Raghunath Murmu Medical College and Hospital, Baripada, Odisha, AT-Rangamatia ,PO-Sankhabhanga , Via-Laxmiposi, Dist- Mayurbhanj, Odisha",All India,SC NO,3,Both
Odisha,All India except Central University,200236,"Pt. Raghunath Murmu Medical College and Hospital, Baripada, Odisha, AT-Rangamatia ,PO-Sankhabhanga , Via-Laxmiposi, Dist- Mayurbhanj, Odisha",All India,ST NO,1,Both
Odisha,All India except Central University,200239,"Saheed Laxman Nayak Medical College & Hospital, Koraput, AT- JANIGUDA,KORAPUT",All India,BC NO,5,Both
Odisha,All India except Central University,200239,"Saheed Laxman Nayak Medical College & Hospital, Koraput, AT- JANIGUDA,KORAPUT",All India,EW NO,2,Both
Odisha,All India except Central University,200239,"Saheed Laxman Nayak Medical College & Hospital, Koraput, AT- JANIGUDA,KORAPUT",All India,OP NO,9,Both
Odisha,All India except Central University,200239,"Saheed Laxman Nayak Medical College & Hospital, Koraput, AT- JANIGUDA,KORAPUT",All India,SC NO,2,Both
Odisha,All India except Central University,200239,"Saheed Laxman Nayak Medical College & Hospital, Koraput, AT- JANIGUDA,KORAPUT",All India,ST NO,1,Both
Odisha,All India except Central University,200675,"Saheed Rendo Majhi Medical College and Hospital, Bhawanipatna, Kalahandi, Odisha (erstwhile Government Medical College, Bhawanipatna) , At - Bhangabari, P.O. - Uditnarayanpur, Bhawanipatna, Dist - Kalahandi",All India,BC NO,4,Both
Odisha,All India except Central University,200675,"Saheed Rendo Majhi Medical College and Hospital, Bhawanipatna, Kalahandi, Odisha (erstwhile Government Medical College, Bhawanipatna) , At - Bhangabari, P.O. - Uditnarayanpur, Bhawanipatna, Dist - Kalahandi",All India,EW NO,1,Both
Odisha,All India except Central University,200675,"Saheed Rendo Majhi Medical College and Hospital, Bhawanipatna, Kalahandi, Odisha (erstwhile Government Medical College, Bhawanipatna) , At - Bhangabari, P.O. - Uditnarayanpur, Bhawanipatna, Dist - Kalahandi",All India,OP NO,5,Both
Odisha,All India except Central University,200675,"Saheed Rendo Majhi Medical College and Hospital, Bhawanipatna, Kalahandi, Odisha (erstwhile Government Medical College, Bhawanipatna) , At - Bhangabari, P.O. - Uditnarayanpur, Bhawanipatna, Dist - Kalahandi",All India,SC NO,2,Both
Odisha,All India except Central University,200675,"Saheed Rendo Majhi Medical College and Hospital, Bhawanipatna, Kalahandi, Odisha (erstwhile Government Medical College, Bhawanipatna) , At - Bhangabari, P.O. - Uditnarayanpur, Bhawanipatna, Dist - Kalahandi",All India,SC PH,1,Both
Odisha,All India except Central University,200675,"Saheed Rendo Majhi Medical College and Hospital, Bhawanipatna, Kalahandi, Odisha (erstwhile Government Medical College, Bhawanipatna) , At - Bhangabari, P.O. - Uditnarayanpur, Bhawanipatna, Dist - Kalahandi",All India,ST NO,1,Both
Odisha,All India except Central University,200675,"Saheed Rendo Majhi Medical College and Hospital, Bhawanipatna, Kalahandi, Odisha (erstwhile Government Medical College, Bhawanipatna) , At - Bhangabari, P.O. - Uditnarayanpur, Bhawanipatna, Dist - Kalahandi",All India,ST PH,1,Both
Odisha,All India except Central University,200238,"SCB Medical College, Cuttack, Mangalabag, Kataka",All India,BC NO,10,Both
Odisha,All India except Central University,200238,"SCB Medical College, Cuttack, Mangalabag, Kataka",All India,BC PH,1,Both
Odisha,All India except Central University,200238,"SCB Medical College, Cuttack, Mangalabag, Kataka",All India,EW NO,4,Both
Odisha,All India except Central University,200238,"SCB Medical College, Cuttack, Mangalabag, Kataka",All India,OP NO,15,Both
Odisha,All India except Central University,200238,"SCB Medical College, Cuttack, Mangalabag, Kataka",All India,OP PH,1,Both
Odisha,All India except Central University,200238,"SCB Medical College, Cuttack, Mangalabag, Kataka",All India,SC NO,5,Both
Odisha,All India except Central University,200238,"SCB Medical College, Cuttack, Mangalabag, Kataka",All India,ST NO,2,Both
Odisha,All India except Central University,200565,"Sri Jagannath Medical College & Hospital, Puri, BALIGUALI SAMANGARA PURI PIN 752004 ODISHA",All India,BC NO,4,Both
Odisha,All India except Central University,200565,"Sri Jagannath Medical College & Hospital, Puri, BALIGUALI SAMANGARA PURI PIN 752004 ODISHA",All India,EW NO,2,Both
Odisha,All India except Central University,200565,"Sri Jagannath Medical College & Hospital, Puri, BALIGUALI SAMANGARA PURI PIN 752004 ODISHA",All India,OP NO,6,Both
Odisha,All India except Central University,200565,"Sri Jagannath Medical College & Hospital, Puri, BALIGUALI SAMANGARA PURI PIN 752004 ODISHA",All India,SC NO,2,Both
Odisha,All India except Central University,200565,"Sri Jagannath Medical College & Hospital, Puri, BALIGUALI SAMANGARA PURI PIN 752004 ODISHA",All India,ST NO,1,Both
Odisha,All India except Central University,200240,"Veer Surendra Sai Institute of Medical Sciences and Research, Burla, AYURVIHAR,BURLA, SAMBALPUR",All India,BC NO,10,Both
Odisha,All India except Central University,200240,"Veer Surendra Sai Institute of Medical Sciences and Research, Burla, AYURVIHAR,BURLA, SAMBALPUR",All India,EW NO,4,Both
Odisha,All India except Central University,200240,"Veer Surendra Sai Institute of Medical Sciences and Research, Burla, AYURVIHAR,BURLA, SAMBALPUR",All India,OP NO,13,Both
Odisha,All India except Central University,200240,"Veer Surendra Sai Institute of Medical Sciences and Research, Burla, AYURVIHAR,BURLA, SAMBALPUR",All India,OP PH,1,Both
Odisha,All India except Central University,200240,"Veer Surendra Sai Institute of Medical Sciences and Research, Burla, AYURVIHAR,BURLA, SAMBALPUR",All India,SC NO,6,Both
Odisha,All India except Central University,200240,"Veer Surendra Sai Institute of Medical Sciences and Research, Burla, AYURVIHAR,BURLA, SAMBALPUR",All India,ST NO,3,Both
Puducherry,Deemed University,200377,"Aarupadai Veedu Medical College, Pondicherry, PONDY - CUDDALORE MAIN ROAD, KIRUMAMPAKKAM, PUDUCHERRY",Self-Financed Merit Seat,OP NO,150,Both
Puducherry,All India except Central University,200241,"Indira Gandhi Medical College & Research Institute, Puducherry, Vazhudavour Road, Kadirkamam",All India,BC NO,6,Both
Puducherry,All India except Central University,200241,"Indira Gandhi Medical College & Research Institute, Puducherry, Vazhudavour Road, Kadirkamam",All India,BC PH,1,Both
Puducherry,All India except Central University,200241,"Indira Gandhi Medical College & Research Institute, Puducherry, Vazhudavour Road, Kadirkamam",All India,EW NO,2,Both
Puducherry,All India except Central University,200241,"Indira Gandhi Medical College & Research Institute, Puducherry, Vazhudavour Road, Kadirkamam",All India,EW PH,1,Both
Puducherry,All India except Central University,200241,"Indira Gandhi Medical College & Research Institute, Puducherry, Vazhudavour Road, Kadirkamam",All India,OP NO,9,Both
Puducherry,All India except Central University,200241,"Indira Gandhi Medical College & Research Institute, Puducherry, Vazhudavour Road, Kadirkamam",All India,OP PH,1,Both
Puducherry,All India except Central University,200241,"Indira Gandhi Medical College & Research Institute, Puducherry, Vazhudavour Road, Kadirkamam",All India,SC NO,4,Both
Puducherry,All India except Central University,200241,"Indira Gandhi Medical College & Research Institute, Puducherry, Vazhudavour Road, Kadirkamam",All India,SC PH,1,Both
Puducherry,All India except Central University,200241,"Indira Gandhi Medical College & Research Institute, Puducherry, Vazhudavour Road, Kadirkamam",All India,ST NO,2,Both
Puducherry,Jawaharlal Institute of Postgraduate Medical Education and Research,200522,"JIPMER KARAIKAL, JIPMER Academic Campus, FCI Link Road, Kovilpathu, Karaikal - 609602",Internal -Puducherry UT Domicile,BC NO,5,Both
Puducherry,Jawaharlal Institute of Postgraduate Medical Education and Research,200522,"JIPMER KARAIKAL, JIPMER Academic Campus, FCI Link Road, Kovilpathu, Karaikal - 609602",Internal -Puducherry UT Domicile,EW NO,1,Both
Puducherry,Jawaharlal Institute of Postgraduate Medical Education and Research,200522,"JIPMER KARAIKAL, JIPMER Academic Campus, FCI Link Road, Kovilpathu, Karaikal - 609602",Internal -Puducherry UT Domicile,EW PH,1,Both
Puducherry,Jawaharlal Institute of Postgraduate Medical Education and Research,200522,"JIPMER KARAIKAL, JIPMER Academic Campus, FCI Link Road, Kovilpathu, Karaikal - 609602",Internal -Puducherry UT Domicile,OP NO,3,Both
Puducherry,Jawaharlal Institute of Postgraduate Medical Education and Research,200522,"JIPMER KARAIKAL, JIPMER Academic Campus, FCI Link Road, Kovilpathu, Karaikal - 609602",Internal -Puducherry UT Domicile,OP PH,1,Both
Puducherry,Jawaharlal Institute of Postgraduate Medical Education and Research,200522,"JIPMER KARAIKAL, JIPMER Academic Campus, FCI Link Road, Kovilpathu, Karaikal - 609602",Internal -Puducherry UT Domicile,SC NO,2,Both
Puducherry,Jawaharlal Institute of Postgraduate Medical Education and Research,200522,"JIPMER KARAIKAL, JIPMER Academic Campus, FCI Link Road, Kovilpathu, Karaikal - 609602",Internal -Puducherry UT Domicile,SC PH,1,Both
Puducherry,Jawaharlal Institute of Postgraduate Medical Education and Research,200522,"JIPMER KARAIKAL, JIPMER Academic Campus, FCI Link Road, Kovilpathu, Karaikal - 609602",Internal -Puducherry UT Domicile,ST NO,2,Both
Puducherry,Jawaharlal Institute of Postgraduate Medical Education and Research,200522,"JIPMER KARAIKAL, JIPMER Academic Campus, FCI Link Road, Kovilpathu, Karaikal - 609602",Open Seat Quota,BC NO,12,Both
Puducherry,Jawaharlal Institute of Postgraduate Medical Education and Research,200522,"JIPMER KARAIKAL, JIPMER Academic Campus, FCI Link Road, Kovilpathu, Karaikal - 609602",Open Seat Quota,EW NO,5,Both
Puducherry,Jawaharlal Institute of Postgraduate Medical Education and Research,200522,"JIPMER KARAIKAL, JIPMER Academic Campus, FCI Link Road, Kovilpathu, Karaikal - 609602",Open Seat Quota,OP NO,17,Both
Puducherry,Jawaharlal Institute of Postgraduate Medical Education and Research,200522,"JIPMER KARAIKAL, JIPMER Academic Campus, FCI Link Road, Kovilpathu, Karaikal - 609602",Open Seat Quota,OP PH,1,Both
Puducherry,Jawaharlal Institute of Postgraduate Medical Education and Research,200522,"JIPMER KARAIKAL, JIPMER Academic Campus, FCI Link Road, Kovilpathu, Karaikal - 609602",Open Seat Quota,SC NO,6,Both
Puducherry,Jawaharlal Institute of Postgraduate Medical Education and Research,200522,"JIPMER KARAIKAL, JIPMER Academic Campus, FCI Link Road, Kovilpathu, Karaikal - 609602",Open Seat Quota,SC PH,1,Both
Puducherry,Jawaharlal Institute of Postgraduate Medical Education and Research,200522,"JIPMER KARAIKAL, JIPMER Academic Campus, FCI Link Road, Kovilpathu, Karaikal - 609602",Open Seat Quota,ST NO,2,Both
Puducherry,Jawaharlal Institute of Postgraduate Medical Education and Research,200522,"JIPMER KARAIKAL, JIPMER Academic Campus, FCI Link Road, Kovilpathu, Karaikal - 609602",Open Seat Quota,ST PH,1,Both
Puducherry,Jawaharlal Institute of Postgraduate Medical Education and Research,200521,"JIPMER PUDUCHERRY, Dhanvantari Nagar Gorimedu Puducherry",Internal -Puducherry UT Domicile,BC NO,11,Both
Puducherry,Jawaharlal Institute of Postgraduate Medical Education and Research,200521,"JIPMER PUDUCHERRY, Dhanvantari Nagar Gorimedu Puducherry",Internal -Puducherry UT Domicile,BC PH,1,Both
Puducherry,Jawaharlal Institute of Postgraduate Medical Education and Research,200521,"JIPMER PUDUCHERRY, Dhanvantari Nagar Gorimedu Puducherry",Internal -Puducherry UT Domicile,EW NO,4,Both
Puducherry,Jawaharlal Institute of Postgraduate Medical Education and Research,200521,"JIPMER PUDUCHERRY, Dhanvantari Nagar Gorimedu Puducherry",Internal -Puducherry UT Domicile,OP NO,21,Both
Puducherry,Jawaharlal Institute of Postgraduate Medical Education and Research,200521,"JIPMER PUDUCHERRY, Dhanvantari Nagar Gorimedu Puducherry",Internal -Puducherry UT Domicile,OP PH,1,Both
Puducherry,Jawaharlal Institute of Postgraduate Medical Education and Research,200521,"JIPMER PUDUCHERRY, Dhanvantari Nagar Gorimedu Puducherry",Internal -Puducherry UT Domicile,SC NO,7,Both
Puducherry,Jawaharlal Institute of Postgraduate Medical Education and Research,200521,"JIPMER PUDUCHERRY, Dhanvantari Nagar Gorimedu Puducherry",Internal -Puducherry UT Domicile,ST NO,3,Both
Puducherry,Jawaharlal Institute of Postgraduate Medical Education and Research,200521,"JIPMER PUDUCHERRY, Dhanvantari Nagar Gorimedu Puducherry",Open Seat Quota,BC NO,34,Both
Puducherry,Jawaharlal Institute of Postgraduate Medical Education and Research,200521,"JIPMER PUDUCHERRY, Dhanvantari Nagar Gorimedu Puducherry",Open Seat Quota,BC PH,2,Both
Puducherry,Jawaharlal Institute of Postgraduate Medical Education and Research,200521,"JIPMER PUDUCHERRY, Dhanvantari Nagar Gorimedu Puducherry",Open Seat Quota,EW NO,12,Both
Puducherry,Jawaharlal Institute of Postgraduate Medical Education and Research,200521,"JIPMER PUDUCHERRY, Dhanvantari Nagar Gorimedu Puducherry",Open Seat Quota,EW PH,1,Both
Puducherry,Jawaharlal Institute of Postgraduate Medical Education and Research,200521,"JIPMER PUDUCHERRY, Dhanvantari Nagar Gorimedu Puducherry",Open Seat Quota,OP NO,51,Both
Puducherry,Jawaharlal Institute of Postgraduate Medical Education and Research,200521,"JIPMER PUDUCHERRY, Dhanvantari Nagar Gorimedu Puducherry",Open Seat Quota,OP PH,3,Both
Puducherry,Jawaharlal Institute of Postgraduate Medical Education and Research,200521,"JIPMER PUDUCHERRY, Dhanvantari Nagar Gorimedu Puducherry",Open Seat Quota,SC NO,19,Both
Puducherry,Jawaharlal Institute of Postgraduate Medical Education and Research,200521,"JIPMER PUDUCHERRY, Dhanvantari Nagar Gorimedu Puducherry",Open Seat Quota,SC PH,1,Both
Puducherry,Jawaharlal Institute of Postgraduate Medical Education and Research,200521,"JIPMER PUDUCHERRY, Dhanvantari Nagar Gorimedu Puducherry",Open Seat Quota,ST NO,11,Both
Puducherry,Deemed University,200379,"Mahatma Gandhi Medical College & Research Institute, Pondicherry, SBV Pondicherry Campus, Pillaiyarkuppam",Non-Resident Indian,OP NO,15,Both
Puducherry,Deemed University,200379,"Mahatma Gandhi Medical College & Research Institute, Pondicherry, SBV Pondicherry Campus, Pillaiyarkuppam",Self-Financed Merit Seat,OP NO,235,Both
Puducherry,Deemed University,200380,"Sri Lakshmi Narayana Institute of Medical Sciences, Pondicherry, OSUDU, AGARAM VILLAGE, KOODAPAKKAM POST, VILLIANUR COMMUNE, PUDUCHERRY",Self-Financed Merit Seat,OP NO,250,Both
Puducherry,Deemed University,200381,"Vinayaka Missions Medical College, Karaikal, Pondicherry, KEEZHAKASAKUDIMEDU, KOTTUCHERRY(P.O), KARAIKAL - 609 609, U.T. OF PUDUCHERRY",Self-Financed Merit Seat,OP NO,200,Both
Punjab,All India Institute Of Medical Science(AIIMS),200511,"AIIMS Bathinda , Jodhpur Romana near Giani Zail Singh College Mandi Dabwali Road Bathinda",Open Seat Quota,BC NO,32,Both
Punjab,All India Institute Of Medical Science(AIIMS),200511,"AIIMS Bathinda , Jodhpur Romana near Giani Zail Singh College Mandi Dabwali Road Bathinda",Open Seat Quota,BC PH,2,Both
Punjab,All India Institute Of Medical Science(AIIMS),200511,"AIIMS Bathinda , Jodhpur Romana near Giani Zail Singh College Mandi Dabwali Road Bathinda",Open Seat Quota,EW NO,12,Both
Punjab,All India Institute Of Medical Science(AIIMS),200511,"AIIMS Bathinda , Jodhpur Romana near Giani Zail Singh College Mandi Dabwali Road Bathinda",Open Seat Quota,EW PH,1,Both
Punjab,All India Institute Of Medical Science(AIIMS),200511,"AIIMS Bathinda , Jodhpur Romana near Giani Zail Singh College Mandi Dabwali Road Bathinda",Open Seat Quota,OP NO,49,Both
Punjab,All India Institute Of Medical Science(AIIMS),200511,"AIIMS Bathinda , Jodhpur Romana near Giani Zail Singh College Mandi Dabwali Road Bathinda",Open Seat Quota,OP PH,2,Both
Punjab,All India Institute Of Medical Science(AIIMS),200511,"AIIMS Bathinda , Jodhpur Romana near Giani Zail Singh College Mandi Dabwali Road Bathinda",Open Seat Quota,SC NO,17,Both
Punjab,All India Institute Of Medical Science(AIIMS),200511,"AIIMS Bathinda , Jodhpur Romana near Giani Zail Singh College Mandi Dabwali Road Bathinda",Open Seat Quota,SC PH,1,Both
Punjab,All India Institute Of Medical Science(AIIMS),200511,"AIIMS Bathinda , Jodhpur Romana near Giani Zail Singh College Mandi Dabwali Road Bathinda",Open Seat Quota,ST NO,8,Both
Punjab,All India Institute Of Medical Science(AIIMS),200511,"AIIMS Bathinda , Jodhpur Romana near Giani Zail Singh College Mandi Dabwali Road Bathinda",Open Seat Quota,ST PH,1,Both
Punjab,All India except Central University,200572,"Dr B R Ambedkar State Institute of Medical Sciences, SAS Nagar , Mohali, Dr BR Ambedkar State Institute of Medical Sciences Sector 56 Phase- 6 S A S Nagar (Mohali) Punjab 16",All India,BC NO,4,Both
Punjab,All India except Central University,200572,"Dr B R Ambedkar State Institute of Medical Sciences, SAS Nagar , Mohali, Dr BR Ambedkar State Institute of Medical Sciences Sector 56 Phase- 6 S A S Nagar (Mohali) Punjab 16",All India,EW NO,1,Both
Punjab,All India except Central University,200572,"Dr B R Ambedkar State Institute of Medical Sciences, SAS Nagar , Mohali, Dr BR Ambedkar State Institute of Medical Sciences Sector 56 Phase- 6 S A S Nagar (Mohali) Punjab 16",All India,OP NO,8,Both
Punjab,All India except Central University,200572,"Dr B R Ambedkar State Institute of Medical Sciences, SAS Nagar , Mohali, Dr BR Ambedkar State Institute of Medical Sciences Sector 56 Phase- 6 S A S Nagar (Mohali) Punjab 16",All India,SC NO,1,Both
Punjab,All India except Central University,200572,"Dr B R Ambedkar State Institute of Medical Sciences, SAS Nagar , Mohali, Dr BR Ambedkar State Institute of Medical Sciences Sector 56 Phase- 6 S A S Nagar (Mohali) Punjab 16",All India,ST NO,1,Both
Punjab,All India except Central University,904354,"ESIC Medical College Ludhiana, ESI CO ORPORATION , BHARAT NAGAR CHOWK LUDHIANA",All India,BC NO,2,Both
Punjab,All India except Central University,904354,"ESIC Medical College Ludhiana, ESI CO ORPORATION , BHARAT NAGAR CHOWK LUDHIANA",All India,OP NO,2,Both
Punjab,All India except Central University,904354,"ESIC Medical College Ludhiana, ESI CO ORPORATION , BHARAT NAGAR CHOWK LUDHIANA",All India,SC NO,2,Both
Punjab,All India except Central University,904354,"ESIC Medical College Ludhiana, ESI CO ORPORATION , BHARAT NAGAR CHOWK LUDHIANA",All India,ST NO,1,Both
Punjab,All India except Central University,904354,"ESIC Medical College Ludhiana, ESI CO ORPORATION , BHARAT NAGAR CHOWK LUDHIANA",Employees State Insurance Scheme(ESI),BC NO,6,Both
Punjab,All India except Central University,904354,"ESIC Medical College Ludhiana, ESI CO ORPORATION , BHARAT NAGAR CHOWK LUDHIANA",Employees State Insurance Scheme(ESI),BC PH,1,Both
Punjab,All India except Central University,904354,"ESIC Medical College Ludhiana, ESI CO ORPORATION , BHARAT NAGAR CHOWK LUDHIANA",Employees State Insurance Scheme(ESI),EW NO,3,Both
Punjab,All India except Central University,904354,"ESIC Medical College Ludhiana, ESI CO ORPORATION , BHARAT NAGAR CHOWK LUDHIANA",Employees State Insurance Scheme(ESI),OP NO,10,Both
Punjab,All India except Central University,904354,"ESIC Medical College Ludhiana, ESI CO ORPORATION , BHARAT NAGAR CHOWK LUDHIANA",Employees State Insurance Scheme(ESI),SC NO,3,Both
Punjab,All India except Central University,904354,"ESIC Medical College Ludhiana, ESI CO ORPORATION , BHARAT NAGAR CHOWK LUDHIANA",Employees State Insurance Scheme(ESI),ST NO,2,Both
Punjab,All India except Central University,200246,"Government Medical College, Amritsar, CIRCULAR ROAD, AMRITSAR-143001",All India,BC NO,10,Both
Punjab,All India except Central University,200246,"Government Medical College, Amritsar, CIRCULAR ROAD, AMRITSAR-143001",All India,EW NO,4,Both
Punjab,All India except Central University,200246,"Government Medical College, Amritsar, CIRCULAR ROAD, AMRITSAR-143001",All India,OP NO,15,Both
Punjab,All India except Central University,200246,"Government Medical College, Amritsar, CIRCULAR ROAD, AMRITSAR-143001",All India,OP PH,1,Both
Punjab,All India except Central University,200246,"Government Medical College, Amritsar, CIRCULAR ROAD, AMRITSAR-143001",All India,SC NO,5,Both
Punjab,All India except Central University,200246,"Government Medical College, Amritsar, CIRCULAR ROAD, AMRITSAR-143001",All India,ST NO,3,Both
Punjab,All India except Central University,200244,"Government Medical College, Patiala, Sangrur road Government Medical College, Patiala",All India,BC NO,9,Both
Punjab,All India except Central University,200244,"Government Medical College, Patiala, Sangrur road Government Medical College, Patiala",All India,BC PH,1,Both
Punjab,All India except Central University,200244,"Government Medical College, Patiala, Sangrur road Government Medical College, Patiala",All India,EW NO,4,Both
Punjab,All India except Central University,200244,"Government Medical College, Patiala, Sangrur road Government Medical College, Patiala",All India,OP NO,13,Both
Punjab,All India except Central University,200244,"Government Medical College, Patiala, Sangrur road Government Medical College, Patiala",All India,OP PH,1,Both
Punjab,All India except Central University,200244,"Government Medical College, Patiala, Sangrur road Government Medical College, Patiala",All India,SC NO,6,Both
Punjab,All India except Central University,200244,"Government Medical College, Patiala, Sangrur road Government Medical College, Patiala",All India,ST NO,3,Both
Punjab,All India except Central University,200247,"Guru Govind Singh Medical College, Faridkot, Sadiq Road, Faridkot.",All India,BC NO,10,Both
Punjab,All India except Central University,200247,"Guru Govind Singh Medical College, Faridkot, Sadiq Road, Faridkot.",All India,EW NO,4,Both
Punjab,All India except Central University,200247,"Guru Govind Singh Medical College, Faridkot, Sadiq Road, Faridkot.",All India,OP NO,15,Both
Punjab,All India except Central University,200247,"Guru Govind Singh Medical College, Faridkot, Sadiq Road, Faridkot.",All India,OP PH,1,Both
Punjab,All India except Central University,200247,"Guru Govind Singh Medical College, Faridkot, Sadiq Road, Faridkot.",All India,SC NO,5,Both
Punjab,All India except Central University,200247,"Guru Govind Singh Medical College, Faridkot, Sadiq Road, Faridkot.",All India,ST NO,2,Both
Rajasthan,All India Institute Of Medical Science(AIIMS),200505,"AIIMS, Jodhpur, BASNI PHASE - II, JODHPUR-342005",Open Seat Quota,BC NO,38,Both
Rajasthan,All India Institute Of Medical Science(AIIMS),200505,"AIIMS, Jodhpur, BASNI PHASE - II, JODHPUR-342005",Open Seat Quota,BC PH,2,Both
Rajasthan,All India Institute Of Medical Science(AIIMS),200505,"AIIMS, Jodhpur, BASNI PHASE - II, JODHPUR-342005",Open Seat Quota,EW NO,15,Both
Rajasthan,All India Institute Of Medical Science(AIIMS),200505,"AIIMS, Jodhpur, BASNI PHASE - II, JODHPUR-342005",Open Seat Quota,OP NO,58,Both
Rajasthan,All India Institute Of Medical Science(AIIMS),200505,"AIIMS, Jodhpur, BASNI PHASE - II, JODHPUR-342005",Open Seat Quota,OP PH,3,Both
Rajasthan,All India Institute Of Medical Science(AIIMS),200505,"AIIMS, Jodhpur, BASNI PHASE - II, JODHPUR-342005",Open Seat Quota,SC NO,22,Both
Rajasthan,All India Institute Of Medical Science(AIIMS),200505,"AIIMS, Jodhpur, BASNI PHASE - II, JODHPUR-342005",Open Seat Quota,SC PH,1,Both
Rajasthan,All India Institute Of Medical Science(AIIMS),200505,"AIIMS, Jodhpur, BASNI PHASE - II, JODHPUR-342005",Open Seat Quota,ST NO,11,Both
Rajasthan,All India except Central University,200249,"Dr SN Medical College, Jodhpur, RESIDENCY ROAD SHASTRI NAGAR JODHPUR RAJASTHAN 342003",All India,BC NO,9,Both
Rajasthan,All India except Central University,200249,"Dr SN Medical College, Jodhpur, RESIDENCY ROAD SHASTRI NAGAR JODHPUR RAJASTHAN 342003",All India,BC PH,1,Both
Rajasthan,All India except Central University,200249,"Dr SN Medical College, Jodhpur, RESIDENCY ROAD SHASTRI NAGAR JODHPUR RAJASTHAN 342003",All India,EW NO,4,Both
Rajasthan,All India except Central University,200249,"Dr SN Medical College, Jodhpur, RESIDENCY ROAD SHASTRI NAGAR JODHPUR RAJASTHAN 342003",All India,OP NO,15,Both
Rajasthan,All India except Central University,200249,"Dr SN Medical College, Jodhpur, RESIDENCY ROAD SHASTRI NAGAR JODHPUR RAJASTHAN 342003",All India,SC NO,5,Both
Rajasthan,All India except Central University,200249,"Dr SN Medical College, Jodhpur, RESIDENCY ROAD SHASTRI NAGAR JODHPUR RAJASTHAN 342003",All India,SC PH,1,Both
Rajasthan,All India except Central University,200249,"Dr SN Medical College, Jodhpur, RESIDENCY ROAD SHASTRI NAGAR JODHPUR RAJASTHAN 342003",All India,ST NO,2,Both
Rajasthan,All India except Central University,200249,"Dr SN Medical College, Jodhpur, RESIDENCY ROAD SHASTRI NAGAR JODHPUR RAJASTHAN 342003",All India,ST PH,1,Both
Rajasthan,Employees State Insurance Scheme,200575,"Employees State Insurance Corporation Medical College,Alwar, ESIC Medical College and Hospital Desula MIA Alwar Rajasthan India 301030",All India,BC NO,4,Both
Rajasthan,Employees State Insurance Scheme,200575,"Employees State Insurance Corporation Medical College,Alwar, ESIC Medical College and Hospital Desula MIA Alwar Rajasthan India 301030",All India,EW NO,1,Both
Rajasthan,Employees State Insurance Scheme,200575,"Employees State Insurance Corporation Medical College,Alwar, ESIC Medical College and Hospital Desula MIA Alwar Rajasthan India 301030",All India,OP NO,6,Both
Rajasthan,Employees State Insurance Scheme,200575,"Employees State Insurance Corporation Medical College,Alwar, ESIC Medical College and Hospital Desula MIA Alwar Rajasthan India 301030",All India,OP PH,1,Both
Rajasthan,Employees State Insurance Scheme,200575,"Employees State Insurance Corporation Medical College,Alwar, ESIC Medical College and Hospital Desula MIA Alwar Rajasthan India 301030",All India,SC NO,2,Both
Rajasthan,Employees State Insurance Scheme,200575,"Employees State Insurance Corporation Medical College,Alwar, ESIC Medical College and Hospital Desula MIA Alwar Rajasthan India 301030",All India,ST NO,1,Both
Rajasthan,Employees State Insurance Scheme,200575,"Employees State Insurance Corporation Medical College,Alwar, ESIC Medical College and Hospital Desula MIA Alwar Rajasthan India 301030",Employees State Insurance Scheme(ESI),BC NO,9,Both
Rajasthan,Employees State Insurance Scheme,200575,"Employees State Insurance Corporation Medical College,Alwar, ESIC Medical College and Hospital Desula MIA Alwar Rajasthan India 301030",Employees State Insurance Scheme(ESI),EW NO,3,Both
Rajasthan,Employees State Insurance Scheme,200575,"Employees State Insurance Corporation Medical College,Alwar, ESIC Medical College and Hospital Desula MIA Alwar Rajasthan India 301030",Employees State Insurance Scheme(ESI),OP NO,13,Both
Rajasthan,Employees State Insurance Scheme,200575,"Employees State Insurance Corporation Medical College,Alwar, ESIC Medical College and Hospital Desula MIA Alwar Rajasthan India 301030",Employees State Insurance Scheme(ESI),OP PH,1,Both
Rajasthan,Employees State Insurance Scheme,200575,"Employees State Insurance Corporation Medical College,Alwar, ESIC Medical College and Hospital Desula MIA Alwar Rajasthan India 301030",Employees State Insurance Scheme(ESI),SC NO,6,Both
Rajasthan,Employees State Insurance Scheme,200575,"Employees State Insurance Corporation Medical College,Alwar, ESIC Medical College and Hospital Desula MIA Alwar Rajasthan India 301030",Employees State Insurance Scheme(ESI),ST NO,3,Both
Rajasthan,All India except Central University,904549,"ESIC MEDICAL COLLEGE AND HOSPITAL, JAIPUR, LAXMI NAGAR AJMER ROAD SODALA JAIPUR RAJASTHAN",All India,BC NO,2,Both
Rajasthan,All India except Central University,904549,"ESIC MEDICAL COLLEGE AND HOSPITAL, JAIPUR, LAXMI NAGAR AJMER ROAD SODALA JAIPUR RAJASTHAN",All India,EW NO,1,Both
Rajasthan,All India except Central University,904549,"ESIC MEDICAL COLLEGE AND HOSPITAL, JAIPUR, LAXMI NAGAR AJMER ROAD SODALA JAIPUR RAJASTHAN",All India,OP NO,2,Both
Rajasthan,All India except Central University,904549,"ESIC MEDICAL COLLEGE AND HOSPITAL, JAIPUR, LAXMI NAGAR AJMER ROAD SODALA JAIPUR RAJASTHAN",All India,SC NO,1,Both
Rajasthan,All India except Central University,904549,"ESIC MEDICAL COLLEGE AND HOSPITAL, JAIPUR, LAXMI NAGAR AJMER ROAD SODALA JAIPUR RAJASTHAN",All India,ST NO,1,Both
Rajasthan,All India except Central University,904549,"ESIC MEDICAL COLLEGE AND HOSPITAL, JAIPUR, LAXMI NAGAR AJMER ROAD SODALA JAIPUR RAJASTHAN",Employees State Insurance Scheme(ESI),BC NO,5,Both
Rajasthan,All India except Central University,904549,"ESIC MEDICAL COLLEGE AND HOSPITAL, JAIPUR, LAXMI NAGAR AJMER ROAD SODALA JAIPUR RAJASTHAN",Employees State Insurance Scheme(ESI),EW NO,2,Both
Rajasthan,All India except Central University,904549,"ESIC MEDICAL COLLEGE AND HOSPITAL, JAIPUR, LAXMI NAGAR AJMER ROAD SODALA JAIPUR RAJASTHAN",Employees State Insurance Scheme(ESI),OP NO,8,Both
Rajasthan,All India except Central University,904549,"ESIC MEDICAL COLLEGE AND HOSPITAL, JAIPUR, LAXMI NAGAR AJMER ROAD SODALA JAIPUR RAJASTHAN",Employees State Insurance Scheme(ESI),SC NO,1,Both
Rajasthan,All India except Central University,904549,"ESIC MEDICAL COLLEGE AND HOSPITAL, JAIPUR, LAXMI NAGAR AJMER ROAD SODALA JAIPUR RAJASTHAN",Employees State Insurance Scheme(ESI),SC PH,1,Both
Rajasthan,All India except Central University,904549,"ESIC MEDICAL COLLEGE AND HOSPITAL, JAIPUR, LAXMI NAGAR AJMER ROAD SODALA JAIPUR RAJASTHAN",Employees State Insurance Scheme(ESI),ST PH,1,Both
Rajasthan,All India except Central University,200670,"Government Medical College, Alwar, Government Medical College Alwar Jail Circle alwar",All India,BC NO,4,Both
Rajasthan,All India except Central University,200670,"Government Medical College, Alwar, Government Medical College Alwar Jail Circle alwar",All India,EW PH,1,Both
Rajasthan,All India except Central University,200670,"Government Medical College, Alwar, Government Medical College Alwar Jail Circle alwar",All India,OP NO,6,Both
Rajasthan,All India except Central University,200670,"Government Medical College, Alwar, Government Medical College Alwar Jail Circle alwar",All India,SC NO,3,Both
Rajasthan,All India except Central University,200670,"Government Medical College, Alwar, Government Medical College Alwar Jail Circle alwar",All India,ST NO,1,Both
Rajasthan,All India except Central University,902866,"Government Medical College, Banswara, MADARESHWAR, RATLAM ROAD BANSWARA",All India,BC NO,3,Both
Rajasthan,All India except Central University,902866,"Government Medical College, Banswara, MADARESHWAR, RATLAM ROAD BANSWARA",All India,BC PH,1,Both
Rajasthan,All India except Central University,902866,"Government Medical College, Banswara, MADARESHWAR, RATLAM ROAD BANSWARA",All India,EW NO,2,Both
Rajasthan,All India except Central University,902866,"Government Medical College, Banswara, MADARESHWAR, RATLAM ROAD BANSWARA",All India,OP NO,6,Both
Rajasthan,All India except Central University,902866,"Government Medical College, Banswara, MADARESHWAR, RATLAM ROAD BANSWARA",All India,SC NO,2,Both
Rajasthan,All India except Central University,902866,"Government Medical College, Banswara, MADARESHWAR, RATLAM ROAD BANSWARA",All India,ST NO,1,Both
Rajasthan,All India except Central University,903349,"Government Medical College, Baran, Melkhedi, Chhapar Melkhedi Road Baran",All India,BC NO,4,Both
Rajasthan,All India except Central University,903349,"Government Medical College, Baran, Melkhedi, Chhapar Melkhedi Road Baran",All India,EW NO,1,Both
Rajasthan,All India except Central University,903349,"Government Medical College, Baran, Melkhedi, Chhapar Melkhedi Road Baran",All India,OP NO,6,Both
Rajasthan,All India except Central University,903349,"Government Medical College, Baran, Melkhedi, Chhapar Melkhedi Road Baran",All India,OP PH,1,Both
Rajasthan,All India except Central University,903349,"Government Medical College, Baran, Melkhedi, Chhapar Melkhedi Road Baran",All India,SC NO,2,Both
Rajasthan,All India except Central University,903349,"Government Medical College, Baran, Melkhedi, Chhapar Melkhedi Road Baran",All India,ST NO,1,Both
Rajasthan,All India except Central University,200478,"Government Medical College, Barmer, NH-15, JAISALMER ROAD, VILLAGE-JALIPA, BARMER",All India,BC NO,6,Both
Rajasthan,All India except Central University,200478,"Government Medical College, Barmer, NH-15, JAISALMER ROAD, VILLAGE-JALIPA, BARMER",All India,EW NO,2,Both
Rajasthan,All India except Central University,200478,"Government Medical College, Barmer, NH-15, JAISALMER ROAD, VILLAGE-JALIPA, BARMER",All India,OP NO,7,Both
Rajasthan,All India except Central University,200478,"Government Medical College, Barmer, NH-15, JAISALMER ROAD, VILLAGE-JALIPA, BARMER",All India,SC NO,3,Both
Rajasthan,All India except Central University,200478,"Government Medical College, Barmer, NH-15, JAISALMER ROAD, VILLAGE-JALIPA, BARMER",All India,ST NO,2,Both
Rajasthan,All India except Central University,200432,"Government Medical College, Bharatpur, Rajasthan, Rampura, NH- 21,Sever Road,Bharatpur,Rajasthan",All India,BC NO,6,Both
Rajasthan,All India except Central University,200432,"Government Medical College, Bharatpur, Rajasthan, Rampura, NH- 21,Sever Road,Bharatpur,Rajasthan",All India,EW NO,2,Both
Rajasthan,All India except Central University,200432,"Government Medical College, Bharatpur, Rajasthan, Rampura, NH- 21,Sever Road,Bharatpur,Rajasthan",All India,OP NO,9,Both
Rajasthan,All India except Central University,200432,"Government Medical College, Bharatpur, Rajasthan, Rampura, NH- 21,Sever Road,Bharatpur,Rajasthan",All India,OP PH,1,Both
Rajasthan,All India except Central University,200432,"Government Medical College, Bharatpur, Rajasthan, Rampura, NH- 21,Sever Road,Bharatpur,Rajasthan",All India,SC NO,2,Both
Rajasthan,All India except Central University,200432,"Government Medical College, Bharatpur, Rajasthan, Rampura, NH- 21,Sever Road,Bharatpur,Rajasthan",All India,SC PH,1,Both
Rajasthan,All India except Central University,200432,"Government Medical College, Bharatpur, Rajasthan, Rampura, NH- 21,Sever Road,Bharatpur,Rajasthan",All India,ST NO,1,Both
Rajasthan,All India except Central University,200433,"Government Medical College, Bhilwara, Rajasthan, Sindari Ke Balaji Road, Sanganer, Bhilwara",All India,BC NO,5,Both
Rajasthan,All India except Central University,200433,"Government Medical College, Bhilwara, Rajasthan, Sindari Ke Balaji Road, Sanganer, Bhilwara",All India,BC PH,1,Both
Rajasthan,All India except Central University,200433,"Government Medical College, Bhilwara, Rajasthan, Sindari Ke Balaji Road, Sanganer, Bhilwara",All India,EW NO,3,Both
Rajasthan,All India except Central University,200433,"Government Medical College, Bhilwara, Rajasthan, Sindari Ke Balaji Road, Sanganer, Bhilwara",All India,OP NO,7,Both
Rajasthan,All India except Central University,200433,"Government Medical College, Bhilwara, Rajasthan, Sindari Ke Balaji Road, Sanganer, Bhilwara",All India,SC NO,4,Both
Rajasthan,All India except Central University,200433,"Government Medical College, Bhilwara, Rajasthan, Sindari Ke Balaji Road, Sanganer, Bhilwara",All India,ST NO,2,Both
Rajasthan,All India except Central University,200686,"Government Medical College, Bundi, GOVT MEDICAL COLLEGE BUNDI",All India,BC NO,4,Both
Rajasthan,All India except Central University,200686,"Government Medical College, Bundi, GOVT MEDICAL COLLEGE BUNDI",All India,EW NO,1,Both
Rajasthan,All India except Central University,200686,"Government Medical College, Bundi, GOVT MEDICAL COLLEGE BUNDI",All India,OP NO,7,Both
Rajasthan,All India except Central University,200686,"Government Medical College, Bundi, GOVT MEDICAL COLLEGE BUNDI",All India,SC NO,2,Both
Rajasthan,All India except Central University,200686,"Government Medical College, Bundi, GOVT MEDICAL COLLEGE BUNDI",All India,ST NO,1,Both
Rajasthan,All India except Central University,200607,"Government Medical College, Chittorgarh, Government Medical College Chittorgarh Bojunda - Udaipur Road Chittorgarh",All India,BC NO,4,Both
Rajasthan,All India except Central University,200607,"Government Medical College, Chittorgarh, Government Medical College Chittorgarh Bojunda - Udaipur Road Chittorgarh",All India,EW NO,2,Both
Rajasthan,All India except Central University,200607,"Government Medical College, Chittorgarh, Government Medical College Chittorgarh Bojunda - Udaipur Road Chittorgarh",All India,OP NO,5,Both
Rajasthan,All India except Central University,200607,"Government Medical College, Chittorgarh, Government Medical College Chittorgarh Bojunda - Udaipur Road Chittorgarh",All India,OP PH,1,Both
Rajasthan,All India except Central University,200607,"Government Medical College, Chittorgarh, Government Medical College Chittorgarh Bojunda - Udaipur Road Chittorgarh",All India,SC NO,2,Both
Rajasthan,All India except Central University,200607,"Government Medical College, Chittorgarh, Government Medical College Chittorgarh Bojunda - Udaipur Road Chittorgarh",All India,ST NO,1,Both
Rajasthan,All India except Central University,200430,"Government Medical College, Churu, Shekhawat Colony, Civil Lines Road,Churu",All India,BC NO,6,Both
Rajasthan,All India except Central University,200430,"Government Medical College, Churu, Shekhawat Colony, Civil Lines Road,Churu",All India,EW NO,2,Both
Rajasthan,All India except Central University,200430,"Government Medical College, Churu, Shekhawat Colony, Civil Lines Road,Churu",All India,OP NO,9,Both
Rajasthan,All India except Central University,200430,"Government Medical College, Churu, Shekhawat Colony, Civil Lines Road,Churu",All India,SC NO,4,Both
Rajasthan,All India except Central University,200430,"Government Medical College, Churu, Shekhawat Colony, Civil Lines Road,Churu",All India,ST NO,2,Both
Rajasthan,All India except Central University,200663,"Government Medical College, Dausa, GMC DAUSA MITRAPURA BHANDAREJ MOD DAUSA",All India,BC NO,3,Both
Rajasthan,All India except Central University,200663,"Government Medical College, Dausa, GMC DAUSA MITRAPURA BHANDAREJ MOD DAUSA",All India,BC PH,1,Both
Rajasthan,All India except Central University,200663,"Government Medical College, Dausa, GMC DAUSA MITRAPURA BHANDAREJ MOD DAUSA",All India,EW NO,1,Both
Rajasthan,All India except Central University,200663,"Government Medical College, Dausa, GMC DAUSA MITRAPURA BHANDAREJ MOD DAUSA",All India,OP NO,7,Both
Rajasthan,All India except Central University,200663,"Government Medical College, Dausa, GMC DAUSA MITRAPURA BHANDAREJ MOD DAUSA",All India,SC NO,2,Both
Rajasthan,All India except Central University,200663,"Government Medical College, Dausa, GMC DAUSA MITRAPURA BHANDAREJ MOD DAUSA",All India,ST NO,1,Both
Rajasthan,All India except Central University,200603,"Government Medical College, Dholpur, 411, OLD BARI ROAD, DHOLPUR",All India,BC NO,4,Both
Rajasthan,All India except Central University,200603,"Government Medical College, Dholpur, 411, OLD BARI ROAD, DHOLPUR",All India,EW NO,2,Both
Rajasthan,All India except Central University,200603,"Government Medical College, Dholpur, 411, OLD BARI ROAD, DHOLPUR",All India,OP NO,5,Both
Rajasthan,All India except Central University,200603,"Government Medical College, Dholpur, 411, OLD BARI ROAD, DHOLPUR",All India,OP PH,1,Both
Rajasthan,All India except Central University,200603,"Government Medical College, Dholpur, 411, OLD BARI ROAD, DHOLPUR",All India,SC NO,2,Both
Rajasthan,All India except Central University,200603,"Government Medical College, Dholpur, 411, OLD BARI ROAD, DHOLPUR",All India,ST NO,1,Both
Rajasthan,All India except Central University,200429,"Government Medical College, Dungarpur, VILLAGE- THANA DUNGARPUR",All India,BC NO,6,Both
Rajasthan,All India except Central University,200429,"Government Medical College, Dungarpur, VILLAGE- THANA DUNGARPUR",All India,EW NO,1,Both
Rajasthan,All India except Central University,200429,"Government Medical College, Dungarpur, VILLAGE- THANA DUNGARPUR",All India,EW PH,1,Both
Rajasthan,All India except Central University,200429,"Government Medical College, Dungarpur, VILLAGE- THANA DUNGARPUR",All India,OP NO,9,Both
Rajasthan,All India except Central University,200429,"Government Medical College, Dungarpur, VILLAGE- THANA DUNGARPUR",All India,SC NO,2,Both
Rajasthan,All India except Central University,200429,"Government Medical College, Dungarpur, VILLAGE- THANA DUNGARPUR",All India,SC PH,1,Both
Rajasthan,All India except Central University,200429,"Government Medical College, Dungarpur, VILLAGE- THANA DUNGARPUR",All India,ST NO,1,Both
Rajasthan,All India except Central University,200429,"Government Medical College, Dungarpur, VILLAGE- THANA DUNGARPUR",All India,ST PH,1,Both
Rajasthan,All India except Central University,200665,"Government Medical College, Hanumangarh, Ganganagar-sangria Bypass Road Hanumangarh Junction",All India,BC NO,4,Both
Rajasthan,All India except Central University,200665,"Government Medical College, Hanumangarh, Ganganagar-sangria Bypass Road Hanumangarh Junction",All India,EW NO,2,Both
Rajasthan,All India except Central University,200665,"Government Medical College, Hanumangarh, Ganganagar-sangria Bypass Road Hanumangarh Junction",All India,OP NO,5,Both
Rajasthan,All India except Central University,200665,"Government Medical College, Hanumangarh, Ganganagar-sangria Bypass Road Hanumangarh Junction",All India,SC NO,3,Both
Rajasthan,All India except Central University,200665,"Government Medical College, Hanumangarh, Ganganagar-sangria Bypass Road Hanumangarh Junction",All India,ST NO,1,Both
Rajasthan,All India except Central University,904360,"Government Medical College, Jaisalmer, Government Medical College, NH68, Ramgarh Road, Badabagh, Jaisalmer",All India,BC NO,2,Both
Rajasthan,All India except Central University,904360,"Government Medical College, Jaisalmer, Government Medical College, NH68, Ramgarh Road, Badabagh, Jaisalmer",All India,OP NO,2,Both
Rajasthan,All India except Central University,904360,"Government Medical College, Jaisalmer, Government Medical College, NH68, Ramgarh Road, Badabagh, Jaisalmer",All India,OP PH,1,Both
Rajasthan,All India except Central University,904360,"Government Medical College, Jaisalmer, Government Medical College, NH68, Ramgarh Road, Badabagh, Jaisalmer",All India,SC NO,1,Both
Rajasthan,All India except Central University,904360,"Government Medical College, Jaisalmer, Government Medical College, NH68, Ramgarh Road, Badabagh, Jaisalmer",All India,ST NO,1,Both
Rajasthan,All India except Central University,902820,"Government Medical College, Jhunjhunu, jjnmedicalcollege@gmail.com",All India,BC NO,3,Both
Rajasthan,All India except Central University,902820,"Government Medical College, Jhunjhunu, jjnmedicalcollege@gmail.com",All India,BC PH,1,Both
Rajasthan,All India except Central University,902820,"Government Medical College, Jhunjhunu, jjnmedicalcollege@gmail.com",All India,EW NO,2,Both
Rajasthan,All India except Central University,902820,"Government Medical College, Jhunjhunu, jjnmedicalcollege@gmail.com",All India,OP NO,6,Both
Rajasthan,All India except Central University,902820,"Government Medical College, Jhunjhunu, jjnmedicalcollege@gmail.com",All India,SC NO,2,Both
Rajasthan,All India except Central University,902820,"Government Medical College, Jhunjhunu, jjnmedicalcollege@gmail.com",All India,ST NO,1,Both
Rajasthan,All India except Central University,200666,"Government Medical College, Karauli, mandrayal road karauli",All India,BC NO,4,Both
Rajasthan,All India except Central University,200666,"Government Medical College, Karauli, mandrayal road karauli",All India,EW NO,1,Both
Rajasthan,All India except Central University,200666,"Government Medical College, Karauli, mandrayal road karauli",All India,OP NO,7,Both
Rajasthan,All India except Central University,200666,"Government Medical College, Karauli, mandrayal road karauli",All India,SC NO,2,Both
Rajasthan,All India except Central University,200666,"Government Medical College, Karauli, mandrayal road karauli",All India,ST NO,1,Both
Rajasthan,All India except Central University,200250,"Government Medical College, Kota, Rangbari Road Kota",All India,BC NO,10,Both
Rajasthan,All India except Central University,200250,"Government Medical College, Kota, Rangbari Road Kota",All India,EW NO,4,Both
Rajasthan,All India except Central University,200250,"Government Medical College, Kota, Rangbari Road Kota",All India,OP NO,13,Both
Rajasthan,All India except Central University,200250,"Government Medical College, Kota, Rangbari Road Kota",All India,OP PH,1,Both
Rajasthan,All India except Central University,200250,"Government Medical College, Kota, Rangbari Road Kota",All India,SC NO,6,Both
Rajasthan,All India except Central University,200250,"Government Medical College, Kota, Rangbari Road Kota",All India,ST NO,3,Both
Rajasthan,All India except Central University,902864,"Government Medical College, Nagaur, gmcnagaur@gmail.com",All India,BC NO,3,Both
Rajasthan,All India except Central University,902864,"Government Medical College, Nagaur, gmcnagaur@gmail.com",All India,BC PH,1,Both
Rajasthan,All India except Central University,902864,"Government Medical College, Nagaur, gmcnagaur@gmail.com",All India,EW NO,2,Both
Rajasthan,All India except Central University,902864,"Government Medical College, Nagaur, gmcnagaur@gmail.com",All India,OP NO,6,Both
Rajasthan,All India except Central University,902864,"Government Medical College, Nagaur, gmcnagaur@gmail.com",All India,SC NO,2,Both
Rajasthan,All India except Central University,902864,"Government Medical College, Nagaur, gmcnagaur@gmail.com",All India,ST NO,1,Both
Rajasthan,All India except Central University,200435,"Government Medical College, Pali, Rajasthan, NH- 62,SumerpurRoad,Ramasia.Hemawas,Pali",All India,BC NO,6,Both
Rajasthan,All India except Central University,200435,"Government Medical College, Pali, Rajasthan, NH- 62,SumerpurRoad,Ramasia.Hemawas,Pali",All India,EW NO,2,Both
Rajasthan,All India except Central University,200435,"Government Medical College, Pali, Rajasthan, NH- 62,SumerpurRoad,Ramasia.Hemawas,Pali",All India,OP NO,9,Both
Rajasthan,All India except Central University,200435,"Government Medical College, Pali, Rajasthan, NH- 62,SumerpurRoad,Ramasia.Hemawas,Pali",All India,OP PH,1,Both
Rajasthan,All India except Central University,200435,"Government Medical College, Pali, Rajasthan, NH- 62,SumerpurRoad,Ramasia.Hemawas,Pali",All India,SC NO,3,Both
Rajasthan,All India except Central University,200435,"Government Medical College, Pali, Rajasthan, NH- 62,SumerpurRoad,Ramasia.Hemawas,Pali",All India,ST NO,1,Both
Rajasthan,All India except Central University,902865,"Government Medical College, Sawai Madhopur, Government Medical College, Sawai Madhopur Village Thingla, Sawai Madhopur, Rajasthan",All India,BC NO,4,Both
Rajasthan,All India except Central University,902865,"Government Medical College, Sawai Madhopur, Government Medical College, Sawai Madhopur Village Thingla, Sawai Madhopur, Rajasthan",All India,EW NO,1,Both
Rajasthan,All India except Central University,902865,"Government Medical College, Sawai Madhopur, Government Medical College, Sawai Madhopur Village Thingla, Sawai Madhopur, Rajasthan",All India,OP NO,6,Both
Rajasthan,All India except Central University,902865,"Government Medical College, Sawai Madhopur, Government Medical College, Sawai Madhopur Village Thingla, Sawai Madhopur, Rajasthan",All India,SC NO,2,Both
Rajasthan,All India except Central University,902865,"Government Medical College, Sawai Madhopur, Government Medical College, Sawai Madhopur Village Thingla, Sawai Madhopur, Rajasthan",All India,SC PH,1,Both
Rajasthan,All India except Central University,902865,"Government Medical College, Sawai Madhopur, Government Medical College, Sawai Madhopur Village Thingla, Sawai Madhopur, Rajasthan",All India,ST NO,1,Both
Rajasthan,All India except Central University,200614,"Government Medical College, Sirohi, SIROHI SHIVGANJ HIGHWAY,NEAR AMBESHWAR ,VILLAGE- KOLAR, TEHSIL- SIVGANJ,DIST- SIROHI",All India,BC NO,4,Both
Rajasthan,All India except Central University,200614,"Government Medical College, Sirohi, SIROHI SHIVGANJ HIGHWAY,NEAR AMBESHWAR ,VILLAGE- KOLAR, TEHSIL- SIVGANJ,DIST- SIROHI",All India,EW NO,1,Both
Rajasthan,All India except Central University,200614,"Government Medical College, Sirohi, SIROHI SHIVGANJ HIGHWAY,NEAR AMBESHWAR ,VILLAGE- KOLAR, TEHSIL- SIVGANJ,DIST- SIROHI",All India,OP NO,6,Both
Rajasthan,All India except Central University,200614,"Government Medical College, Sirohi, SIROHI SHIVGANJ HIGHWAY,NEAR AMBESHWAR ,VILLAGE- KOLAR, TEHSIL- SIVGANJ,DIST- SIROHI",All India,SC NO,2,Both
Rajasthan,All India except Central University,200614,"Government Medical College, Sirohi, SIROHI SHIVGANJ HIGHWAY,NEAR AMBESHWAR ,VILLAGE- KOLAR, TEHSIL- SIVGANJ,DIST- SIROHI",All India,ST NO,2,Both
Rajasthan,All India except Central University,200611,"Government Medical College, Sri Ganganagar, Government Medical college sriganganagar rajasthan",All India,BC NO,4,Both
Rajasthan,All India except Central University,200611,"Government Medical College, Sri Ganganagar, Government Medical college sriganganagar rajasthan",All India,EW NO,2,Both
Rajasthan,All India except Central University,200611,"Government Medical College, Sri Ganganagar, Government Medical college sriganganagar rajasthan",All India,OP NO,5,Both
Rajasthan,All India except Central University,200611,"Government Medical College, Sri Ganganagar, Government Medical college sriganganagar rajasthan",All India,OP PH,1,Both
Rajasthan,All India except Central University,200611,"Government Medical College, Sri Ganganagar, Government Medical college sriganganagar rajasthan",All India,SC NO,2,Both
Rajasthan,All India except Central University,200611,"Government Medical College, Sri Ganganagar, Government Medical college sriganganagar rajasthan",All India,ST NO,1,Both
Rajasthan,All India except Central University,904355,"Government medical college, tonk, Government Medical College,Yusufpura at Charai, Rajasthan 304001",All India,BC NO,1,Both
Rajasthan,All India except Central University,904355,"Government medical college, tonk, Government Medical College,Yusufpura at Charai, Rajasthan 304001",All India,BC PH,1,Both
Rajasthan,All India except Central University,904355,"Government medical college, tonk, Government Medical College,Yusufpura at Charai, Rajasthan 304001",All India,EW NO,1,Both
Rajasthan,All India except Central University,904355,"Government medical college, tonk, Government Medical College,Yusufpura at Charai, Rajasthan 304001",All India,OP NO,3,Both
Rajasthan,All India except Central University,904355,"Government medical college, tonk, Government Medical College,Yusufpura at Charai, Rajasthan 304001",All India,SC NO,1,Both
Rajasthan,All India except Central University,200251,"Jawaharlal Nehru Medical College, Ajmer, NEAR PATEL STADIUM AJMER",All India,BC NO,10,Both
Rajasthan,All India except Central University,200251,"Jawaharlal Nehru Medical College, Ajmer, NEAR PATEL STADIUM AJMER",All India,EW NO,3,Both
Rajasthan,All India except Central University,200251,"Jawaharlal Nehru Medical College, Ajmer, NEAR PATEL STADIUM AJMER",All India,EW PH,1,Both
Rajasthan,All India except Central University,200251,"Jawaharlal Nehru Medical College, Ajmer, NEAR PATEL STADIUM AJMER",All India,OP NO,15,Both
Rajasthan,All India except Central University,200251,"Jawaharlal Nehru Medical College, Ajmer, NEAR PATEL STADIUM AJMER",All India,SC NO,6,Both
Rajasthan,All India except Central University,200251,"Jawaharlal Nehru Medical College, Ajmer, NEAR PATEL STADIUM AJMER",All India,ST NO,3,Both
Rajasthan,All India except Central University,200252,"Jhalawar Medical College, Jhalawar, NH-52, KOTA ROAD,JHALAWAR,RAJASTHAN",All India,BC NO,9,Both
Rajasthan,All India except Central University,200252,"Jhalawar Medical College, Jhalawar, NH-52, KOTA ROAD,JHALAWAR,RAJASTHAN",All India,EW NO,3,Both
Rajasthan,All India except Central University,200252,"Jhalawar Medical College, Jhalawar, NH-52, KOTA ROAD,JHALAWAR,RAJASTHAN",All India,OP NO,11,Both
Rajasthan,All India except Central University,200252,"Jhalawar Medical College, Jhalawar, NH-52, KOTA ROAD,JHALAWAR,RAJASTHAN",All India,OP PH,1,Both
Rajasthan,All India except Central University,200252,"Jhalawar Medical College, Jhalawar, NH-52, KOTA ROAD,JHALAWAR,RAJASTHAN",All India,SC NO,4,Both
Rajasthan,All India except Central University,200252,"Jhalawar Medical College, Jhalawar, NH-52, KOTA ROAD,JHALAWAR,RAJASTHAN",All India,ST NO,2,Both
Rajasthan,All India except Central University,200253,"R N T Medical College, Udaipur, Opposite Court Chourha, Udaipur",All India,BC NO,9,Both
Rajasthan,All India except Central University,200253,"R N T Medical College, Udaipur, Opposite Court Chourha, Udaipur",All India,BC PH,1,Both
Rajasthan,All India except Central University,200253,"R N T Medical College, Udaipur, Opposite Court Chourha, Udaipur",All India,EW NO,3,Both
Rajasthan,All India except Central University,200253,"R N T Medical College, Udaipur, Opposite Court Chourha, Udaipur",All India,OP NO,14,Both
Rajasthan,All India except Central University,200253,"R N T Medical College, Udaipur, Opposite Court Chourha, Udaipur",All India,OP PH,1,Both
Rajasthan,All India except Central University,200253,"R N T Medical College, Udaipur, Opposite Court Chourha, Udaipur",All India,SC NO,5,Both
Rajasthan,All India except Central University,200253,"R N T Medical College, Udaipur, Opposite Court Chourha, Udaipur",All India,SC PH,1,Both
Rajasthan,All India except Central University,200253,"R N T Medical College, Udaipur, Opposite Court Chourha, Udaipur",All India,ST NO,2,Both
Rajasthan,All India except Central University,200253,"R N T Medical College, Udaipur, Opposite Court Chourha, Udaipur",All India,ST PH,1,Both
Rajasthan,All India except Central University,200255,"RUHS College of Medical Sciences, Jaipur, RUHS COLLEGE OF MEDICAL SCIENCES, SECTOR -11, PRATAP NAGAR, SANGANER, JAIPUR 302033",All India,BC NO,6,Both
Rajasthan,All India except Central University,200255,"RUHS College of Medical Sciences, Jaipur, RUHS COLLEGE OF MEDICAL SCIENCES, SECTOR -11, PRATAP NAGAR, SANGANER, JAIPUR 302033",All India,EW NO,3,Both
Rajasthan,All India except Central University,200255,"RUHS College of Medical Sciences, Jaipur, RUHS COLLEGE OF MEDICAL SCIENCES, SECTOR -11, PRATAP NAGAR, SANGANER, JAIPUR 302033",All India,OP NO,9,Both
Rajasthan,All India except Central University,200255,"RUHS College of Medical Sciences, Jaipur, RUHS COLLEGE OF MEDICAL SCIENCES, SECTOR -11, PRATAP NAGAR, SANGANER, JAIPUR 302033",All India,SC NO,3,Both
Rajasthan,All India except Central University,200255,"RUHS College of Medical Sciences, Jaipur, RUHS COLLEGE OF MEDICAL SCIENCES, SECTOR -11, PRATAP NAGAR, SANGANER, JAIPUR 302033",All India,ST NO,2,Both
Rajasthan,All India except Central University,200257,"Sardar Patel Medical College, Bikaner, MEDICAL COLLEGE ROAD, BIKANER",All India,BC NO,9,Both
Rajasthan,All India except Central University,200257,"Sardar Patel Medical College, Bikaner, MEDICAL COLLEGE ROAD, BIKANER",All India,BC PH,1,Both
Rajasthan,All India except Central University,200257,"Sardar Patel Medical College, Bikaner, MEDICAL COLLEGE ROAD, BIKANER",All India,EW NO,4,Both
Rajasthan,All India except Central University,200257,"Sardar Patel Medical College, Bikaner, MEDICAL COLLEGE ROAD, BIKANER",All India,OP NO,14,Both
Rajasthan,All India except Central University,200257,"Sardar Patel Medical College, Bikaner, MEDICAL COLLEGE ROAD, BIKANER",All India,OP PH,1,Both
Rajasthan,All India except Central University,200257,"Sardar Patel Medical College, Bikaner, MEDICAL COLLEGE ROAD, BIKANER",All India,SC NO,6,Both
Rajasthan,All India except Central University,200257,"Sardar Patel Medical College, Bikaner, MEDICAL COLLEGE ROAD, BIKANER",All India,ST NO,3,Both
Rajasthan,All India except Central University,200533,"Shri Kalyan Govt. Medical College, Sikar, Rajasthan, Shri Kalyan Govt. Medical College, Bajaj Gram, Sanwali, NH 8 A, Sikar 332001",All India,BC NO,4,Both
Rajasthan,All India except Central University,200533,"Shri Kalyan Govt. Medical College, Sikar, Rajasthan, Shri Kalyan Govt. Medical College, Bajaj Gram, Sanwali, NH 8 A, Sikar 332001",All India,EW NO,1,Both
Rajasthan,All India except Central University,200533,"Shri Kalyan Govt. Medical College, Sikar, Rajasthan, Shri Kalyan Govt. Medical College, Bajaj Gram, Sanwali, NH 8 A, Sikar 332001",All India,OP NO,7,Both
Rajasthan,All India except Central University,200533,"Shri Kalyan Govt. Medical College, Sikar, Rajasthan, Shri Kalyan Govt. Medical College, Bajaj Gram, Sanwali, NH 8 A, Sikar 332001",All India,SC NO,2,Both
Rajasthan,All India except Central University,200533,"Shri Kalyan Govt. Medical College, Sikar, Rajasthan, Shri Kalyan Govt. Medical College, Bajaj Gram, Sanwali, NH 8 A, Sikar 332001",All India,ST NO,1,Both
Rajasthan,All India except Central University,200256,"SMS Medical College, Jaipur, JLN Marg, Jaipur",All India,BC NO,10,Both
Rajasthan,All India except Central University,200256,"SMS Medical College, Jaipur, JLN Marg, Jaipur",All India,EW NO,3,Both
Rajasthan,All India except Central University,200256,"SMS Medical College, Jaipur, JLN Marg, Jaipur",All India,EW PH,1,Both
Rajasthan,All India except Central University,200256,"SMS Medical College, Jaipur, JLN Marg, Jaipur",All India,OP NO,13,Both
Rajasthan,All India except Central University,200256,"SMS Medical College, Jaipur, JLN Marg, Jaipur",All India,OP PH,1,Both
Rajasthan,All India except Central University,200256,"SMS Medical College, Jaipur, JLN Marg, Jaipur",All India,SC NO,5,Both
Rajasthan,All India except Central University,200256,"SMS Medical College, Jaipur, JLN Marg, Jaipur",All India,SC PH,1,Both
Rajasthan,All India except Central University,200256,"SMS Medical College, Jaipur, JLN Marg, Jaipur",All India,ST NO,3,Both
Sikkim,All India except Central University,904744,"Sikkim Government Medical College, Sochakgang, Sichey, Gangtok",All India,BC NO,3,Both
Sikkim,All India except Central University,904744,"Sikkim Government Medical College, Sochakgang, Sichey, Gangtok",All India,BC PH,1,Both
Sikkim,All India except Central University,904744,"Sikkim Government Medical College, Sochakgang, Sichey, Gangtok",All India,EW NO,1,Both
Sikkim,All India except Central University,904744,"Sikkim Government Medical College, Sochakgang, Sichey, Gangtok",All India,OP NO,7,Both
Sikkim,All India except Central University,904744,"Sikkim Government Medical College, Sochakgang, Sichey, Gangtok",All India,SC NO,2,Both
Sikkim,All India except Central University,904744,"Sikkim Government Medical College, Sochakgang, Sichey, Gangtok",All India,ST NO,1,Both
Tamil Nadu,Deemed University,200383,"ACS Medical College and Hospital, Chennai, Periyar EVR High Raod, Velappanchavadi, Chennai-77",Non-Resident Indian,OP NO,38,Both
Tamil Nadu,Deemed University,200383,"ACS Medical College and Hospital, Chennai, Periyar EVR High Raod, Velappanchavadi, Chennai-77",Self-Financed Merit Seat,OP NO,212,Both
Tamil Nadu,All India Institute Of Medical Science(AIIMS),200580,"AIIMS, Madurai, AIIMS MADURAI",Open Seat Quota,BC NO,14,Both
Tamil Nadu,All India Institute Of Medical Science(AIIMS),200580,"AIIMS, Madurai, AIIMS MADURAI",Open Seat Quota,EW NO,4,Both
Tamil Nadu,All India Institute Of Medical Science(AIIMS),200580,"AIIMS, Madurai, AIIMS MADURAI",Open Seat Quota,EW PH,1,Both
Tamil Nadu,All India Institute Of Medical Science(AIIMS),200580,"AIIMS, Madurai, AIIMS MADURAI",Open Seat Quota,OP NO,19,Both
Tamil Nadu,All India Institute Of Medical Science(AIIMS),200580,"AIIMS, Madurai, AIIMS MADURAI",Open Seat Quota,OP PH,1,Both
Tamil Nadu,All India Institute Of Medical Science(AIIMS),200580,"AIIMS, Madurai, AIIMS MADURAI",Open Seat Quota,SC NO,7,Both
Tamil Nadu,All India Institute Of Medical Science(AIIMS),200580,"AIIMS, Madurai, AIIMS MADURAI",Open Seat Quota,ST NO,4,Both
Tamil Nadu,Deemed University,200532,"Bhaarat Medical College & Hospital, 173, AGARAM MAIN ROAD , SELAIYUR, TAMBARAM CHENNAI - 600073",Non-Resident Indian,OP NO,5,Both
Tamil Nadu,Deemed University,200532,"Bhaarat Medical College & Hospital, 173, AGARAM MAIN ROAD , SELAIYUR, TAMBARAM CHENNAI - 600073",Self-Financed Merit Seat,OP NO,245,Both
Tamil Nadu,All India except Central University,200258,"Chengalpattu Medical College, Chengalpattu, GST ROAD, CHENGALPATTU-603 001 CHENGALPATTU DISTRICT",All India,BC NO,4,Both
Tamil Nadu,All India except Central University,200258,"Chengalpattu Medical College, Chengalpattu, GST ROAD, CHENGALPATTU-603 001 CHENGALPATTU DISTRICT",All India,EW NO,2,Both
Tamil Nadu,All India except Central University,200258,"Chengalpattu Medical College, Chengalpattu, GST ROAD, CHENGALPATTU-603 001 CHENGALPATTU DISTRICT",All India,OP NO,5,Both
Tamil Nadu,All India except Central University,200258,"Chengalpattu Medical College, Chengalpattu, GST ROAD, CHENGALPATTU-603 001 CHENGALPATTU DISTRICT",All India,OP PH,1,Both
Tamil Nadu,All India except Central University,200258,"Chengalpattu Medical College, Chengalpattu, GST ROAD, CHENGALPATTU-603 001 CHENGALPATTU DISTRICT",All India,SC NO,2,Both
Tamil Nadu,All India except Central University,200258,"Chengalpattu Medical College, Chengalpattu, GST ROAD, CHENGALPATTU-603 001 CHENGALPATTU DISTRICT",All India,ST NO,1,Both
Tamil Nadu,Deemed University,200384,"Chettinad Hospital & Research Institute, Kanchipuram, Rajiv Gandhi Salai, Kelambakkam, Chengalpattu District",Self-Financed Merit Seat,OP NO,250,Both
Tamil Nadu,All India except Central University,200259,"Coimbatore Medical College, Coimbatore, CIVIL AERODROME POST, AVINASHI ROAD, PEELAMEDU, COIMBATORE",All India,BC NO,8,Both
Tamil Nadu,All India except Central University,200259,"Coimbatore Medical College, Coimbatore, CIVIL AERODROME POST, AVINASHI ROAD, PEELAMEDU, COIMBATORE",All India,EW NO,3,Both
Tamil Nadu,All India except Central University,200259,"Coimbatore Medical College, Coimbatore, CIVIL AERODROME POST, AVINASHI ROAD, PEELAMEDU, COIMBATORE",All India,OP NO,12,Both
Tamil Nadu,All India except Central University,200259,"Coimbatore Medical College, Coimbatore, CIVIL AERODROME POST, AVINASHI ROAD, PEELAMEDU, COIMBATORE",All India,SC NO,5,Both
Tamil Nadu,All India except Central University,200259,"Coimbatore Medical College, Coimbatore, CIVIL AERODROME POST, AVINASHI ROAD, PEELAMEDU, COIMBATORE",All India,ST NO,2,Both
Tamil Nadu,Deemed University,904745,"Dhanalakshmi Srinivasan Institute of Medical Sciences and Hospital - Thuraiyur Road, Perambalur, 274C, THURAIYUR ROAD, PERAMBALUR ,PERAMBALUR DISTRICT",Non-Resident Indian,OP NO,25,Both
Tamil Nadu,Deemed University,904745,"Dhanalakshmi Srinivasan Institute of Medical Sciences and Hospital - Thuraiyur Road, Perambalur, 274C, THURAIYUR ROAD, PERAMBALUR ,PERAMBALUR DISTRICT",Self-Financed Merit Seat,OP NO,175,Both
Tamil Nadu,Employees State Insurance Scheme,200415,"ESIC Medical College & PGIMSR, K.K Nagar, Chennai, ASHOK PILLAR ROAD, KK NAGAR, CHENNAI",All India,BC NO,5,Both
Tamil Nadu,Employees State Insurance Scheme,200415,"ESIC Medical College & PGIMSR, K.K Nagar, Chennai, ASHOK PILLAR ROAD, KK NAGAR, CHENNAI",All India,BC PH,1,Both
Tamil Nadu,Employees State Insurance Scheme,200415,"ESIC Medical College & PGIMSR, K.K Nagar, Chennai, ASHOK PILLAR ROAD, KK NAGAR, CHENNAI",All India,EW NO,2,Both
Tamil Nadu,Employees State Insurance Scheme,200415,"ESIC Medical College & PGIMSR, K.K Nagar, Chennai, ASHOK PILLAR ROAD, KK NAGAR, CHENNAI",All India,OP NO,8,Both
Tamil Nadu,Employees State Insurance Scheme,200415,"ESIC Medical College & PGIMSR, K.K Nagar, Chennai, ASHOK PILLAR ROAD, KK NAGAR, CHENNAI",All India,OP PH,1,Both
Tamil Nadu,Employees State Insurance Scheme,200415,"ESIC Medical College & PGIMSR, K.K Nagar, Chennai, ASHOK PILLAR ROAD, KK NAGAR, CHENNAI",All India,SC NO,3,Both
Tamil Nadu,Employees State Insurance Scheme,200415,"ESIC Medical College & PGIMSR, K.K Nagar, Chennai, ASHOK PILLAR ROAD, KK NAGAR, CHENNAI",All India,ST NO,2,Both
Tamil Nadu,Employees State Insurance Scheme,200415,"ESIC Medical College & PGIMSR, K.K Nagar, Chennai, ASHOK PILLAR ROAD, KK NAGAR, CHENNAI",Employees State Insurance Scheme(ESI),BC NO,7,Both
Tamil Nadu,Employees State Insurance Scheme,200415,"ESIC Medical College & PGIMSR, K.K Nagar, Chennai, ASHOK PILLAR ROAD, KK NAGAR, CHENNAI",Employees State Insurance Scheme(ESI),BC PH,1,Both
Tamil Nadu,Employees State Insurance Scheme,200415,"ESIC Medical College & PGIMSR, K.K Nagar, Chennai, ASHOK PILLAR ROAD, KK NAGAR, CHENNAI",Employees State Insurance Scheme(ESI),EW NO,3,Both
Tamil Nadu,Employees State Insurance Scheme,200415,"ESIC Medical College & PGIMSR, K.K Nagar, Chennai, ASHOK PILLAR ROAD, KK NAGAR, CHENNAI",Employees State Insurance Scheme(ESI),OP NO,10,Both
Tamil Nadu,Employees State Insurance Scheme,200415,"ESIC Medical College & PGIMSR, K.K Nagar, Chennai, ASHOK PILLAR ROAD, KK NAGAR, CHENNAI",Employees State Insurance Scheme(ESI),OP PH,1,Both
Tamil Nadu,Employees State Insurance Scheme,200415,"ESIC Medical College & PGIMSR, K.K Nagar, Chennai, ASHOK PILLAR ROAD, KK NAGAR, CHENNAI",Employees State Insurance Scheme(ESI),SC NO,5,Both
Tamil Nadu,Employees State Insurance Scheme,200415,"ESIC Medical College & PGIMSR, K.K Nagar, Chennai, ASHOK PILLAR ROAD, KK NAGAR, CHENNAI",Employees State Insurance Scheme(ESI),ST NO,3,Both
Tamil Nadu,Deemed University,200540,"Faculty of Medicine , Sri Lalithambigai Medical College and Hospital, Faculty of Medicine - Sri Lalithambigai Medical College and Hospital, 1, Periyar EVR High Road, Ada",Non-Resident Indian,OP NO,38,Both
Tamil Nadu,Deemed University,200540,"Faculty of Medicine , Sri Lalithambigai Medical College and Hospital, Faculty of Medicine - Sri Lalithambigai Medical College and Hospital, 1, Periyar EVR High Road, Ada",Self-Financed Merit Seat,OP NO,212,Both
Tamil Nadu,All India except Central University,200262,"Government Dharmapuri Medical College, Dharmapuri, NETHAJI BYPASS ROAD DHARMAPURI",All India,BC NO,4,Both
Tamil Nadu,All India except Central University,200262,"Government Dharmapuri Medical College, Dharmapuri, NETHAJI BYPASS ROAD DHARMAPURI",All India,EW NO,2,Both
Tamil Nadu,All India except Central University,200262,"Government Dharmapuri Medical College, Dharmapuri, NETHAJI BYPASS ROAD DHARMAPURI",All India,OP NO,5,Both
Tamil Nadu,All India except Central University,200262,"Government Dharmapuri Medical College, Dharmapuri, NETHAJI BYPASS ROAD DHARMAPURI",All India,SC NO,3,Both
Tamil Nadu,All India except Central University,200262,"Government Dharmapuri Medical College, Dharmapuri, NETHAJI BYPASS ROAD DHARMAPURI",All India,ST NO,1,Both
Tamil Nadu,All India except Central University,200272,"Government Erode Medical College & Hospital, Perundurai (Formerly IRT Perundurai Medical College), GOVERNMENT ERODE MEDICAL COLLEGE PERUNDURAI, PERUNDURAI SANATORIUM POST ERODE DISTRICT",All India,BC NO,4,Both
Tamil Nadu,All India except Central University,200272,"Government Erode Medical College & Hospital, Perundurai (Formerly IRT Perundurai Medical College), GOVERNMENT ERODE MEDICAL COLLEGE PERUNDURAI, PERUNDURAI SANATORIUM POST ERODE DISTRICT",All India,EW NO,1,Both
Tamil Nadu,All India except Central University,200272,"Government Erode Medical College & Hospital, Perundurai (Formerly IRT Perundurai Medical College), GOVERNMENT ERODE MEDICAL COLLEGE PERUNDURAI, PERUNDURAI SANATORIUM POST ERODE DISTRICT",All India,OP NO,7,Both
Tamil Nadu,All India except Central University,200272,"Government Erode Medical College & Hospital, Perundurai (Formerly IRT Perundurai Medical College), GOVERNMENT ERODE MEDICAL COLLEGE PERUNDURAI, PERUNDURAI SANATORIUM POST ERODE DISTRICT",All India,SC NO,2,Both
Tamil Nadu,All India except Central University,200272,"Government Erode Medical College & Hospital, Perundurai (Formerly IRT Perundurai Medical College), GOVERNMENT ERODE MEDICAL COLLEGE PERUNDURAI, PERUNDURAI SANATORIUM POST ERODE DISTRICT",All India,ST NO,1,Both
Tamil Nadu,Employees State Insurance Scheme,200264,"Government Medical College & ESIC Hospital, Coimbatore, TamilNadu, KAMARAJAR ROAD, VARADHARAJAPURAM, SINGANALLUR, COIMBATORE",All India,BC NO,4,Both
Tamil Nadu,Employees State Insurance Scheme,200264,"Government Medical College & ESIC Hospital, Coimbatore, TamilNadu, KAMARAJAR ROAD, VARADHARAJAPURAM, SINGANALLUR, COIMBATORE",All India,EW NO,1,Both
Tamil Nadu,Employees State Insurance Scheme,200264,"Government Medical College & ESIC Hospital, Coimbatore, TamilNadu, KAMARAJAR ROAD, VARADHARAJAPURAM, SINGANALLUR, COIMBATORE",All India,OP NO,6,Both
Tamil Nadu,Employees State Insurance Scheme,200264,"Government Medical College & ESIC Hospital, Coimbatore, TamilNadu, KAMARAJAR ROAD, VARADHARAJAPURAM, SINGANALLUR, COIMBATORE",All India,OP PH,1,Both
Tamil Nadu,Employees State Insurance Scheme,200264,"Government Medical College & ESIC Hospital, Coimbatore, TamilNadu, KAMARAJAR ROAD, VARADHARAJAPURAM, SINGANALLUR, COIMBATORE",All India,SC NO,2,Both
Tamil Nadu,Employees State Insurance Scheme,200264,"Government Medical College & ESIC Hospital, Coimbatore, TamilNadu, KAMARAJAR ROAD, VARADHARAJAPURAM, SINGANALLUR, COIMBATORE",All India,ST NO,1,Both
Tamil Nadu,Employees State Insurance Scheme,200264,"Government Medical College & ESIC Hospital, Coimbatore, TamilNadu, KAMARAJAR ROAD, VARADHARAJAPURAM, SINGANALLUR, COIMBATORE",Employees State Insurance Scheme(ESI),BC NO,5,Both
Tamil Nadu,Employees State Insurance Scheme,200264,"Government Medical College & ESIC Hospital, Coimbatore, TamilNadu, KAMARAJAR ROAD, VARADHARAJAPURAM, SINGANALLUR, COIMBATORE",Employees State Insurance Scheme(ESI),EW NO,2,Both
Tamil Nadu,Employees State Insurance Scheme,200264,"Government Medical College & ESIC Hospital, Coimbatore, TamilNadu, KAMARAJAR ROAD, VARADHARAJAPURAM, SINGANALLUR, COIMBATORE",Employees State Insurance Scheme(ESI),EW PH,1,Both
Tamil Nadu,Employees State Insurance Scheme,200264,"Government Medical College & ESIC Hospital, Coimbatore, TamilNadu, KAMARAJAR ROAD, VARADHARAJAPURAM, SINGANALLUR, COIMBATORE",Employees State Insurance Scheme(ESI),OP NO,8,Both
Tamil Nadu,Employees State Insurance Scheme,200264,"Government Medical College & ESIC Hospital, Coimbatore, TamilNadu, KAMARAJAR ROAD, VARADHARAJAPURAM, SINGANALLUR, COIMBATORE",Employees State Insurance Scheme(ESI),SC NO,3,Both
Tamil Nadu,Employees State Insurance Scheme,200264,"Government Medical College & ESIC Hospital, Coimbatore, TamilNadu, KAMARAJAR ROAD, VARADHARAJAPURAM, SINGANALLUR, COIMBATORE",Employees State Insurance Scheme(ESI),ST NO,1,Both
Tamil Nadu,All India except Central University,200278,"Government Medical College & Hospital Cuddalore, Since- 09-05- 2025 (erstwhile Rajah Muthiah Medical College, cuddalore, T.N), Government Medical College and Hospital, Cuddalore District, Erstwhile Rajah Muthiah Medical College",All India,BC NO,6,Both
Tamil Nadu,All India except Central University,200278,"Government Medical College & Hospital Cuddalore, Since- 09-05- 2025 (erstwhile Rajah Muthiah Medical College, cuddalore, T.N), Government Medical College and Hospital, Cuddalore District, Erstwhile Rajah Muthiah Medical College",All India,EW NO,3,Both
Tamil Nadu,All India except Central University,200278,"Government Medical College & Hospital Cuddalore, Since- 09-05- 2025 (erstwhile Rajah Muthiah Medical College, cuddalore, T.N), Government Medical College and Hospital, Cuddalore District, Erstwhile Rajah Muthiah Medical College",All India,OP NO,8,Both
Tamil Nadu,All India except Central University,200278,"Government Medical College & Hospital Cuddalore, Since- 09-05- 2025 (erstwhile Rajah Muthiah Medical College, cuddalore, T.N), Government Medical College and Hospital, Cuddalore District, Erstwhile Rajah Muthiah Medical College",All India,SC NO,2,Both
Tamil Nadu,All India except Central University,200278,"Government Medical College & Hospital Cuddalore, Since- 09-05- 2025 (erstwhile Rajah Muthiah Medical College, cuddalore, T.N), Government Medical College and Hospital, Cuddalore District, Erstwhile Rajah Muthiah Medical College",All India,SC PH,1,Both
Tamil Nadu,All India except Central University,200278,"Government Medical College & Hospital Cuddalore, Since- 09-05- 2025 (erstwhile Rajah Muthiah Medical College, cuddalore, T.N), Government Medical College and Hospital, Cuddalore District, Erstwhile Rajah Muthiah Medical College",All India,ST NO,1,Both
Tamil Nadu,All India except Central University,200278,"Government Medical College & Hospital Cuddalore, Since- 09-05- 2025 (erstwhile Rajah Muthiah Medical College, cuddalore, T.N), Government Medical College and Hospital, Cuddalore District, Erstwhile Rajah Muthiah Medical College",All India,ST PH,1,Both
Tamil Nadu,All India except Central University,200564,"Government Medical College, Ariyalur, 1 COLLEGE ROAD GOVERNMENT MEDICAL COLLEGE ARIYALUR TAMIL NADU PIN 621713",All India,BC NO,5,Both
Tamil Nadu,All India except Central University,200564,"Government Medical College, Ariyalur, 1 COLLEGE ROAD GOVERNMENT MEDICAL COLLEGE ARIYALUR TAMIL NADU PIN 621713",All India,BC PH,1,Both
Tamil Nadu,All India except Central University,200564,"Government Medical College, Ariyalur, 1 COLLEGE ROAD GOVERNMENT MEDICAL COLLEGE ARIYALUR TAMIL NADU PIN 621713",All India,EW NO,2,Both
Tamil Nadu,All India except Central University,200564,"Government Medical College, Ariyalur, 1 COLLEGE ROAD GOVERNMENT MEDICAL COLLEGE ARIYALUR TAMIL NADU PIN 621713",All India,OP NO,9,Both
Tamil Nadu,All India except Central University,200564,"Government Medical College, Ariyalur, 1 COLLEGE ROAD GOVERNMENT MEDICAL COLLEGE ARIYALUR TAMIL NADU PIN 621713",All India,OP PH,1,Both
Tamil Nadu,All India except Central University,200564,"Government Medical College, Ariyalur, 1 COLLEGE ROAD GOVERNMENT MEDICAL COLLEGE ARIYALUR TAMIL NADU PIN 621713",All India,SC NO,3,Both
Tamil Nadu,All India except Central University,200564,"Government Medical College, Ariyalur, 1 COLLEGE ROAD GOVERNMENT MEDICAL COLLEGE ARIYALUR TAMIL NADU PIN 621713",All India,ST NO,1,Both
Tamil Nadu,All India except Central University,200566,"Government Medical College, Dindigul, 1 Nallampatti Road Adiyanoothu village Dindigul",All India,BC NO,6,Both
Tamil Nadu,All India except Central University,200566,"Government Medical College, Dindigul, 1 Nallampatti Road Adiyanoothu village Dindigul",All India,EW NO,2,Both
Tamil Nadu,All India except Central University,200566,"Government Medical College, Dindigul, 1 Nallampatti Road Adiyanoothu village Dindigul",All India,OP NO,8,Both
Tamil Nadu,All India except Central University,200566,"Government Medical College, Dindigul, 1 Nallampatti Road Adiyanoothu village Dindigul",All India,SC NO,4,Both
Tamil Nadu,All India except Central University,200566,"Government Medical College, Dindigul, 1 Nallampatti Road Adiyanoothu village Dindigul",All India,ST NO,2,Both
Tamil Nadu,All India except Central University,200558,"Government Medical College, Kallakurichi, S.NO 251, AGARAKOTTALAM ROAD, SIRUVANGUR, KALLAKURICHI",All India,BC NO,6,Both
Tamil Nadu,All India except Central University,200558,"Government Medical College, Kallakurichi, S.NO 251, AGARAKOTTALAM ROAD, SIRUVANGUR, KALLAKURICHI",All India,EW NO,1,Both
Tamil Nadu,All India except Central University,200558,"Government Medical College, Kallakurichi, S.NO 251, AGARAKOTTALAM ROAD, SIRUVANGUR, KALLAKURICHI",All India,EW PH,1,Both
Tamil Nadu,All India except Central University,200558,"Government Medical College, Kallakurichi, S.NO 251, AGARAKOTTALAM ROAD, SIRUVANGUR, KALLAKURICHI",All India,OP NO,8,Both
Tamil Nadu,All India except Central University,200558,"Government Medical College, Kallakurichi, S.NO 251, AGARAKOTTALAM ROAD, SIRUVANGUR, KALLAKURICHI",All India,OP PH,1,Both
Tamil Nadu,All India except Central University,200558,"Government Medical College, Kallakurichi, S.NO 251, AGARAKOTTALAM ROAD, SIRUVANGUR, KALLAKURICHI",All India,SC NO,3,Both
Tamil Nadu,All India except Central University,200558,"Government Medical College, Kallakurichi, S.NO 251, AGARAKOTTALAM ROAD, SIRUVANGUR, KALLAKURICHI",All India,ST NO,2,Both
Tamil Nadu,All India except Central University,200499,"Government Medical College, Karur, SANAPIRATTI VILLAGE NORTH GANDHIGRAMAM KARUR TAMILNADU",All India,BC NO,5,Both
Tamil Nadu,All India except Central University,200499,"Government Medical College, Karur, SANAPIRATTI VILLAGE NORTH GANDHIGRAMAM KARUR TAMILNADU",All India,BC PH,1,Both
Tamil Nadu,All India except Central University,200499,"Government Medical College, Karur, SANAPIRATTI VILLAGE NORTH GANDHIGRAMAM KARUR TAMILNADU",All India,EW NO,2,Both
Tamil Nadu,All India except Central University,200499,"Government Medical College, Karur, SANAPIRATTI VILLAGE NORTH GANDHIGRAMAM KARUR TAMILNADU",All India,OP NO,10,Both
Tamil Nadu,All India except Central University,200499,"Government Medical College, Karur, SANAPIRATTI VILLAGE NORTH GANDHIGRAMAM KARUR TAMILNADU",All India,SC NO,4,Both
Tamil Nadu,All India except Central University,200499,"Government Medical College, Karur, SANAPIRATTI VILLAGE NORTH GANDHIGRAMAM KARUR TAMILNADU",All India,ST NO,1,Both
Tamil Nadu,All India except Central University,200562,"Government Medical College, Krishnagiri, Block-1, Polupalli, Krishnagiri",All India,BC NO,6,Both
Tamil Nadu,All India except Central University,200562,"Government Medical College, Krishnagiri, Block-1, Polupalli, Krishnagiri",All India,EW NO,3,Both
Tamil Nadu,All India except Central University,200562,"Government Medical College, Krishnagiri, Block-1, Polupalli, Krishnagiri",All India,OP NO,8,Both
Tamil Nadu,All India except Central University,200562,"Government Medical College, Krishnagiri, Block-1, Polupalli, Krishnagiri",All India,SC NO,3,Both
Tamil Nadu,All India except Central University,200562,"Government Medical College, Krishnagiri, Block-1, Polupalli, Krishnagiri",All India,ST NO,2,Both
Tamil Nadu,All India except Central University,200571,"Government Medical College, Nagapattinam, NO.1,MANALMEDU, ORATHUR VILLAGE, NAGAPATTINAM TK, NAGAPATTINAM DISTRICT",All India,BC NO,6,Both
Tamil Nadu,All India except Central University,200571,"Government Medical College, Nagapattinam, NO.1,MANALMEDU, ORATHUR VILLAGE, NAGAPATTINAM TK, NAGAPATTINAM DISTRICT",All India,EW NO,2,Both
Tamil Nadu,All India except Central University,200571,"Government Medical College, Nagapattinam, NO.1,MANALMEDU, ORATHUR VILLAGE, NAGAPATTINAM TK, NAGAPATTINAM DISTRICT",All India,OP NO,8,Both
Tamil Nadu,All India except Central University,200571,"Government Medical College, Nagapattinam, NO.1,MANALMEDU, ORATHUR VILLAGE, NAGAPATTINAM TK, NAGAPATTINAM DISTRICT",All India,OP PH,1,Both
Tamil Nadu,All India except Central University,200571,"Government Medical College, Nagapattinam, NO.1,MANALMEDU, ORATHUR VILLAGE, NAGAPATTINAM TK, NAGAPATTINAM DISTRICT",All India,SC NO,2,Both
Tamil Nadu,All India except Central University,200571,"Government Medical College, Nagapattinam, NO.1,MANALMEDU, ORATHUR VILLAGE, NAGAPATTINAM TK, NAGAPATTINAM DISTRICT",All India,SC PH,1,Both
Tamil Nadu,All India except Central University,200571,"Government Medical College, Nagapattinam, NO.1,MANALMEDU, ORATHUR VILLAGE, NAGAPATTINAM TK, NAGAPATTINAM DISTRICT",All India,ST NO,2,Both
Tamil Nadu,All India except Central University,200557,"Government Medical College, Namakkal, 353 MASTER PLAN COMPLEX SILUVAMPATTY NAMAKKAL",All India,BC NO,5,Both
Tamil Nadu,All India except Central University,200557,"Government Medical College, Namakkal, 353 MASTER PLAN COMPLEX SILUVAMPATTY NAMAKKAL",All India,BC PH,1,Both
Tamil Nadu,All India except Central University,200557,"Government Medical College, Namakkal, 353 MASTER PLAN COMPLEX SILUVAMPATTY NAMAKKAL",All India,EW NO,2,Both
Tamil Nadu,All India except Central University,200557,"Government Medical College, Namakkal, 353 MASTER PLAN COMPLEX SILUVAMPATTY NAMAKKAL",All India,OP NO,10,Both
Tamil Nadu,All India except Central University,200557,"Government Medical College, Namakkal, 353 MASTER PLAN COMPLEX SILUVAMPATTY NAMAKKAL",All India,SC NO,3,Both
Tamil Nadu,All India except Central University,200557,"Government Medical College, Namakkal, 353 MASTER PLAN COMPLEX SILUVAMPATTY NAMAKKAL",All India,ST NO,1,Both
Tamil Nadu,All India except Central University,200569,"Government Medical College, Omandurar, NO.169, GOVERNMENT MEDICAL COLLEGE AND HOSPITAL, OMANDURAR GOVERNMENT ESTATE, WALLAJAH ROAD, TRIPLIC",All India,BC NO,4,Both
Tamil Nadu,All India except Central University,200569,"Government Medical College, Omandurar, NO.169, GOVERNMENT MEDICAL COLLEGE AND HOSPITAL, OMANDURAR GOVERNMENT ESTATE, WALLAJAH ROAD, TRIPLIC",All India,EW NO,1,Both
Tamil Nadu,All India except Central University,200569,"Government Medical College, Omandurar, NO.169, GOVERNMENT MEDICAL COLLEGE AND HOSPITAL, OMANDURAR GOVERNMENT ESTATE, WALLAJAH ROAD, TRIPLIC",All India,OP NO,4,Both
Tamil Nadu,All India except Central University,200569,"Government Medical College, Omandurar, NO.169, GOVERNMENT MEDICAL COLLEGE AND HOSPITAL, OMANDURAR GOVERNMENT ESTATE, WALLAJAH ROAD, TRIPLIC",All India,OP PH,1,Both
Tamil Nadu,All India except Central University,200569,"Government Medical College, Omandurar, NO.169, GOVERNMENT MEDICAL COLLEGE AND HOSPITAL, OMANDURAR GOVERNMENT ESTATE, WALLAJAH ROAD, TRIPLIC",All India,SC NO,3,Both
Tamil Nadu,All India except Central University,200569,"Government Medical College, Omandurar, NO.169, GOVERNMENT MEDICAL COLLEGE AND HOSPITAL, OMANDURAR GOVERNMENT ESTATE, WALLAJAH ROAD, TRIPLIC",All India,ST NO,2,Both
Tamil Nadu,All India except Central University,200267,"Government Medical College, Pudukottai, Tamil Nadu, MULLUR PUDUKKOTTAI PO PUDUKKOTTAI",All India,BC NO,6,Both
Tamil Nadu,All India except Central University,200267,"Government Medical College, Pudukottai, Tamil Nadu, MULLUR PUDUKKOTTAI PO PUDUKKOTTAI",All India,EW NO,3,Both
Tamil Nadu,All India except Central University,200267,"Government Medical College, Pudukottai, Tamil Nadu, MULLUR PUDUKKOTTAI PO PUDUKKOTTAI",All India,OP NO,9,Both
Tamil Nadu,All India except Central University,200267,"Government Medical College, Pudukottai, Tamil Nadu, MULLUR PUDUKKOTTAI PO PUDUKKOTTAI",All India,SC NO,3,Both
Tamil Nadu,All India except Central University,200267,"Government Medical College, Pudukottai, Tamil Nadu, MULLUR PUDUKKOTTAI PO PUDUKKOTTAI",All India,ST NO,1,Both
Tamil Nadu,All India except Central University,200567,"Government Medical College, Ramanathapuram, No 1, Pattinamkathan, Collectorate Backside, Ramanathapuram.",All India,BC NO,4,Both
Tamil Nadu,All India except Central University,200567,"Government Medical College, Ramanathapuram, No 1, Pattinamkathan, Collectorate Backside, Ramanathapuram.",All India,EW NO,1,Both
Tamil Nadu,All India except Central University,200567,"Government Medical College, Ramanathapuram, No 1, Pattinamkathan, Collectorate Backside, Ramanathapuram.",All India,OP NO,7,Both
Tamil Nadu,All India except Central University,200567,"Government Medical College, Ramanathapuram, No 1, Pattinamkathan, Collectorate Backside, Ramanathapuram.",All India,SC NO,2,Both
Tamil Nadu,All India except Central University,200567,"Government Medical College, Ramanathapuram, No 1, Pattinamkathan, Collectorate Backside, Ramanathapuram.",All India,ST NO,1,Both
Tamil Nadu,All India except Central University,200560,"Government Medical College, The Nilgiris, No. 1, INDU NAGAR, MYSORE ROAD, UDHAGAMANDALAM, NILGIRIS DISTRICT",All India,BC NO,5,Both
Tamil Nadu,All India except Central University,200560,"Government Medical College, The Nilgiris, No. 1, INDU NAGAR, MYSORE ROAD, UDHAGAMANDALAM, NILGIRIS DISTRICT",All India,BC PH,1,Both
Tamil Nadu,All India except Central University,200560,"Government Medical College, The Nilgiris, No. 1, INDU NAGAR, MYSORE ROAD, UDHAGAMANDALAM, NILGIRIS DISTRICT",All India,EW NO,2,Both
Tamil Nadu,All India except Central University,200560,"Government Medical College, The Nilgiris, No. 1, INDU NAGAR, MYSORE ROAD, UDHAGAMANDALAM, NILGIRIS DISTRICT",All India,OP NO,7,Both
Tamil Nadu,All India except Central University,200560,"Government Medical College, The Nilgiris, No. 1, INDU NAGAR, MYSORE ROAD, UDHAGAMANDALAM, NILGIRIS DISTRICT",All India,OP PH,1,Both
Tamil Nadu,All India except Central University,200560,"Government Medical College, The Nilgiris, No. 1, INDU NAGAR, MYSORE ROAD, UDHAGAMANDALAM, NILGIRIS DISTRICT",All India,SC NO,4,Both
Tamil Nadu,All India except Central University,200560,"Government Medical College, The Nilgiris, No. 1, INDU NAGAR, MYSORE ROAD, UDHAGAMANDALAM, NILGIRIS DISTRICT",All India,ST NO,2,Both
Tamil Nadu,All India except Central University,200559,"Government Medical College, Thiruvallur, BLOCK 1 MASTER PLAN COMPLEX, THIRUVALLUR COLLECTORATE, PERUMBAKKAM VILLAGE, THIRUVALLUR, TAMIL NADU",All India,BC NO,6,Both
Tamil Nadu,All India except Central University,200559,"Government Medical College, Thiruvallur, BLOCK 1 MASTER PLAN COMPLEX, THIRUVALLUR COLLECTORATE, PERUMBAKKAM VILLAGE, THIRUVALLUR, TAMIL NADU",All India,EW NO,2,Both
Tamil Nadu,All India except Central University,200559,"Government Medical College, Thiruvallur, BLOCK 1 MASTER PLAN COMPLEX, THIRUVALLUR COLLECTORATE, PERUMBAKKAM VILLAGE, THIRUVALLUR, TAMIL NADU",All India,EW PH,1,Both
Tamil Nadu,All India except Central University,200559,"Government Medical College, Thiruvallur, BLOCK 1 MASTER PLAN COMPLEX, THIRUVALLUR COLLECTORATE, PERUMBAKKAM VILLAGE, THIRUVALLUR, TAMIL NADU",All India,OP NO,8,Both
Tamil Nadu,All India except Central University,200559,"Government Medical College, Thiruvallur, BLOCK 1 MASTER PLAN COMPLEX, THIRUVALLUR COLLECTORATE, PERUMBAKKAM VILLAGE, THIRUVALLUR, TAMIL NADU",All India,SC NO,2,Both
Tamil Nadu,All India except Central University,200559,"Government Medical College, Thiruvallur, BLOCK 1 MASTER PLAN COMPLEX, THIRUVALLUR COLLECTORATE, PERUMBAKKAM VILLAGE, THIRUVALLUR, TAMIL NADU",All India,SC PH,1,Both
Tamil Nadu,All India except Central University,200559,"Government Medical College, Thiruvallur, BLOCK 1 MASTER PLAN COMPLEX, THIRUVALLUR COLLECTORATE, PERUMBAKKAM VILLAGE, THIRUVALLUR, TAMIL NADU",All India,ST NO,1,Both
Tamil Nadu,All India except Central University,200559,"Government Medical College, Thiruvallur, BLOCK 1 MASTER PLAN COMPLEX, THIRUVALLUR COLLECTORATE, PERUMBAKKAM VILLAGE, THIRUVALLUR, TAMIL NADU",All India,ST PH,1,Both
Tamil Nadu,All India except Central University,200561,"Government Medical College, Tiruppur, 18, DHARAPURAM ROAD, TIRUPPUR, TAMILNADU 641608",All India,BC NO,6,Both
Tamil Nadu,All India except Central University,200561,"Government Medical College, Tiruppur, 18, DHARAPURAM ROAD, TIRUPPUR, TAMILNADU 641608",All India,EW NO,2,Both
Tamil Nadu,All India except Central University,200561,"Government Medical College, Tiruppur, 18, DHARAPURAM ROAD, TIRUPPUR, TAMILNADU 641608",All India,OP NO,9,Both
Tamil Nadu,All India except Central University,200561,"Government Medical College, Tiruppur, 18, DHARAPURAM ROAD, TIRUPPUR, TAMILNADU 641608",All India,OP PH,1,Both
Tamil Nadu,All India except Central University,200561,"Government Medical College, Tiruppur, 18, DHARAPURAM ROAD, TIRUPPUR, TAMILNADU 641608",All India,SC NO,3,Both
Tamil Nadu,All India except Central University,200561,"Government Medical College, Tiruppur, 18, DHARAPURAM ROAD, TIRUPPUR, TAMILNADU 641608",All India,ST NO,1,Both
Tamil Nadu,All India except Central University,200555,"Government Medical College, Virudhunagar, 1 COLLECTORATE MASTER PLAN COMPLEX KOORAIKUNDU VILLAGE VIRUDHUNAGAR",All India,BC NO,6,Both
Tamil Nadu,All India except Central University,200555,"Government Medical College, Virudhunagar, 1 COLLECTORATE MASTER PLAN COMPLEX KOORAIKUNDU VILLAGE VIRUDHUNAGAR",All India,EW NO,2,Both
Tamil Nadu,All India except Central University,200555,"Government Medical College, Virudhunagar, 1 COLLECTORATE MASTER PLAN COMPLEX KOORAIKUNDU VILLAGE VIRUDHUNAGAR",All India,OP NO,9,Both
Tamil Nadu,All India except Central University,200555,"Government Medical College, Virudhunagar, 1 COLLECTORATE MASTER PLAN COMPLEX KOORAIKUNDU VILLAGE VIRUDHUNAGAR",All India,SC NO,3,Both
Tamil Nadu,All India except Central University,200555,"Government Medical College, Virudhunagar, 1 COLLECTORATE MASTER PLAN COMPLEX KOORAIKUNDU VILLAGE VIRUDHUNAGAR",All India,ST NO,2,Both
Tamil Nadu,All India except Central University,200268,"Government Sivagangai Medical College, Sivaganga, MANAMADURAI MAIN ROAD, KEELA VANIYANKUDI, SIVAGANGAI",All India,BC NO,3,Both
Tamil Nadu,All India except Central University,200268,"Government Sivagangai Medical College, Sivaganga, MANAMADURAI MAIN ROAD, KEELA VANIYANKUDI, SIVAGANGAI",All India,BC PH,1,Both
Tamil Nadu,All India except Central University,200268,"Government Sivagangai Medical College, Sivaganga, MANAMADURAI MAIN ROAD, KEELA VANIYANKUDI, SIVAGANGAI",All India,EW NO,1,Both
Tamil Nadu,All India except Central University,200268,"Government Sivagangai Medical College, Sivaganga, MANAMADURAI MAIN ROAD, KEELA VANIYANKUDI, SIVAGANGAI",All India,OP NO,6,Both
Tamil Nadu,All India except Central University,200268,"Government Sivagangai Medical College, Sivaganga, MANAMADURAI MAIN ROAD, KEELA VANIYANKUDI, SIVAGANGAI",All India,SC NO,3,Both
Tamil Nadu,All India except Central University,200268,"Government Sivagangai Medical College, Sivaganga, MANAMADURAI MAIN ROAD, KEELA VANIYANKUDI, SIVAGANGAI",All India,ST NO,1,Both
Tamil Nadu,All India except Central University,200283,"Government Thiruvannamalai Medical College, Thiruvannamalai, District Collectorate, Master Plan Complex, Vengikkal, Thiruvannamalai",All India,BC NO,4,Both
Tamil Nadu,All India except Central University,200283,"Government Thiruvannamalai Medical College, Thiruvannamalai, District Collectorate, Master Plan Complex, Vengikkal, Thiruvannamalai",All India,EW NO,2,Both
Tamil Nadu,All India except Central University,200283,"Government Thiruvannamalai Medical College, Thiruvannamalai, District Collectorate, Master Plan Complex, Vengikkal, Thiruvannamalai",All India,OP NO,5,Both
Tamil Nadu,All India except Central University,200283,"Government Thiruvannamalai Medical College, Thiruvannamalai, District Collectorate, Master Plan Complex, Vengikkal, Thiruvannamalai",All India,OP PH,1,Both
Tamil Nadu,All India except Central University,200283,"Government Thiruvannamalai Medical College, Thiruvannamalai, District Collectorate, Master Plan Complex, Vengikkal, Thiruvannamalai",All India,SC NO,2,Both
Tamil Nadu,All India except Central University,200283,"Government Thiruvannamalai Medical College, Thiruvannamalai, District Collectorate, Master Plan Complex, Vengikkal, Thiruvannamalai",All India,ST NO,1,Both
Tamil Nadu,All India except Central University,200269,"Government Vellore Medical College, Vellore, Government Vellore Medical College and Hospital, Adukkamparai, Vellore.",All India,BC NO,4,Both
Tamil Nadu,All India except Central University,200269,"Government Vellore Medical College, Vellore, Government Vellore Medical College and Hospital, Adukkamparai, Vellore.",All India,EW NO,2,Both
Tamil Nadu,All India except Central University,200269,"Government Vellore Medical College, Vellore, Government Vellore Medical College and Hospital, Adukkamparai, Vellore.",All India,OP NO,6,Both
Tamil Nadu,All India except Central University,200269,"Government Vellore Medical College, Vellore, Government Vellore Medical College and Hospital, Adukkamparai, Vellore.",All India,SC NO,2,Both
Tamil Nadu,All India except Central University,200269,"Government Vellore Medical College, Vellore, Government Vellore Medical College and Hospital, Adukkamparai, Vellore.",All India,ST NO,1,Both
Tamil Nadu,All India except Central University,200271,"Government Villupuram Medical College, Villupuram, THE DEAN, GOVERNMENT VILLUPURAM MEDICAL COLLEGE, TRICHY TRUNK ROAD, MUNDIYAMPAKKAM, VILLUPURAM",All India,BC NO,4,Both
Tamil Nadu,All India except Central University,200271,"Government Villupuram Medical College, Villupuram, THE DEAN, GOVERNMENT VILLUPURAM MEDICAL COLLEGE, TRICHY TRUNK ROAD, MUNDIYAMPAKKAM, VILLUPURAM",All India,EW NO,1,Both
Tamil Nadu,All India except Central University,200271,"Government Villupuram Medical College, Villupuram, THE DEAN, GOVERNMENT VILLUPURAM MEDICAL COLLEGE, TRICHY TRUNK ROAD, MUNDIYAMPAKKAM, VILLUPURAM",All India,OP NO,7,Both
Tamil Nadu,All India except Central University,200271,"Government Villupuram Medical College, Villupuram, THE DEAN, GOVERNMENT VILLUPURAM MEDICAL COLLEGE, TRICHY TRUNK ROAD, MUNDIYAMPAKKAM, VILLUPURAM",All India,SC NO,2,Both
Tamil Nadu,All India except Central University,200271,"Government Villupuram Medical College, Villupuram, THE DEAN, GOVERNMENT VILLUPURAM MEDICAL COLLEGE, TRICHY TRUNK ROAD, MUNDIYAMPAKKAM, VILLUPURAM",All India,ST NO,1,Both
Tamil Nadu,All India except Central University,200266,"Govt. Mohan Kumaramangalam Medical College, Salem, MAJEERA KOLLAPPATTI, Salem steel Plant Road Salem 636030 TamilNadu",All India,BC NO,4,Both
Tamil Nadu,All India except Central University,200266,"Govt. Mohan Kumaramangalam Medical College, Salem, MAJEERA KOLLAPPATTI, Salem steel Plant Road Salem 636030 TamilNadu",All India,EW NO,1,Both
Tamil Nadu,All India except Central University,200266,"Govt. Mohan Kumaramangalam Medical College, Salem, MAJEERA KOLLAPPATTI, Salem steel Plant Road Salem 636030 TamilNadu",All India,OP NO,4,Both
Tamil Nadu,All India except Central University,200266,"Govt. Mohan Kumaramangalam Medical College, Salem, MAJEERA KOLLAPPATTI, Salem steel Plant Road Salem 636030 TamilNadu",All India,OP PH,1,Both
Tamil Nadu,All India except Central University,200266,"Govt. Mohan Kumaramangalam Medical College, Salem, MAJEERA KOLLAPPATTI, Salem steel Plant Road Salem 636030 TamilNadu",All India,SC NO,3,Both
Tamil Nadu,All India except Central University,200266,"Govt. Mohan Kumaramangalam Medical College, Salem, MAJEERA KOLLAPPATTI, Salem steel Plant Road Salem 636030 TamilNadu",All India,ST NO,2,Both
Tamil Nadu,Deemed University,902804,"J R Medical College and Hospital Villupuram District, Tamilnadu, Chennai-Trichy NH-45,Kiledaiyalam, Tindivanam Taluk,Villupuram District.",Self-Financed Merit Seat,OP NO,200,Both
Tamil Nadu,All India except Central University,200273,"K A P Viswanathan Government Medical College, Trichy, PERIYAMILAGUPARAI, TIRUCHIRAPALLI-620001",All India,BC NO,5,Both
Tamil Nadu,All India except Central University,200273,"K A P Viswanathan Government Medical College, Trichy, PERIYAMILAGUPARAI, TIRUCHIRAPALLI-620001",All India,BC PH,1,Both
Tamil Nadu,All India except Central University,200273,"K A P Viswanathan Government Medical College, Trichy, PERIYAMILAGUPARAI, TIRUCHIRAPALLI-620001",All India,EW NO,3,Both
Tamil Nadu,All India except Central University,200273,"K A P Viswanathan Government Medical College, Trichy, PERIYAMILAGUPARAI, TIRUCHIRAPALLI-620001",All India,OP NO,10,Both
Tamil Nadu,All India except Central University,200273,"K A P Viswanathan Government Medical College, Trichy, PERIYAMILAGUPARAI, TIRUCHIRAPALLI-620001",All India,SC NO,2,Both
Tamil Nadu,All India except Central University,200273,"K A P Viswanathan Government Medical College, Trichy, PERIYAMILAGUPARAI, TIRUCHIRAPALLI-620001",All India,SC PH,1,Both
Tamil Nadu,All India except Central University,200273,"K A P Viswanathan Government Medical College, Trichy, PERIYAMILAGUPARAI, TIRUCHIRAPALLI-620001",All India,ST NO,1,Both
Tamil Nadu,All India except Central University,200274,"KanyaKumari Government Medical College, Asaripallam, ASARIPALLAM, KANYAKUMARI DISTRICT-629201",All India,BC NO,6,Both
Tamil Nadu,All India except Central University,200274,"KanyaKumari Government Medical College, Asaripallam, ASARIPALLAM, KANYAKUMARI DISTRICT-629201",All India,EW NO,2,Both
Tamil Nadu,All India except Central University,200274,"KanyaKumari Government Medical College, Asaripallam, ASARIPALLAM, KANYAKUMARI DISTRICT-629201",All India,OP NO,8,Both
Tamil Nadu,All India except Central University,200274,"KanyaKumari Government Medical College, Asaripallam, ASARIPALLAM, KANYAKUMARI DISTRICT-629201",All India,OP PH,1,Both
Tamil Nadu,All India except Central University,200274,"KanyaKumari Government Medical College, Asaripallam, ASARIPALLAM, KANYAKUMARI DISTRICT-629201",All India,SC NO,3,Both
Tamil Nadu,All India except Central University,200274,"KanyaKumari Government Medical College, Asaripallam, ASARIPALLAM, KANYAKUMARI DISTRICT-629201",All India,ST NO,2,Both
Tamil Nadu,All India except Central University,200263,"Kilpauk Medical College, Chennai, No. 822, EVR Periyar salai, Kilpauk,Chennai",All India,BC NO,6,Both
Tamil Nadu,All India except Central University,200263,"Kilpauk Medical College, Chennai, No. 822, EVR Periyar salai, Kilpauk,Chennai",All India,EW NO,2,Both
Tamil Nadu,All India except Central University,200263,"Kilpauk Medical College, Chennai, No. 822, EVR Periyar salai, Kilpauk,Chennai",All India,OP NO,8,Both
Tamil Nadu,All India except Central University,200263,"Kilpauk Medical College, Chennai, No. 822, EVR Periyar salai, Kilpauk,Chennai",All India,SC NO,4,Both
Tamil Nadu,All India except Central University,200263,"Kilpauk Medical College, Chennai, No. 822, EVR Periyar salai, Kilpauk,Chennai",All India,ST NO,2,Both
Tamil Nadu,All India except Central University,200275,"Madras Medical College, Chennai, MADRAS MEDICAL COLLEGE EVR PERIYAR SALAI,PARK TOWN,CHENNAI,TAMIL NADU.",All India,BC NO,10,Both
Tamil Nadu,All India except Central University,200275,"Madras Medical College, Chennai, MADRAS MEDICAL COLLEGE EVR PERIYAR SALAI,PARK TOWN,CHENNAI,TAMIL NADU.",All India,BC PH,1,Both
Tamil Nadu,All India except Central University,200275,"Madras Medical College, Chennai, MADRAS MEDICAL COLLEGE EVR PERIYAR SALAI,PARK TOWN,CHENNAI,TAMIL NADU.",All India,EW NO,3,Both
Tamil Nadu,All India except Central University,200275,"Madras Medical College, Chennai, MADRAS MEDICAL COLLEGE EVR PERIYAR SALAI,PARK TOWN,CHENNAI,TAMIL NADU.",All India,EW PH,1,Both
Tamil Nadu,All India except Central University,200275,"Madras Medical College, Chennai, MADRAS MEDICAL COLLEGE EVR PERIYAR SALAI,PARK TOWN,CHENNAI,TAMIL NADU.",All India,OP NO,15,Both
Tamil Nadu,All India except Central University,200275,"Madras Medical College, Chennai, MADRAS MEDICAL COLLEGE EVR PERIYAR SALAI,PARK TOWN,CHENNAI,TAMIL NADU.",All India,OP PH,1,Both
Tamil Nadu,All India except Central University,200275,"Madras Medical College, Chennai, MADRAS MEDICAL COLLEGE EVR PERIYAR SALAI,PARK TOWN,CHENNAI,TAMIL NADU.",All India,SC NO,5,Both
Tamil Nadu,All India except Central University,200275,"Madras Medical College, Chennai, MADRAS MEDICAL COLLEGE EVR PERIYAR SALAI,PARK TOWN,CHENNAI,TAMIL NADU.",All India,ST NO,2,Both
Tamil Nadu,All India except Central University,200276,"Madurai Medical College, Madurai, PANAGAL ROAD MADURAI, Tamil Nadu, 625020",All India,BC NO,10,Both
Tamil Nadu,All India except Central University,200276,"Madurai Medical College, Madurai, PANAGAL ROAD MADURAI, Tamil Nadu, 625020",All India,EW NO,4,Both
Tamil Nadu,All India except Central University,200276,"Madurai Medical College, Madurai, PANAGAL ROAD MADURAI, Tamil Nadu, 625020",All India,OP NO,14,Both
Tamil Nadu,All India except Central University,200276,"Madurai Medical College, Madurai, PANAGAL ROAD MADURAI, Tamil Nadu, 625020",All India,OP PH,1,Both
Tamil Nadu,All India except Central University,200276,"Madurai Medical College, Madurai, PANAGAL ROAD MADURAI, Tamil Nadu, 625020",All India,SC NO,6,Both
Tamil Nadu,All India except Central University,200276,"Madurai Medical College, Madurai, PANAGAL ROAD MADURAI, Tamil Nadu, 625020",All India,ST NO,3,Both
Tamil Nadu,Deemed University,200386,"Meenakshi Medical College and Research Institute, Enathur, Enathur, Karaipettai Post, Kanchipuram",Self-Financed Merit Seat,OP NO,250,Both
Tamil Nadu,Deemed University,200389,"Saveetha Medical College and Hospital, Kanchipuram, Saveetha Nagar, Thandalam, Chennai",Non-Resident Indian,OP NO,1,Both
Tamil Nadu,Deemed University,200389,"Saveetha Medical College and Hospital, Kanchipuram, Saveetha Nagar, Thandalam, Chennai",Self-Financed Merit Seat,OP NO,249,Both
Tamil Nadu,Deemed University,200390,"Shri Sathya Sai Medical College and Research Institute, Kancheepuram, SBV Chennai Campus, Shri Sathya Sai Nagar, Ammapettai, Chennai",Non-Resident Indian,OP NO,10,Both
Tamil Nadu,Deemed University,200390,"Shri Sathya Sai Medical College and Research Institute, Kancheepuram, SBV Chennai Campus, Shri Sathya Sai Nagar, Ammapettai, Chennai",Self-Financed Merit Seat,OP NO,240,Both
Tamil Nadu,Deemed University,200393,"Sree Balaji Medical College and Hospital, Chennai, NO 7 WORKS ROAD CHROMEPET CHENNAI",Non-Resident Indian,OP NO,5,Both
Tamil Nadu,Deemed University,200393,"Sree Balaji Medical College and Hospital, Chennai, NO 7 WORKS ROAD CHROMEPET CHENNAI",Self-Financed Merit Seat,OP NO,245,Both
Tamil Nadu,Deemed University,200396,"Sri Ramachandra Medical College & Research Institute, Chennai, No. One Ramachandra Nagar, Porur, Chennai., Tamil Nadu, 600116",Non-Resident Indian,OP NO,38,Both
Tamil Nadu,Deemed University,200396,"Sri Ramachandra Medical College & Research Institute, Chennai, No. One Ramachandra Nagar, Porur, Chennai., Tamil Nadu, 600116",Self-Financed Merit Seat,OP NO,212,Both
Tamil Nadu,Deemed University,904747,"Srinivasan Medical College and Hospital, NH-45, TRICHY - CHENNAI TRUNK ROAD, NEAR TOLL PLAZA, SAMAYAPURAM, TIRUCHIRAPPALLI - 621 112.",Non-Resident Indian,OP NO,25,Both
Tamil Nadu,Deemed University,904747,"Srinivasan Medical College and Hospital, NH-45, TRICHY - CHENNAI TRUNK ROAD, NEAR TOLL PLAZA, SAMAYAPURAM, TIRUCHIRAPPALLI - 621 112.",Self-Financed Merit Seat,OP NO,225,Both
Tamil Nadu,Deemed University,200399,"SRM Medical College Hospital & Research Centre, Kancheepuram, SRM MEDICAL COLLEGE HOSPITAL AND RESEARCH CENTRE, POTHERI, KATTANKULATHUR 603203, CHENGALPATTU DIST.",Non-Resident Indian,OP NO,3,Both
Tamil Nadu,Deemed University,200399,"SRM Medical College Hospital & Research Centre, Kancheepuram, SRM MEDICAL COLLEGE HOSPITAL AND RESEARCH CENTRE, POTHERI, KATTANKULATHUR 603203, CHENGALPATTU DIST.",Self-Financed Merit Seat,OP NO,247,Both
Tamil Nadu,Deemed University,904746,"ST Peters Medical College, Hospital & Research Institute, Dr MGR Nagar, Near AERI Campus, Opp SIPCOT –II, Hosur, Krishnagiri District",Non-Resident Indian,OP NO,20,Both
Tamil Nadu,Deemed University,904746,"ST Peters Medical College, Hospital & Research Institute, Dr MGR Nagar, Near AERI Campus, Opp SIPCOT –II, Hosur, Krishnagiri District",Self-Financed Merit Seat,OP NO,230,Both
Tamil Nadu,All India except Central University,200279,"Stanley Medical College, Chennai, No.1, Old Jail Road Chennai",All India,BC NO,9,Both
Tamil Nadu,All India except Central University,200279,"Stanley Medical College, Chennai, No.1, Old Jail Road Chennai",All India,BC PH,1,Both
Tamil Nadu,All India except Central University,200279,"Stanley Medical College, Chennai, No.1, Old Jail Road Chennai",All India,EW NO,4,Both
Tamil Nadu,All India except Central University,200279,"Stanley Medical College, Chennai, No.1, Old Jail Road Chennai",All India,OP NO,14,Both
Tamil Nadu,All India except Central University,200279,"Stanley Medical College, Chennai, No.1, Old Jail Road Chennai",All India,SC NO,5,Both
Tamil Nadu,All India except Central University,200279,"Stanley Medical College, Chennai, No.1, Old Jail Road Chennai",All India,SC PH,1,Both
Tamil Nadu,All India except Central University,200279,"Stanley Medical College, Chennai, No.1, Old Jail Road Chennai",All India,ST NO,2,Both
Tamil Nadu,All India except Central University,200279,"Stanley Medical College, Chennai, No.1, Old Jail Road Chennai",All India,ST PH,1,Both
Tamil Nadu,All India except Central University,200281,"Thanjavur Medical College, Thanjavur, Thanjavur Medical College,Thanjavur",All India,BC NO,6,Both
Tamil Nadu,All India except Central University,200281,"Thanjavur Medical College, Thanjavur, Thanjavur Medical College,Thanjavur",All India,EW NO,2,Both
Tamil Nadu,All India except Central University,200281,"Thanjavur Medical College, Thanjavur, Thanjavur Medical College,Thanjavur",All India,OP NO,9,Both
Tamil Nadu,All India except Central University,200281,"Thanjavur Medical College, Thanjavur, Thanjavur Medical College,Thanjavur",All India,OP PH,1,Both
Tamil Nadu,All India except Central University,200281,"Thanjavur Medical College, Thanjavur, Thanjavur Medical College,Thanjavur",All India,SC NO,3,Both
Tamil Nadu,All India except Central University,200281,"Thanjavur Medical College, Thanjavur, Thanjavur Medical College,Thanjavur",All India,ST NO,2,Both
Tamil Nadu,All India except Central University,200282,"Theni Government Medical College, Theni, G. Vilakku, Shanmugasundarapuram village, Aundipatti Taluk, Theni District, Tamilnadu",All India,BC NO,4,Both
Tamil Nadu,All India except Central University,200282,"Theni Government Medical College, Theni, G. Vilakku, Shanmugasundarapuram village, Aundipatti Taluk, Theni District, Tamilnadu",All India,EW NO,1,Both
Tamil Nadu,All India except Central University,200282,"Theni Government Medical College, Theni, G. Vilakku, Shanmugasundarapuram village, Aundipatti Taluk, Theni District, Tamilnadu",All India,OP NO,7,Both
Tamil Nadu,All India except Central University,200282,"Theni Government Medical College, Theni, G. Vilakku, Shanmugasundarapuram village, Aundipatti Taluk, Theni District, Tamilnadu",All India,SC NO,2,Both
Tamil Nadu,All India except Central University,200282,"Theni Government Medical College, Theni, G. Vilakku, Shanmugasundarapuram village, Aundipatti Taluk, Theni District, Tamilnadu",All India,ST NO,1,Both
Tamil Nadu,All India except Central University,200270,"Thiruvarur Govt. Medical College, Thiruvarur, MASTER PLAN COMPLEX, VILAMAL VILLAGE, THIRUVARUR",All India,BC NO,3,Both
Tamil Nadu,All India except Central University,200270,"Thiruvarur Govt. Medical College, Thiruvarur, MASTER PLAN COMPLEX, VILAMAL VILLAGE, THIRUVARUR",All India,BC PH,1,Both
Tamil Nadu,All India except Central University,200270,"Thiruvarur Govt. Medical College, Thiruvarur, MASTER PLAN COMPLEX, VILAMAL VILLAGE, THIRUVARUR",All India,EW NO,2,Both
Tamil Nadu,All India except Central University,200270,"Thiruvarur Govt. Medical College, Thiruvarur, MASTER PLAN COMPLEX, VILAMAL VILLAGE, THIRUVARUR",All India,OP NO,5,Both
Tamil Nadu,All India except Central University,200270,"Thiruvarur Govt. Medical College, Thiruvarur, MASTER PLAN COMPLEX, VILAMAL VILLAGE, THIRUVARUR",All India,SC NO,3,Both
Tamil Nadu,All India except Central University,200270,"Thiruvarur Govt. Medical College, Thiruvarur, MASTER PLAN COMPLEX, VILAMAL VILLAGE, THIRUVARUR",All India,ST NO,1,Both
Tamil Nadu,All India except Central University,200284,"Thoothukudi Medical College, Thoothukudi, KAMARAJ NAGAR, 3rd MILE, THOOTHUKUDI",All India,BC NO,6,Both
Tamil Nadu,All India except Central University,200284,"Thoothukudi Medical College, Thoothukudi, KAMARAJ NAGAR, 3rd MILE, THOOTHUKUDI",All India,EW NO,2,Both
Tamil Nadu,All India except Central University,200284,"Thoothukudi Medical College, Thoothukudi, KAMARAJ NAGAR, 3rd MILE, THOOTHUKUDI",All India,OP NO,8,Both
Tamil Nadu,All India except Central University,200284,"Thoothukudi Medical College, Thoothukudi, KAMARAJ NAGAR, 3rd MILE, THOOTHUKUDI",All India,OP PH,1,Both
Tamil Nadu,All India except Central University,200284,"Thoothukudi Medical College, Thoothukudi, KAMARAJ NAGAR, 3rd MILE, THOOTHUKUDI",All India,SC NO,3,Both
Tamil Nadu,All India except Central University,200284,"Thoothukudi Medical College, Thoothukudi, KAMARAJ NAGAR, 3rd MILE, THOOTHUKUDI",All India,ST NO,2,Both
Tamil Nadu,All India except Central University,200265,"Tirunelveli Medical College, Tirunelveli, THE DEAN, TIRUNELVELI MEDICAL COLLEGE, HIGHGROUND, TIRUNELVELI-11",All India,BC NO,10,Both
Tamil Nadu,All India except Central University,200265,"Tirunelveli Medical College, Tirunelveli, THE DEAN, TIRUNELVELI MEDICAL COLLEGE, HIGHGROUND, TIRUNELVELI-11",All India,EW NO,3,Both
Tamil Nadu,All India except Central University,200265,"Tirunelveli Medical College, Tirunelveli, THE DEAN, TIRUNELVELI MEDICAL COLLEGE, HIGHGROUND, TIRUNELVELI-11",All India,EW PH,1,Both
Tamil Nadu,All India except Central University,200265,"Tirunelveli Medical College, Tirunelveli, THE DEAN, TIRUNELVELI MEDICAL COLLEGE, HIGHGROUND, TIRUNELVELI-11",All India,OP NO,15,Both
Tamil Nadu,All India except Central University,200265,"Tirunelveli Medical College, Tirunelveli, THE DEAN, TIRUNELVELI MEDICAL COLLEGE, HIGHGROUND, TIRUNELVELI-11",All India,OP PH,1,Both
Tamil Nadu,All India except Central University,200265,"Tirunelveli Medical College, Tirunelveli, THE DEAN, TIRUNELVELI MEDICAL COLLEGE, HIGHGROUND, TIRUNELVELI-11",All India,SC NO,4,Both
Tamil Nadu,All India except Central University,200265,"Tirunelveli Medical College, Tirunelveli, THE DEAN, TIRUNELVELI MEDICAL COLLEGE, HIGHGROUND, TIRUNELVELI-11",All India,SC PH,1,Both
Tamil Nadu,All India except Central University,200265,"Tirunelveli Medical College, Tirunelveli, THE DEAN, TIRUNELVELI MEDICAL COLLEGE, HIGHGROUND, TIRUNELVELI-11",All India,ST NO,2,Both
Tamil Nadu,Deemed University,200537,"VELS Medical College & Hospital, 12-123, Velan Nagar, Manjankaranai Village, Periyapalayam Road, Uthukottai Taluk, Tiruvallur Dist.",Non-Resident Indian,OP NO,38,Both
Tamil Nadu,Deemed University,200537,"VELS Medical College & Hospital, 12-123, Velan Nagar, Manjankaranai Village, Periyapalayam Road, Uthukottai Taluk, Tiruvallur Dist.",Self-Financed Merit Seat,OP NO,212,Both
Tamil Nadu,Deemed University,200401,"Vinayaka Missions Kirupananda Variyar Medical College, Salem, Sankari Main Road, (NH-47), Seeragapadi, Salem",Self-Financed Merit Seat,OP NO,200,Both
Telangana,All India Institute Of Medical Science(AIIMS),200517,"AIIMS, Bibi Nagar, Hyderabad, AIIMS Bibinagar (Hyderabad Metropolitan Region) Telangana 508126",Open Seat Quota,BC NO,25,Both
Telangana,All India Institute Of Medical Science(AIIMS),200517,"AIIMS, Bibi Nagar, Hyderabad, AIIMS Bibinagar (Hyderabad Metropolitan Region) Telangana 508126",Open Seat Quota,BC PH,2,Both
Telangana,All India Institute Of Medical Science(AIIMS),200517,"AIIMS, Bibi Nagar, Hyderabad, AIIMS Bibinagar (Hyderabad Metropolitan Region) Telangana 508126",Open Seat Quota,EW NO,10,Both
Telangana,All India Institute Of Medical Science(AIIMS),200517,"AIIMS, Bibi Nagar, Hyderabad, AIIMS Bibinagar (Hyderabad Metropolitan Region) Telangana 508126",Open Seat Quota,OP NO,39,Both
Telangana,All India Institute Of Medical Science(AIIMS),200517,"AIIMS, Bibi Nagar, Hyderabad, AIIMS Bibinagar (Hyderabad Metropolitan Region) Telangana 508126",Open Seat Quota,OP PH,2,Both
Telangana,All India Institute Of Medical Science(AIIMS),200517,"AIIMS, Bibi Nagar, Hyderabad, AIIMS Bibinagar (Hyderabad Metropolitan Region) Telangana 508126",Open Seat Quota,SC NO,14,Both
Telangana,All India Institute Of Medical Science(AIIMS),200517,"AIIMS, Bibi Nagar, Hyderabad, AIIMS Bibinagar (Hyderabad Metropolitan Region) Telangana 508126",Open Seat Quota,SC PH,1,Both
Telangana,All India Institute Of Medical Science(AIIMS),200517,"AIIMS, Bibi Nagar, Hyderabad, AIIMS Bibinagar (Hyderabad Metropolitan Region) Telangana 508126",Open Seat Quota,ST NO,6,Both
Telangana,All India Institute Of Medical Science(AIIMS),200517,"AIIMS, Bibi Nagar, Hyderabad, AIIMS Bibinagar (Hyderabad Metropolitan Region) Telangana 508126",Open Seat Quota,ST PH,1,Both
Telangana,Employees State Insurance Scheme,200418,"Employees State Insurance Coporation Medical College, Sanath Nagar, Hyderabad, Sanathnagar, Hyderabad",All India,BC NO,5,Both
Telangana,Employees State Insurance Scheme,200418,"Employees State Insurance Coporation Medical College, Sanath Nagar, Hyderabad, Sanathnagar, Hyderabad",All India,BC PH,1,Both
Telangana,Employees State Insurance Scheme,200418,"Employees State Insurance Coporation Medical College, Sanath Nagar, Hyderabad, Sanathnagar, Hyderabad",All India,EW NO,2,Both
Telangana,Employees State Insurance Scheme,200418,"Employees State Insurance Coporation Medical College, Sanath Nagar, Hyderabad, Sanathnagar, Hyderabad",All India,OP NO,8,Both
Telangana,Employees State Insurance Scheme,200418,"Employees State Insurance Coporation Medical College, Sanath Nagar, Hyderabad, Sanathnagar, Hyderabad",All India,SC NO,4,Both
Telangana,Employees State Insurance Scheme,200418,"Employees State Insurance Coporation Medical College, Sanath Nagar, Hyderabad, Sanathnagar, Hyderabad",All India,ST NO,2,Both
Telangana,Employees State Insurance Scheme,200418,"Employees State Insurance Coporation Medical College, Sanath Nagar, Hyderabad, Sanathnagar, Hyderabad",Employees State Insurance Scheme(ESI),BC NO,14,Both
Telangana,Employees State Insurance Scheme,200418,"Employees State Insurance Coporation Medical College, Sanath Nagar, Hyderabad, Sanathnagar, Hyderabad",Employees State Insurance Scheme(ESI),BC PH,1,Both
Telangana,Employees State Insurance Scheme,200418,"Employees State Insurance Coporation Medical College, Sanath Nagar, Hyderabad, Sanathnagar, Hyderabad",Employees State Insurance Scheme(ESI),EW NO,4,Both
Telangana,Employees State Insurance Scheme,200418,"Employees State Insurance Coporation Medical College, Sanath Nagar, Hyderabad, Sanathnagar, Hyderabad",Employees State Insurance Scheme(ESI),OP NO,21,Both
Telangana,Employees State Insurance Scheme,200418,"Employees State Insurance Coporation Medical College, Sanath Nagar, Hyderabad, Sanathnagar, Hyderabad",Employees State Insurance Scheme(ESI),OP PH,1,Both
Telangana,Employees State Insurance Scheme,200418,"Employees State Insurance Coporation Medical College, Sanath Nagar, Hyderabad, Sanathnagar, Hyderabad",Employees State Insurance Scheme(ESI),SC NO,8,Both
Telangana,Employees State Insurance Scheme,200418,"Employees State Insurance Coporation Medical College, Sanath Nagar, Hyderabad, Sanathnagar, Hyderabad",Employees State Insurance Scheme(ESI),ST NO,4,Both
Telangana,All India except Central University,200445,"Gandhi Medical College, Secunderabad, MUSHEERABAD, SECUNDERABAD",All India,BC NO,8,Both
Telangana,All India except Central University,200445,"Gandhi Medical College, Secunderabad, MUSHEERABAD, SECUNDERABAD",All India,EW NO,3,Both
Telangana,All India except Central University,200445,"Gandhi Medical College, Secunderabad, MUSHEERABAD, SECUNDERABAD",All India,OP NO,12,Both
Telangana,All India except Central University,200445,"Gandhi Medical College, Secunderabad, MUSHEERABAD, SECUNDERABAD",All India,OP PH,1,Both
Telangana,All India except Central University,200445,"Gandhi Medical College, Secunderabad, MUSHEERABAD, SECUNDERABAD",All India,SC NO,4,Both
Telangana,All India except Central University,200445,"Gandhi Medical College, Secunderabad, MUSHEERABAD, SECUNDERABAD",All India,ST NO,2,Both
Telangana,All India except Central University,200660,"GOVERNMENT MEDICAL COLLEGE JANGAON, gmc.jangaon@gmail.com, 24, Weavers Colony, Jangaon, Telangana, 506167",All India,BC NO,4,Both
Telangana,All India except Central University,200660,"GOVERNMENT MEDICAL COLLEGE JANGAON, gmc.jangaon@gmail.com, 24, Weavers Colony, Jangaon, Telangana, 506167",All India,EW NO,1,Both
Telangana,All India except Central University,200660,"GOVERNMENT MEDICAL COLLEGE JANGAON, gmc.jangaon@gmail.com, 24, Weavers Colony, Jangaon, Telangana, 506167",All India,OP NO,6,Both
Telangana,All India except Central University,200660,"GOVERNMENT MEDICAL COLLEGE JANGAON, gmc.jangaon@gmail.com, 24, Weavers Colony, Jangaon, Telangana, 506167",All India,SC NO,3,Both
Telangana,All India except Central University,200660,"GOVERNMENT MEDICAL COLLEGE JANGAON, gmc.jangaon@gmail.com, 24, Weavers Colony, Jangaon, Telangana, 506167",All India,ST NO,1,Both
Telangana,All India except Central University,200661,"GOVERNMENT MEDICAL COLLEGE KHAMMAM, Wyra Road, Khammam",All India,BC NO,3,Both
Telangana,All India except Central University,200661,"GOVERNMENT MEDICAL COLLEGE KHAMMAM, Wyra Road, Khammam",All India,BC PH,1,Both
Telangana,All India except Central University,200661,"GOVERNMENT MEDICAL COLLEGE KHAMMAM, Wyra Road, Khammam",All India,EW NO,2,Both
Telangana,All India except Central University,200661,"GOVERNMENT MEDICAL COLLEGE KHAMMAM, Wyra Road, Khammam",All India,OP NO,5,Both
Telangana,All India except Central University,200661,"GOVERNMENT MEDICAL COLLEGE KHAMMAM, Wyra Road, Khammam",All India,SC NO,2,Both
Telangana,All India except Central University,200661,"GOVERNMENT MEDICAL COLLEGE KHAMMAM, Wyra Road, Khammam",All India,ST NO,2,Both
Telangana,All India except Central University,200647,"GOVERNMENT MEDICAL COLLEGE KUMURAM BHEEM ASIFAFABAD, Government Medical College Ankushapur District Kumuram Bheem Asifabad Telangana",All India,BC NO,4,Both
Telangana,All India except Central University,200647,"GOVERNMENT MEDICAL COLLEGE KUMURAM BHEEM ASIFAFABAD, Government Medical College Ankushapur District Kumuram Bheem Asifabad Telangana",All India,EW NO,2,Both
Telangana,All India except Central University,200647,"GOVERNMENT MEDICAL COLLEGE KUMURAM BHEEM ASIFAFABAD, Government Medical College Ankushapur District Kumuram Bheem Asifabad Telangana",All India,OP NO,5,Both
Telangana,All India except Central University,200647,"GOVERNMENT MEDICAL COLLEGE KUMURAM BHEEM ASIFAFABAD, Government Medical College Ankushapur District Kumuram Bheem Asifabad Telangana",All India,OP PH,1,Both
Telangana,All India except Central University,200647,"GOVERNMENT MEDICAL COLLEGE KUMURAM BHEEM ASIFAFABAD, Government Medical College Ankushapur District Kumuram Bheem Asifabad Telangana",All India,SC NO,2,Both
Telangana,All India except Central University,200647,"GOVERNMENT MEDICAL COLLEGE KUMURAM BHEEM ASIFAFABAD, Government Medical College Ankushapur District Kumuram Bheem Asifabad Telangana",All India,ST NO,1,Both
Telangana,All India except Central University,903351,"Government Medical College Medak, PILLIKOTYAL, MEDAK MANDAL, MEDAK DISTRICT",All India,BC NO,2,Both
Telangana,All India except Central University,903351,"Government Medical College Medak, PILLIKOTYAL, MEDAK MANDAL, MEDAK DISTRICT",All India,OP NO,4,Both
Telangana,All India except Central University,903351,"Government Medical College Medak, PILLIKOTYAL, MEDAK MANDAL, MEDAK DISTRICT",All India,SC NO,1,Both
Telangana,All India except Central University,200648,"GOVERNMENT MEDICAL COLLEGE VIKARABAD, ANANTHAGIRI HILLS VIKARABAD VIKARABAD DISTRICT TELANGANA 501101",All India,BC NO,4,Both
Telangana,All India except Central University,200648,"GOVERNMENT MEDICAL COLLEGE VIKARABAD, ANANTHAGIRI HILLS VIKARABAD VIKARABAD DISTRICT TELANGANA 501101",All India,EW NO,2,Both
Telangana,All India except Central University,200648,"GOVERNMENT MEDICAL COLLEGE VIKARABAD, ANANTHAGIRI HILLS VIKARABAD VIKARABAD DISTRICT TELANGANA 501101",All India,OP NO,6,Both
Telangana,All India except Central University,200648,"GOVERNMENT MEDICAL COLLEGE VIKARABAD, ANANTHAGIRI HILLS VIKARABAD VIKARABAD DISTRICT TELANGANA 501101",All India,SC NO,2,Both
Telangana,All India except Central University,200648,"GOVERNMENT MEDICAL COLLEGE VIKARABAD, ANANTHAGIRI HILLS VIKARABAD VIKARABAD DISTRICT TELANGANA 501101",All India,ST NO,1,Both
Telangana,All India except Central University,200598,"Government Medical College, Bhadradri Kothagudem, Besides Sammakka Saarakka temple, Opp KSM Petrol bunk, end of 6th Battalion Rd, Palvancha, Telangana",All India,BC NO,6,Both
Telangana,All India except Central University,200598,"Government Medical College, Bhadradri Kothagudem, Besides Sammakka Saarakka temple, Opp KSM Petrol bunk, end of 6th Battalion Rd, Palvancha, Telangana",All India,EW NO,2,Both
Telangana,All India except Central University,200598,"Government Medical College, Bhadradri Kothagudem, Besides Sammakka Saarakka temple, Opp KSM Petrol bunk, end of 6th Battalion Rd, Palvancha, Telangana",All India,OP NO,8,Both
Telangana,All India except Central University,200598,"Government Medical College, Bhadradri Kothagudem, Besides Sammakka Saarakka temple, Opp KSM Petrol bunk, end of 6th Battalion Rd, Palvancha, Telangana",All India,SC NO,3,Both
Telangana,All India except Central University,200598,"Government Medical College, Bhadradri Kothagudem, Besides Sammakka Saarakka temple, Opp KSM Petrol bunk, end of 6th Battalion Rd, Palvancha, Telangana",All India,SC PH,1,Both
Telangana,All India except Central University,200598,"Government Medical College, Bhadradri Kothagudem, Besides Sammakka Saarakka temple, Opp KSM Petrol bunk, end of 6th Battalion Rd, Palvancha, Telangana",All India,ST NO,1,Both
Telangana,All India except Central University,200598,"Government Medical College, Bhadradri Kothagudem, Besides Sammakka Saarakka temple, Opp KSM Petrol bunk, end of 6th Battalion Rd, Palvancha, Telangana",All India,ST PH,1,Both
Telangana,All India except Central University,200609,"Government Medical College, Jagtial, Government Medical College, Jagtial, Jagtial Village, Jagtial Tehsil, Jagtial Dist",All India,BC NO,5,Both
Telangana,All India except Central University,200609,"Government Medical College, Jagtial, Government Medical College, Jagtial, Jagtial Village, Jagtial Tehsil, Jagtial Dist",All India,BC PH,1,Both
Telangana,All India except Central University,200609,"Government Medical College, Jagtial, Government Medical College, Jagtial, Jagtial Village, Jagtial Tehsil, Jagtial Dist",All India,EW NO,2,Both
Telangana,All India except Central University,200609,"Government Medical College, Jagtial, Government Medical College, Jagtial, Jagtial Village, Jagtial Tehsil, Jagtial Dist",All India,OP NO,8,Both
Telangana,All India except Central University,200609,"Government Medical College, Jagtial, Government Medical College, Jagtial, Jagtial Village, Jagtial Tehsil, Jagtial Dist",All India,OP PH,1,Both
Telangana,All India except Central University,200609,"Government Medical College, Jagtial, Government Medical College, Jagtial, Jagtial Village, Jagtial Tehsil, Jagtial Dist",All India,SC NO,3,Both
Telangana,All India except Central University,200609,"Government Medical College, Jagtial, Government Medical College, Jagtial, Jagtial Village, Jagtial Tehsil, Jagtial Dist",All India,ST NO,2,Both
Telangana,All India except Central University,200659,"Government Medical College, Jayashankar Bhupalpally, Manzoor Nagar Road, Besides thousand quarters, Jayashankar, Bhupalpally",All India,BC NO,4,Both
Telangana,All India except Central University,200659,"Government Medical College, Jayashankar Bhupalpally, Manzoor Nagar Road, Besides thousand quarters, Jayashankar, Bhupalpally",All India,EW NO,2,Both
Telangana,All India except Central University,200659,"Government Medical College, Jayashankar Bhupalpally, Manzoor Nagar Road, Besides thousand quarters, Jayashankar, Bhupalpally",All India,OP NO,6,Both
Telangana,All India except Central University,200659,"Government Medical College, Jayashankar Bhupalpally, Manzoor Nagar Road, Besides thousand quarters, Jayashankar, Bhupalpally",All India,SC NO,2,Both
Telangana,All India except Central University,200659,"Government Medical College, Jayashankar Bhupalpally, Manzoor Nagar Road, Besides thousand quarters, Jayashankar, Bhupalpally",All India,ST NO,1,Both
Telangana,All India except Central University,902818,"Government Medical College, Jogulumba Gadwal, GMC Jogulamba Gadwal, Near Doulath peer Dargah, Doudharpally, Ring Road, Sangala Cheruvu, Gadwal Tow",All India,BC NO,2,Both
Telangana,All India except Central University,902818,"Government Medical College, Jogulumba Gadwal, GMC Jogulamba Gadwal, Near Doulath peer Dargah, Doudharpally, Ring Road, Sangala Cheruvu, Gadwal Tow",All India,EW PH,1,Both
Telangana,All India except Central University,902818,"Government Medical College, Jogulumba Gadwal, GMC Jogulamba Gadwal, Near Doulath peer Dargah, Doudharpally, Ring Road, Sangala Cheruvu, Gadwal Tow",All India,OP NO,2,Both
Telangana,All India except Central University,902818,"Government Medical College, Jogulumba Gadwal, GMC Jogulamba Gadwal, Near Doulath peer Dargah, Doudharpally, Ring Road, Sangala Cheruvu, Gadwal Tow",All India,SC NO,2,Both
Telangana,All India except Central University,200651,"Government Medical College, Kamareddy, Office of the Principal, Government Medical College Devanpally, Kamareddy, Telangana",All India,BC NO,4,Both
Telangana,All India except Central University,200651,"Government Medical College, Kamareddy, Office of the Principal, Government Medical College Devanpally, Kamareddy, Telangana",All India,EW NO,1,Both
Telangana,All India except Central University,200651,"Government Medical College, Kamareddy, Office of the Principal, Government Medical College Devanpally, Kamareddy, Telangana",All India,OP NO,7,Both
Telangana,All India except Central University,200651,"Government Medical College, Kamareddy, Office of the Principal, Government Medical College Devanpally, Kamareddy, Telangana",All India,OP PH,1,Both
Telangana,All India except Central University,200651,"Government Medical College, Kamareddy, Office of the Principal, Government Medical College Devanpally, Kamareddy, Telangana",All India,SC NO,1,Both
Telangana,All India except Central University,200651,"Government Medical College, Kamareddy, Office of the Principal, Government Medical College Devanpally, Kamareddy, Telangana",All India,ST NO,1,Both
Telangana,All India except Central University,200650,"Government Medical College, Karimnagar, The Additional DME /Principal, Government Medical College Karimnagar, Jagtial NH 563, Kothapalli,",All India,BC NO,4,Both
Telangana,All India except Central University,200650,"Government Medical College, Karimnagar, The Additional DME /Principal, Government Medical College Karimnagar, Jagtial NH 563, Kothapalli,",All India,EW NO,1,Both
Telangana,All India except Central University,200650,"Government Medical College, Karimnagar, The Additional DME /Principal, Government Medical College Karimnagar, Jagtial NH 563, Kothapalli,",All India,OP NO,5,Both
Telangana,All India except Central University,200650,"Government Medical College, Karimnagar, The Additional DME /Principal, Government Medical College Karimnagar, Jagtial NH 563, Kothapalli,",All India,SC NO,3,Both
Telangana,All India except Central University,200650,"Government Medical College, Karimnagar, The Additional DME /Principal, Government Medical College Karimnagar, Jagtial NH 563, Kothapalli,",All India,ST NO,2,Both
Telangana,All India except Central University,904356,"GOVERNMENT MEDICAL COLLEGE, KODANGAL, SURVEY NO 51 KOKAT BESIDE MOTHER AND CHILD HOSPITAL TANDUR VIKARABAD DISTRICT TELANGANA 501141 gmc",All India,BC NO,2,Both
Telangana,All India except Central University,904356,"GOVERNMENT MEDICAL COLLEGE, KODANGAL, SURVEY NO 51 KOKAT BESIDE MOTHER AND CHILD HOSPITAL TANDUR VIKARABAD DISTRICT TELANGANA 501141 gmc",All India,EW NO,1,Both
Telangana,All India except Central University,904356,"GOVERNMENT MEDICAL COLLEGE, KODANGAL, SURVEY NO 51 KOKAT BESIDE MOTHER AND CHILD HOSPITAL TANDUR VIKARABAD DISTRICT TELANGANA 501141 gmc",All India,OP NO,3,Both
Telangana,All India except Central University,904356,"GOVERNMENT MEDICAL COLLEGE, KODANGAL, SURVEY NO 51 KOKAT BESIDE MOTHER AND CHILD HOSPITAL TANDUR VIKARABAD DISTRICT TELANGANA 501141 gmc",All India,SC NO,1,Both
Telangana,All India except Central University,200594,"Government Medical College, Mahabubabad, Government Medical College, Mahabubabad, Servey No 551-1-P ,Torrur Road ,Near SP Office , Mahabubaba",All India,BC NO,5,Both
Telangana,All India except Central University,200594,"Government Medical College, Mahabubabad, Government Medical College, Mahabubabad, Servey No 551-1-P ,Torrur Road ,Near SP Office , Mahabubaba",All India,BC PH,1,Both
Telangana,All India except Central University,200594,"Government Medical College, Mahabubabad, Government Medical College, Mahabubabad, Servey No 551-1-P ,Torrur Road ,Near SP Office , Mahabubaba",All India,EW NO,2,Both
Telangana,All India except Central University,200594,"Government Medical College, Mahabubabad, Government Medical College, Mahabubabad, Servey No 551-1-P ,Torrur Road ,Near SP Office , Mahabubaba",All India,OP NO,8,Both
Telangana,All India except Central University,200594,"Government Medical College, Mahabubabad, Government Medical College, Mahabubabad, Servey No 551-1-P ,Torrur Road ,Near SP Office , Mahabubaba",All India,OP PH,1,Both
Telangana,All India except Central University,200594,"Government Medical College, Mahabubabad, Government Medical College, Mahabubabad, Servey No 551-1-P ,Torrur Road ,Near SP Office , Mahabubaba",All India,SC NO,3,Both
Telangana,All India except Central University,200594,"Government Medical College, Mahabubabad, Government Medical College, Mahabubabad, Servey No 551-1-P ,Torrur Road ,Near SP Office , Mahabubaba",All India,ST NO,2,Both
Telangana,All India except Central University,200457,"Government Medical College, Mahabubnagar, Government Medical College Mahabubnagar,Thirumala Hills, Edira Village.Mahabubnagar",All India,BC NO,8,Both
Telangana,All India except Central University,200457,"Government Medical College, Mahabubnagar, Government Medical College Mahabubnagar,Thirumala Hills, Edira Village.Mahabubnagar",All India,EW NO,3,Both
Telangana,All India except Central University,200457,"Government Medical College, Mahabubnagar, Government Medical College Mahabubnagar,Thirumala Hills, Edira Village.Mahabubnagar",All India,OP NO,12,Both
Telangana,All India except Central University,200457,"Government Medical College, Mahabubnagar, Government Medical College Mahabubnagar,Thirumala Hills, Edira Village.Mahabubnagar",All India,SC NO,4,Both
Telangana,All India except Central University,200457,"Government Medical College, Mahabubnagar, Government Medical College Mahabubnagar,Thirumala Hills, Edira Village.Mahabubnagar",All India,SC PH,1,Both
Telangana,All India except Central University,200457,"Government Medical College, Mahabubnagar, Government Medical College Mahabubnagar,Thirumala Hills, Edira Village.Mahabubnagar",All India,ST NO,2,Both
Telangana,All India except Central University,903350,"Government Medical College, Maheshwaram, BIET COLLEGE CAMPUS, MANGALPALLY VILLAGE, IBRAHIMPATNAM, RANGAREDDY DISTRICT",All India,BC NO,2,Both
Telangana,All India except Central University,903350,"Government Medical College, Maheshwaram, BIET COLLEGE CAMPUS, MANGALPALLY VILLAGE, IBRAHIMPATNAM, RANGAREDDY DISTRICT",All India,EW NO,1,Both
Telangana,All India except Central University,903350,"Government Medical College, Maheshwaram, BIET COLLEGE CAMPUS, MANGALPALLY VILLAGE, IBRAHIMPATNAM, RANGAREDDY DISTRICT",All India,OP NO,3,Both
Telangana,All India except Central University,903350,"Government Medical College, Maheshwaram, BIET COLLEGE CAMPUS, MANGALPALLY VILLAGE, IBRAHIMPATNAM, RANGAREDDY DISTRICT",All India,SC NO,1,Both
Telangana,All India except Central University,200643,"Government Medical College, Mancherial, Government Medical College Mancherial, Gudipet Haziput mandal, Mancherial District, Telangana, 5042",All India,BC NO,4,Both
Telangana,All India except Central University,200643,"Government Medical College, Mancherial, Government Medical College Mancherial, Gudipet Haziput mandal, Mancherial District, Telangana, 5042",All India,EW NO,1,Both
Telangana,All India except Central University,200643,"Government Medical College, Mancherial, Government Medical College Mancherial, Gudipet Haziput mandal, Mancherial District, Telangana, 5042",All India,OP NO,5,Both
Telangana,All India except Central University,200643,"Government Medical College, Mancherial, Government Medical College Mancherial, Gudipet Haziput mandal, Mancherial District, Telangana, 5042",All India,OP PH,1,Both
Telangana,All India except Central University,200643,"Government Medical College, Mancherial, Government Medical College Mancherial, Gudipet Haziput mandal, Mancherial District, Telangana, 5042",All India,SC NO,2,Both
Telangana,All India except Central University,200643,"Government Medical College, Mancherial, Government Medical College Mancherial, Gudipet Haziput mandal, Mancherial District, Telangana, 5042",All India,ST NO,2,Both
Telangana,All India except Central University,902819,"Government Medical College, Mulugu, gmc.mulugu@gmail.com",All India,BC NO,1,Both
Telangana,All India except Central University,902819,"Government Medical College, Mulugu, gmc.mulugu@gmail.com",All India,BC PH,1,Both
Telangana,All India except Central University,902819,"Government Medical College, Mulugu, gmc.mulugu@gmail.com",All India,EW NO,1,Both
Telangana,All India except Central University,902819,"Government Medical College, Mulugu, gmc.mulugu@gmail.com",All India,OP NO,3,Both
Telangana,All India except Central University,902819,"Government Medical College, Mulugu, gmc.mulugu@gmail.com",All India,SC NO,1,Both
Telangana,All India except Central University,200595,"Government Medical College, Nagarkurnool, Sy no. 237, Uyyalawada village, Nanagarkurnool",All India,BC NO,6,Both
Telangana,All India except Central University,200595,"Government Medical College, Nagarkurnool, Sy no. 237, Uyyalawada village, Nanagarkurnool",All India,EW NO,2,Both
Telangana,All India except Central University,200595,"Government Medical College, Nagarkurnool, Sy no. 237, Uyyalawada village, Nanagarkurnool",All India,OP NO,9,Both
Telangana,All India except Central University,200595,"Government Medical College, Nagarkurnool, Sy no. 237, Uyyalawada village, Nanagarkurnool",All India,SC NO,3,Both
Telangana,All India except Central University,200595,"Government Medical College, Nagarkurnool, Sy no. 237, Uyyalawada village, Nanagarkurnool",All India,ST NO,2,Both
Telangana,All India except Central University,200482,"Government Medical College, Nalgonda, OFFICE OF THE PRINCIPAL, GOVERNMENT MEDICAL COLLGEGE,GANDHAMVARI GUDEM,SLBC,SAGAR ROAD,NALGONDA,TELA",All India,BC NO,6,Both
Telangana,All India except Central University,200482,"Government Medical College, Nalgonda, OFFICE OF THE PRINCIPAL, GOVERNMENT MEDICAL COLLGEGE,GANDHAMVARI GUDEM,SLBC,SAGAR ROAD,NALGONDA,TELA",All India,EW NO,2,Both
Telangana,All India except Central University,200482,"Government Medical College, Nalgonda, OFFICE OF THE PRINCIPAL, GOVERNMENT MEDICAL COLLGEGE,GANDHAMVARI GUDEM,SLBC,SAGAR ROAD,NALGONDA,TELA",All India,OP NO,9,Both
Telangana,All India except Central University,200482,"Government Medical College, Nalgonda, OFFICE OF THE PRINCIPAL, GOVERNMENT MEDICAL COLLGEGE,GANDHAMVARI GUDEM,SLBC,SAGAR ROAD,NALGONDA,TELA",All India,OP PH,1,Both
Telangana,All India except Central University,200482,"Government Medical College, Nalgonda, OFFICE OF THE PRINCIPAL, GOVERNMENT MEDICAL COLLGEGE,GANDHAMVARI GUDEM,SLBC,SAGAR ROAD,NALGONDA,TELA",All India,SC NO,3,Both
Telangana,All India except Central University,200482,"Government Medical College, Nalgonda, OFFICE OF THE PRINCIPAL, GOVERNMENT MEDICAL COLLGEGE,GANDHAMVARI GUDEM,SLBC,SAGAR ROAD,NALGONDA,TELA",All India,ST NO,1,Both
Telangana,All India except Central University,902821,"Government Medical College, Narayanpet, Government Medical College Narayanpet Jajapur Narayanpet District Telangana Pincode 509210",All India,BC NO,2,Both
Telangana,All India except Central University,902821,"Government Medical College, Narayanpet, Government Medical College Narayanpet Jajapur Narayanpet District Telangana Pincode 509210",All India,EW NO,1,Both
Telangana,All India except Central University,902821,"Government Medical College, Narayanpet, Government Medical College Narayanpet Jajapur Narayanpet District Telangana Pincode 509210",All India,OP NO,2,Both
Telangana,All India except Central University,902821,"Government Medical College, Narayanpet, Government Medical College Narayanpet Jajapur Narayanpet District Telangana Pincode 509210",All India,SC NO,1,Both
Telangana,All India except Central University,902821,"Government Medical College, Narayanpet, Government Medical College Narayanpet Jajapur Narayanpet District Telangana Pincode 509210",All India,ST NO,1,Both
Telangana,All India except Central University,902817,"Government Medical College, Narsampet, Sarwapuram, Pakhal road, Land mark- Bharath petrol pump, Narsamapet",All India,BC NO,1,Both
Telangana,All India except Central University,902817,"Government Medical College, Narsampet, Sarwapuram, Pakhal road, Land mark- Bharath petrol pump, Narsamapet",All India,EW NO,1,Both
Telangana,All India except Central University,902817,"Government Medical College, Narsampet, Sarwapuram, Pakhal road, Land mark- Bharath petrol pump, Narsamapet",All India,OP NO,3,Both
Telangana,All India except Central University,902817,"Government Medical College, Narsampet, Sarwapuram, Pakhal road, Land mark- Bharath petrol pump, Narsamapet",All India,SC NO,2,Both
Telangana,All India except Central University,200653,"Government Medical College, Nirmal, BESIDE DIVYA GARDEN , DIVYA NAGAR NIRMAL",All India,BC NO,4,Both
Telangana,All India except Central University,200653,"Government Medical College, Nirmal, BESIDE DIVYA GARDEN , DIVYA NAGAR NIRMAL",All India,BC PH,1,Both
Telangana,All India except Central University,200653,"Government Medical College, Nirmal, BESIDE DIVYA GARDEN , DIVYA NAGAR NIRMAL",All India,EW NO,1,Both
Telangana,All India except Central University,200653,"Government Medical College, Nirmal, BESIDE DIVYA GARDEN , DIVYA NAGAR NIRMAL",All India,OP NO,5,Both
Telangana,All India except Central University,200653,"Government Medical College, Nirmal, BESIDE DIVYA GARDEN , DIVYA NAGAR NIRMAL",All India,SC NO,2,Both
Telangana,All India except Central University,200653,"Government Medical College, Nirmal, BESIDE DIVYA GARDEN , DIVYA NAGAR NIRMAL",All India,ST NO,2,Both
Telangana,All India except Central University,200456,"Government Medical College, Nizamabad, R.P.Road, Near Bustand, Khaleelwadi Nizamabad",All India,BC NO,5,Both
Telangana,All India except Central University,200456,"Government Medical College, Nizamabad, R.P.Road, Near Bustand, Khaleelwadi Nizamabad",All India,EW NO,1,Both
Telangana,All India except Central University,200456,"Government Medical College, Nizamabad, R.P.Road, Near Bustand, Khaleelwadi Nizamabad",All India,EW PH,1,Both
Telangana,All India except Central University,200456,"Government Medical College, Nizamabad, R.P.Road, Near Bustand, Khaleelwadi Nizamabad",All India,OP NO,8,Both
Telangana,All India except Central University,200456,"Government Medical College, Nizamabad, R.P.Road, Near Bustand, Khaleelwadi Nizamabad",All India,SC NO,2,Both
Telangana,All India except Central University,200456,"Government Medical College, Nizamabad, R.P.Road, Near Bustand, Khaleelwadi Nizamabad",All India,SC PH,1,Both
Telangana,All India except Central University,200456,"Government Medical College, Nizamabad, R.P.Road, Near Bustand, Khaleelwadi Nizamabad",All India,ST PH,1,Both
Telangana,All India except Central University,903352,"Government medical College, Quthbullapur, Government Medical College Quthbullapur, Plot A2-4, ECIL cross roads, Kushaiguda Hyderabad, Med",All India,BC NO,1,Both
Telangana,All India except Central University,903352,"Government medical College, Quthbullapur, Government Medical College Quthbullapur, Plot A2-4, ECIL cross roads, Kushaiguda Hyderabad, Med",All India,EW NO,1,Both
Telangana,All India except Central University,903352,"Government medical College, Quthbullapur, Government Medical College Quthbullapur, Plot A2-4, ECIL cross roads, Kushaiguda Hyderabad, Med",All India,OP NO,3,Both
Telangana,All India except Central University,903352,"Government medical College, Quthbullapur, Government Medical College Quthbullapur, Plot A2-4, ECIL cross roads, Kushaiguda Hyderabad, Med",All India,SC NO,1,Both
Telangana,All India except Central University,903352,"Government medical College, Quthbullapur, Government Medical College Quthbullapur, Plot A2-4, ECIL cross roads, Kushaiguda Hyderabad, Med",All India,ST NO,1,Both
Telangana,All India except Central University,200656,"Government Medical College, Rajanna Sircilla, GOVERNMENT MEDICAL COLLEGE NEAR KASTURBA GIRLS SCHOOL PEDDUR SIRCILLA DISTRICT RAJANNA SIRCILLA",All India,BC NO,5,Both
Telangana,All India except Central University,200656,"Government Medical College, Rajanna Sircilla, GOVERNMENT MEDICAL COLLEGE NEAR KASTURBA GIRLS SCHOOL PEDDUR SIRCILLA DISTRICT RAJANNA SIRCILLA",All India,EW NO,1,Both
Telangana,All India except Central University,200656,"Government Medical College, Rajanna Sircilla, GOVERNMENT MEDICAL COLLEGE NEAR KASTURBA GIRLS SCHOOL PEDDUR SIRCILLA DISTRICT RAJANNA SIRCILLA",All India,OP NO,6,Both
Telangana,All India except Central University,200656,"Government Medical College, Rajanna Sircilla, GOVERNMENT MEDICAL COLLEGE NEAR KASTURBA GIRLS SCHOOL PEDDUR SIRCILLA DISTRICT RAJANNA SIRCILLA",All India,SC NO,2,Both
Telangana,All India except Central University,200656,"Government Medical College, Rajanna Sircilla, GOVERNMENT MEDICAL COLLEGE NEAR KASTURBA GIRLS SCHOOL PEDDUR SIRCILLA DISTRICT RAJANNA SIRCILLA",All India,ST NO,1,Both
Telangana,All India except Central University,200616,"Government Medical College, Ramagundam, SURVEY NUMBER 92 95 96 MALKAPUR VILLAGE RAMAGUNDAM",All India,BC NO,6,Both
Telangana,All India except Central University,200616,"Government Medical College, Ramagundam, SURVEY NUMBER 92 95 96 MALKAPUR VILLAGE RAMAGUNDAM",All India,EW NO,3,Both
Telangana,All India except Central University,200616,"Government Medical College, Ramagundam, SURVEY NUMBER 92 95 96 MALKAPUR VILLAGE RAMAGUNDAM",All India,OP NO,8,Both
Telangana,All India except Central University,200616,"Government Medical College, Ramagundam, SURVEY NUMBER 92 95 96 MALKAPUR VILLAGE RAMAGUNDAM",All India,OP PH,1,Both
Telangana,All India except Central University,200616,"Government Medical College, Ramagundam, SURVEY NUMBER 92 95 96 MALKAPUR VILLAGE RAMAGUNDAM",All India,SC NO,3,Both
Telangana,All India except Central University,200616,"Government Medical College, Ramagundam, SURVEY NUMBER 92 95 96 MALKAPUR VILLAGE RAMAGUNDAM",All India,ST NO,1,Both
Telangana,All India except Central University,200597,"Government Medical College, Sangareddy, OPP. TOWN POLICE STATION, NETAJI NAGAR, SANGAREDDY DISTRICT, TELANGANA - 502001",All India,BC NO,5,Both
Telangana,All India except Central University,200597,"Government Medical College, Sangareddy, OPP. TOWN POLICE STATION, NETAJI NAGAR, SANGAREDDY DISTRICT, TELANGANA - 502001",All India,EW NO,2,Both
Telangana,All India except Central University,200597,"Government Medical College, Sangareddy, OPP. TOWN POLICE STATION, NETAJI NAGAR, SANGAREDDY DISTRICT, TELANGANA - 502001",All India,OP NO,9,Both
Telangana,All India except Central University,200597,"Government Medical College, Sangareddy, OPP. TOWN POLICE STATION, NETAJI NAGAR, SANGAREDDY DISTRICT, TELANGANA - 502001",All India,SC NO,4,Both
Telangana,All India except Central University,200597,"Government Medical College, Sangareddy, OPP. TOWN POLICE STATION, NETAJI NAGAR, SANGAREDDY DISTRICT, TELANGANA - 502001",All India,ST NO,2,Both
Telangana,All India except Central University,200458,"Government Medical College, Siddipet, Survey No 54, Ensanpalli Village, Siddipet Mandal, Siddipet",All India,BC NO,7,Both
Telangana,All India except Central University,200458,"Government Medical College, Siddipet, Survey No 54, Ensanpalli Village, Siddipet Mandal, Siddipet",All India,BC PH,1,Both
Telangana,All India except Central University,200458,"Government Medical College, Siddipet, Survey No 54, Ensanpalli Village, Siddipet Mandal, Siddipet",All India,EW NO,3,Both
Telangana,All India except Central University,200458,"Government Medical College, Siddipet, Survey No 54, Ensanpalli Village, Siddipet Mandal, Siddipet",All India,OP NO,8,Both
Telangana,All India except Central University,200458,"Government Medical College, Siddipet, Survey No 54, Ensanpalli Village, Siddipet Mandal, Siddipet",All India,OP PH,1,Both
Telangana,All India except Central University,200458,"Government Medical College, Siddipet, Survey No 54, Ensanpalli Village, Siddipet Mandal, Siddipet",All India,SC NO,4,Both
Telangana,All India except Central University,200458,"Government Medical College, Siddipet, Survey No 54, Ensanpalli Village, Siddipet Mandal, Siddipet",All India,ST NO,2,Both
Telangana,All India except Central University,200481,"Government Medical College, Suryapet, AMARAVADI NAGAR, TALLAGADDA, SURYAPET-508213 Suraypet Dist",All India,BC NO,5,Both
Telangana,All India except Central University,200481,"Government Medical College, Suryapet, AMARAVADI NAGAR, TALLAGADDA, SURYAPET-508213 Suraypet Dist",All India,EW NO,2,Both
Telangana,All India except Central University,200481,"Government Medical College, Suryapet, AMARAVADI NAGAR, TALLAGADDA, SURYAPET-508213 Suraypet Dist",All India,OP NO,10,Both
Telangana,All India except Central University,200481,"Government Medical College, Suryapet, AMARAVADI NAGAR, TALLAGADDA, SURYAPET-508213 Suraypet Dist",All India,SC NO,3,Both
Telangana,All India except Central University,200481,"Government Medical College, Suryapet, AMARAVADI NAGAR, TALLAGADDA, SURYAPET-508213 Suraypet Dist",All India,ST NO,2,Both
Telangana,All India except Central University,200600,"Government Medical College, Wanaparthy, Marrikunta, Pebbair Road, Wanaparthy District, Telangana state.",All India,BC NO,6,Both
Telangana,All India except Central University,200600,"Government Medical College, Wanaparthy, Marrikunta, Pebbair Road, Wanaparthy District, Telangana state.",All India,EW NO,2,Both
Telangana,All India except Central University,200600,"Government Medical College, Wanaparthy, Marrikunta, Pebbair Road, Wanaparthy District, Telangana state.",All India,OP NO,9,Both
Telangana,All India except Central University,200600,"Government Medical College, Wanaparthy, Marrikunta, Pebbair Road, Wanaparthy District, Telangana state.",All India,OP PH,1,Both
Telangana,All India except Central University,200600,"Government Medical College, Wanaparthy, Marrikunta, Pebbair Road, Wanaparthy District, Telangana state.",All India,SC NO,2,Both
Telangana,All India except Central University,200600,"Government Medical College, Wanaparthy, Marrikunta, Pebbair Road, Wanaparthy District, Telangana state.",All India,SC PH,1,Both
Telangana,All India except Central University,200600,"Government Medical College, Wanaparthy, Marrikunta, Pebbair Road, Wanaparthy District, Telangana state.",All India,ST NO,1,Both
Telangana,All India except Central University,903353,"Government Medical College, Yadadri, PAGADIPALLY BHONGIR YADADRI BHUVANAGIRI",All India,BC NO,1,Both
Telangana,All India except Central University,903353,"Government Medical College, Yadadri, PAGADIPALLY BHONGIR YADADRI BHUVANAGIRI",All India,BC PH,1,Both
Telangana,All India except Central University,903353,"Government Medical College, Yadadri, PAGADIPALLY BHONGIR YADADRI BHUVANAGIRI",All India,EW NO,1,Both
Telangana,All India except Central University,903353,"Government Medical College, Yadadri, PAGADIPALLY BHONGIR YADADRI BHUVANAGIRI",All India,OP NO,2,Both
Telangana,All India except Central University,903353,"Government Medical College, Yadadri, PAGADIPALLY BHONGIR YADADRI BHUVANAGIRI",All India,SC NO,1,Both
Telangana,All India except Central University,903353,"Government Medical College, Yadadri, PAGADIPALLY BHONGIR YADADRI BHUVANAGIRI",All India,ST NO,1,Both
Telangana,All India except Central University,200453,"Kakatiya Medical College, Warangal, SVP Road, Warangal",All India,BC NO,8,Both
Telangana,All India except Central University,200453,"Kakatiya Medical College, Warangal, SVP Road, Warangal",All India,EW NO,3,Both
Telangana,All India except Central University,200453,"Kakatiya Medical College, Warangal, SVP Road, Warangal",All India,OP NO,12,Both
Telangana,All India except Central University,200453,"Kakatiya Medical College, Warangal, SVP Road, Warangal",All India,SC NO,5,Both
Telangana,All India except Central University,200453,"Kakatiya Medical College, Warangal, SVP Road, Warangal",All India,ST NO,2,Both
Telangana,Deemed University,902856,"Malla Reddy Institute of Medical Sciences, Hyderabad, Suraram X Roads Jeedimetla Hyderabad",Non-Resident Indian,OP NO,37,Both
Telangana,Deemed University,902856,"Malla Reddy Institute of Medical Sciences, Hyderabad, Suraram X Roads Jeedimetla Hyderabad",Self-Financed Merit Seat,OP NO,213,Both
Telangana,Deemed University,902855,"Mallareddy Medical College for Women, Hyderabad, Suraram X Roads Jeedimetla Hyderabad",Non-Resident Indian,OP NO,25,Female Only
Telangana,Deemed University,902855,"Mallareddy Medical College for Women, Hyderabad, Suraram X Roads Jeedimetla Hyderabad",Self-Financed Merit Seat,OP NO,225,Female Only
Telangana,All India except Central University,200454,"Osmania Medical College, Hyderabad, HYDERABAD",All India,BC NO,10,Both
Telangana,All India except Central University,200454,"Osmania Medical College, Hyderabad, HYDERABAD",All India,EW NO,2,Both
Telangana,All India except Central University,200454,"Osmania Medical College, Hyderabad, HYDERABAD",All India,EW PH,1,Both
Telangana,All India except Central University,200454,"Osmania Medical College, Hyderabad, HYDERABAD",All India,OP NO,15,Both
Telangana,All India except Central University,200454,"Osmania Medical College, Hyderabad, HYDERABAD",All India,OP PH,1,Both
Telangana,All India except Central University,200454,"Osmania Medical College, Hyderabad, HYDERABAD",All India,SC NO,5,Both
Telangana,All India except Central University,200454,"Osmania Medical College, Hyderabad, HYDERABAD",All India,ST NO,3,Both
Telangana,All India except Central University,200455,"Rajiv Gandhi Institute of Medical Sciences, adilabad, MAIN ROAD, OLD NH 07, ADILABAD TOWN ADILABAD DISTRICT, TELANGANA STATE-504001",All India,BC NO,4,Both
Telangana,All India except Central University,200455,"Rajiv Gandhi Institute of Medical Sciences, adilabad, MAIN ROAD, OLD NH 07, ADILABAD TOWN ADILABAD DISTRICT, TELANGANA STATE-504001",All India,BC PH,1,Both
Telangana,All India except Central University,200455,"Rajiv Gandhi Institute of Medical Sciences, adilabad, MAIN ROAD, OLD NH 07, ADILABAD TOWN ADILABAD DISTRICT, TELANGANA STATE-504001",All India,EW NO,2,Both
Telangana,All India except Central University,200455,"Rajiv Gandhi Institute of Medical Sciences, adilabad, MAIN ROAD, OLD NH 07, ADILABAD TOWN ADILABAD DISTRICT, TELANGANA STATE-504001",All India,OP NO,8,Both
Telangana,All India except Central University,200455,"Rajiv Gandhi Institute of Medical Sciences, adilabad, MAIN ROAD, OLD NH 07, ADILABAD TOWN ADILABAD DISTRICT, TELANGANA STATE-504001",All India,SC NO,3,Both
Telangana,All India except Central University,200455,"Rajiv Gandhi Institute of Medical Sciences, adilabad, MAIN ROAD, OLD NH 07, ADILABAD TOWN ADILABAD DISTRICT, TELANGANA STATE-504001",All India,ST NO,1,Both
The Dadra And Nagar Haveli And Daman And Diu,All India except Central University,200470,"NAMO Medical Education & Research Institute, Govt Medical College Silvassa, NAMO Medical Education and Research Institute, next to Sayli cricket stadium, Sayli Road, Silvassa",All India,BC NO,8,Both
The Dadra And Nagar Haveli And Daman And Diu,All India except Central University,200470,"NAMO Medical Education & Research Institute, Govt Medical College Silvassa, NAMO Medical Education and Research Institute, next to Sayli cricket stadium, Sayli Road, Silvassa",All India,EW NO,3,Both
The Dadra And Nagar Haveli And Daman And Diu,All India except Central University,200470,"NAMO Medical Education & Research Institute, Govt Medical College Silvassa, NAMO Medical Education and Research Institute, next to Sayli cricket stadium, Sayli Road, Silvassa",All India,OP NO,9,Both
The Dadra And Nagar Haveli And Daman And Diu,All India except Central University,200470,"NAMO Medical Education & Research Institute, Govt Medical College Silvassa, NAMO Medical Education and Research Institute, next to Sayli cricket stadium, Sayli Road, Silvassa",All India,OP PH,1,Both
The Dadra And Nagar Haveli And Daman And Diu,All India except Central University,200470,"NAMO Medical Education & Research Institute, Govt Medical College Silvassa, NAMO Medical Education and Research Institute, next to Sayli cricket stadium, Sayli Road, Silvassa",All India,SC NO,4,Both
The Dadra And Nagar Haveli And Daman And Diu,All India except Central University,200470,"NAMO Medical Education & Research Institute, Govt Medical College Silvassa, NAMO Medical Education and Research Institute, next to Sayli cricket stadium, Sayli Road, Silvassa",All India,ST NO,2,Both
Tripura,All India except Central University,200285,"Agartala Government Medical College,Agartala, Kunjaban, Agartala, Tripura West",All India,BC NO,8,Both
Tripura,All India except Central University,200285,"Agartala Government Medical College,Agartala, Kunjaban, Agartala, Tripura West",All India,EW NO,3,Both
Tripura,All India except Central University,200285,"Agartala Government Medical College,Agartala, Kunjaban, Agartala, Tripura West",All India,OP NO,11,Both
Tripura,All India except Central University,200285,"Agartala Government Medical College,Agartala, Kunjaban, Agartala, Tripura West",All India,OP PH,1,Both
Tripura,All India except Central University,200285,"Agartala Government Medical College,Agartala, Kunjaban, Agartala, Tripura West",All India,SC NO,4,Both
Tripura,All India except Central University,200285,"Agartala Government Medical College,Agartala, Kunjaban, Agartala, Tripura West",All India,SC PH,1,Both
Tripura,All India except Central University,200285,"Agartala Government Medical College,Agartala, Kunjaban, Agartala, Tripura West",All India,ST NO,1,Both
Tripura,All India except Central University,200285,"Agartala Government Medical College,Agartala, Kunjaban, Agartala, Tripura West",All India,ST PH,1,Both
Uttar Pradesh,All India Institute Of Medical Science(AIIMS),200513,"AIIMS, Gorakhpur , AIIMS Gorakhpur, Medical College Building, Kunraghat, Gorakhpur",Open Seat Quota,BC NO,32,Both
Uttar Pradesh,All India Institute Of Medical Science(AIIMS),200513,"AIIMS, Gorakhpur , AIIMS Gorakhpur, Medical College Building, Kunraghat, Gorakhpur",Open Seat Quota,BC PH,1,Both
Uttar Pradesh,All India Institute Of Medical Science(AIIMS),200513,"AIIMS, Gorakhpur , AIIMS Gorakhpur, Medical College Building, Kunraghat, Gorakhpur",Open Seat Quota,EW NO,11,Both
Uttar Pradesh,All India Institute Of Medical Science(AIIMS),200513,"AIIMS, Gorakhpur , AIIMS Gorakhpur, Medical College Building, Kunraghat, Gorakhpur",Open Seat Quota,EW PH,1,Both
Uttar Pradesh,All India Institute Of Medical Science(AIIMS),200513,"AIIMS, Gorakhpur , AIIMS Gorakhpur, Medical College Building, Kunraghat, Gorakhpur",Open Seat Quota,OP NO,48,Both
Uttar Pradesh,All India Institute Of Medical Science(AIIMS),200513,"AIIMS, Gorakhpur , AIIMS Gorakhpur, Medical College Building, Kunraghat, Gorakhpur",Open Seat Quota,OP PH,3,Both
Uttar Pradesh,All India Institute Of Medical Science(AIIMS),200513,"AIIMS, Gorakhpur , AIIMS Gorakhpur, Medical College Building, Kunraghat, Gorakhpur",Open Seat Quota,SC NO,18,Both
Uttar Pradesh,All India Institute Of Medical Science(AIIMS),200513,"AIIMS, Gorakhpur , AIIMS Gorakhpur, Medical College Building, Kunraghat, Gorakhpur",Open Seat Quota,SC PH,1,Both
Uttar Pradesh,All India Institute Of Medical Science(AIIMS),200513,"AIIMS, Gorakhpur , AIIMS Gorakhpur, Medical College Building, Kunraghat, Gorakhpur",Open Seat Quota,ST NO,10,Both
Uttar Pradesh,All India Institute Of Medical Science(AIIMS),200516,"AIIMS, Rai Bareli , All India Institute of Medical Sciences Raebareli",Open Seat Quota,BC NO,32,Both
Uttar Pradesh,All India Institute Of Medical Science(AIIMS),200516,"AIIMS, Rai Bareli , All India Institute of Medical Sciences Raebareli",Open Seat Quota,BC PH,2,Both
Uttar Pradesh,All India Institute Of Medical Science(AIIMS),200516,"AIIMS, Rai Bareli , All India Institute of Medical Sciences Raebareli",Open Seat Quota,EW NO,13,Both
Uttar Pradesh,All India Institute Of Medical Science(AIIMS),200516,"AIIMS, Rai Bareli , All India Institute of Medical Sciences Raebareli",Open Seat Quota,OP NO,47,Both
Uttar Pradesh,All India Institute Of Medical Science(AIIMS),200516,"AIIMS, Rai Bareli , All India Institute of Medical Sciences Raebareli",Open Seat Quota,OP PH,3,Both
Uttar Pradesh,All India Institute Of Medical Science(AIIMS),200516,"AIIMS, Rai Bareli , All India Institute of Medical Sciences Raebareli",Open Seat Quota,SC NO,18,Both
Uttar Pradesh,All India Institute Of Medical Science(AIIMS),200516,"AIIMS, Rai Bareli , All India Institute of Medical Sciences Raebareli",Open Seat Quota,SC PH,1,Both
Uttar Pradesh,All India Institute Of Medical Science(AIIMS),200516,"AIIMS, Rai Bareli , All India Institute of Medical Sciences Raebareli",Open Seat Quota,ST NO,8,Both
Uttar Pradesh,All India Institute Of Medical Science(AIIMS),200516,"AIIMS, Rai Bareli , All India Institute of Medical Sciences Raebareli",Open Seat Quota,ST PH,1,Both
Uttar Pradesh,All India except Central University,902823,"Autonomous State Medical College Sultanpur, Autonomous State Medical College Dubepur Sultanpur",All India,BC NO,4,Both
Uttar Pradesh,All India except Central University,902823,"Autonomous State Medical College Sultanpur, Autonomous State Medical College Dubepur Sultanpur",All India,EW NO,2,Both
Uttar Pradesh,All India except Central University,902823,"Autonomous State Medical College Sultanpur, Autonomous State Medical College Dubepur Sultanpur",All India,OP NO,5,Both
Uttar Pradesh,All India except Central University,902823,"Autonomous State Medical College Sultanpur, Autonomous State Medical College Dubepur Sultanpur",All India,SC NO,3,Both
Uttar Pradesh,All India except Central University,902823,"Autonomous State Medical College Sultanpur, Autonomous State Medical College Dubepur Sultanpur",All India,ST NO,1,Both
Uttar Pradesh,All India except Central University,904370,"Autonomous state medical college Amethi, Autonomous State Medical College, Tiloi, Amethi, Uttar Pradesh, Pin code- 229309.",All India,BC NO,3,Both
Uttar Pradesh,All India except Central University,904370,"Autonomous state medical college Amethi, Autonomous State Medical College, Tiloi, Amethi, Uttar Pradesh, Pin code- 229309.",All India,BC PH,1,Both
Uttar Pradesh,All India except Central University,904370,"Autonomous state medical college Amethi, Autonomous State Medical College, Tiloi, Amethi, Uttar Pradesh, Pin code- 229309.",All India,EW NO,1,Both
Uttar Pradesh,All India except Central University,904370,"Autonomous state medical college Amethi, Autonomous State Medical College, Tiloi, Amethi, Uttar Pradesh, Pin code- 229309.",All India,OP NO,6,Both
Uttar Pradesh,All India except Central University,904370,"Autonomous state medical college Amethi, Autonomous State Medical College, Tiloi, Amethi, Uttar Pradesh, Pin code- 229309.",All India,SC NO,2,Both
Uttar Pradesh,All India except Central University,904370,"Autonomous state medical college Amethi, Autonomous State Medical College, Tiloi, Amethi, Uttar Pradesh, Pin code- 229309.",All India,ST NO,2,Both
Uttar Pradesh,All India except Central University,902861,"Autonomous State Medical College and Hospital Gonda, Chhavanni Sarkar Infront of Circuit House Gonda",All India,BC NO,4,Both
Uttar Pradesh,All India except Central University,902861,"Autonomous State Medical College and Hospital Gonda, Chhavanni Sarkar Infront of Circuit House Gonda",All India,EW NO,2,Both
Uttar Pradesh,All India except Central University,902861,"Autonomous State Medical College and Hospital Gonda, Chhavanni Sarkar Infront of Circuit House Gonda",All India,OP NO,6,Both
Uttar Pradesh,All India except Central University,902861,"Autonomous State Medical College and Hospital Gonda, Chhavanni Sarkar Infront of Circuit House Gonda",All India,SC NO,2,Both
Uttar Pradesh,All India except Central University,902861,"Autonomous State Medical College and Hospital Gonda, Chhavanni Sarkar Infront of Circuit House Gonda",All India,ST NO,1,Both
Uttar Pradesh,All India except Central University,902859,"Autonomous State Medical College and Hospital Kaushambi, Kadipur Manjhanpur Kaushambi District",All India,BC NO,4,Both
Uttar Pradesh,All India except Central University,902859,"Autonomous State Medical College and Hospital Kaushambi, Kadipur Manjhanpur Kaushambi District",All India,EW NO,1,Both
Uttar Pradesh,All India except Central University,902859,"Autonomous State Medical College and Hospital Kaushambi, Kadipur Manjhanpur Kaushambi District",All India,OP NO,6,Both
Uttar Pradesh,All India except Central University,902859,"Autonomous State Medical College and Hospital Kaushambi, Kadipur Manjhanpur Kaushambi District",All India,OP PH,1,Both
Uttar Pradesh,All India except Central University,902859,"Autonomous State Medical College and Hospital Kaushambi, Kadipur Manjhanpur Kaushambi District",All India,SC NO,2,Both
Uttar Pradesh,All India except Central University,902859,"Autonomous State Medical College and Hospital Kaushambi, Kadipur Manjhanpur Kaushambi District",All India,ST NO,1,Both
Uttar Pradesh,All India except Central University,902822,"Autonomous State Medical College Kushinagar, Autonomous State Medical Collage, Kubersthan Road, Harka, Kushinagar",All India,BC NO,4,Both
Uttar Pradesh,All India except Central University,902822,"Autonomous State Medical College Kushinagar, Autonomous State Medical Collage, Kubersthan Road, Harka, Kushinagar",All India,EW NO,2,Both
Uttar Pradesh,All India except Central University,902822,"Autonomous State Medical College Kushinagar, Autonomous State Medical Collage, Kubersthan Road, Harka, Kushinagar",All India,OP NO,5,Both
Uttar Pradesh,All India except Central University,902822,"Autonomous State Medical College Kushinagar, Autonomous State Medical Collage, Kubersthan Road, Harka, Kushinagar",All India,SC NO,3,Both
Uttar Pradesh,All India except Central University,902822,"Autonomous State Medical College Kushinagar, Autonomous State Medical Collage, Kubersthan Road, Harka, Kushinagar",All India,ST NO,1,Both
Uttar Pradesh,All India except Central University,902824,"Autonomous State Medical College Lalitpur, Amarpur Galla Mandi Jhansi Road Lalitpur",All India,BC NO,4,Both
Uttar Pradesh,All India except Central University,902824,"Autonomous State Medical College Lalitpur, Amarpur Galla Mandi Jhansi Road Lalitpur",All India,EW NO,1,Both
Uttar Pradesh,All India except Central University,902824,"Autonomous State Medical College Lalitpur, Amarpur Galla Mandi Jhansi Road Lalitpur",All India,OP NO,7,Both
Uttar Pradesh,All India except Central University,902824,"Autonomous State Medical College Lalitpur, Amarpur Galla Mandi Jhansi Road Lalitpur",All India,SC NO,2,Both
Uttar Pradesh,All India except Central University,902824,"Autonomous State Medical College Lalitpur, Amarpur Galla Mandi Jhansi Road Lalitpur",All India,ST NO,1,Both
Uttar Pradesh,All India except Central University,902813,"Autonomous State Medical College Pilibhit, SH26 Bithaura Kalan Puranpur Road Pilibhit",All India,BC NO,3,Both
Uttar Pradesh,All India except Central University,902813,"Autonomous State Medical College Pilibhit, SH26 Bithaura Kalan Puranpur Road Pilibhit",All India,BC PH,1,Both
Uttar Pradesh,All India except Central University,902813,"Autonomous State Medical College Pilibhit, SH26 Bithaura Kalan Puranpur Road Pilibhit",All India,EW NO,2,Both
Uttar Pradesh,All India except Central University,902813,"Autonomous State Medical College Pilibhit, SH26 Bithaura Kalan Puranpur Road Pilibhit",All India,OP NO,6,Both
Uttar Pradesh,All India except Central University,902813,"Autonomous State Medical College Pilibhit, SH26 Bithaura Kalan Puranpur Road Pilibhit",All India,SC NO,2,Both
Uttar Pradesh,All India except Central University,902813,"Autonomous State Medical College Pilibhit, SH26 Bithaura Kalan Puranpur Road Pilibhit",All India,ST NO,1,Both
Uttar Pradesh,All India except Central University,200554,"Autonomous State Medical College Pratapgarh, Pure Keshav Rai Gay Ghat Road Pratapgarh",All India,BC NO,4,Both
Uttar Pradesh,All India except Central University,200554,"Autonomous State Medical College Pratapgarh, Pure Keshav Rai Gay Ghat Road Pratapgarh",All India,EW NO,1,Both
Uttar Pradesh,All India except Central University,200554,"Autonomous State Medical College Pratapgarh, Pure Keshav Rai Gay Ghat Road Pratapgarh",All India,EW PH,1,Both
Uttar Pradesh,All India except Central University,200554,"Autonomous State Medical College Pratapgarh, Pure Keshav Rai Gay Ghat Road Pratapgarh",All India,OP NO,3,Both
Uttar Pradesh,All India except Central University,200554,"Autonomous State Medical College Pratapgarh, Pure Keshav Rai Gay Ghat Road Pratapgarh",All India,OP PH,1,Both
Uttar Pradesh,All India except Central University,200554,"Autonomous State Medical College Pratapgarh, Pure Keshav Rai Gay Ghat Road Pratapgarh",All India,SC NO,2,Both
Uttar Pradesh,All India except Central University,200554,"Autonomous State Medical College Pratapgarh, Pure Keshav Rai Gay Ghat Road Pratapgarh",All India,SC PH,1,Both
Uttar Pradesh,All India except Central University,200554,"Autonomous State Medical College Pratapgarh, Pure Keshav Rai Gay Ghat Road Pratapgarh",All India,ST NO,2,Both
Uttar Pradesh,All India except Central University,200556,"Autonomous State Medical College Society Ghazipur, R.T.I. Ground, Ghazipur (U.P) (233001)",All India,BC NO,4,Both
Uttar Pradesh,All India except Central University,200556,"Autonomous State Medical College Society Ghazipur, R.T.I. Ground, Ghazipur (U.P) (233001)",All India,EW NO,1,Both
Uttar Pradesh,All India except Central University,200556,"Autonomous State Medical College Society Ghazipur, R.T.I. Ground, Ghazipur (U.P) (233001)",All India,OP NO,8,Both
Uttar Pradesh,All India except Central University,200556,"Autonomous State Medical College Society Ghazipur, R.T.I. Ground, Ghazipur (U.P) (233001)",All India,SC NO,2,Both
Uttar Pradesh,All India except Central University,200552,"Autonomous State Medical College Society, Etah, Uttar Pradesh, NAGLA PADIHAR SIRAO MAHARARA LINK, PAC ROAD, SAKEET, ETAH,U.P.- 207001",All India,BC NO,4,Both
Uttar Pradesh,All India except Central University,200552,"Autonomous State Medical College Society, Etah, Uttar Pradesh, NAGLA PADIHAR SIRAO MAHARARA LINK, PAC ROAD, SAKEET, ETAH,U.P.- 207001",All India,EW NO,1,Both
Uttar Pradesh,All India except Central University,200552,"Autonomous State Medical College Society, Etah, Uttar Pradesh, NAGLA PADIHAR SIRAO MAHARARA LINK, PAC ROAD, SAKEET, ETAH,U.P.- 207001",All India,OP NO,6,Both
Uttar Pradesh,All India except Central University,200552,"Autonomous State Medical College Society, Etah, Uttar Pradesh, NAGLA PADIHAR SIRAO MAHARARA LINK, PAC ROAD, SAKEET, ETAH,U.P.- 207001",All India,SC NO,2,Both
Uttar Pradesh,All India except Central University,200552,"Autonomous State Medical College Society, Etah, Uttar Pradesh, NAGLA PADIHAR SIRAO MAHARARA LINK, PAC ROAD, SAKEET, ETAH,U.P.- 207001",All India,ST NO,2,Both
Uttar Pradesh,All India except Central University,200563,"Autonomous State Medical College Society, Fatehpur, Autonomous State Medical College Village chittaura near Allipur GT road fatehpur",All India,BC NO,4,Both
Uttar Pradesh,All India except Central University,200563,"Autonomous State Medical College Society, Fatehpur, Autonomous State Medical College Village chittaura near Allipur GT road fatehpur",All India,EW NO,2,Both
Uttar Pradesh,All India except Central University,200563,"Autonomous State Medical College Society, Fatehpur, Autonomous State Medical College Village chittaura near Allipur GT road fatehpur",All India,OP NO,5,Both
Uttar Pradesh,All India except Central University,200563,"Autonomous State Medical College Society, Fatehpur, Autonomous State Medical College Village chittaura near Allipur GT road fatehpur",All India,OP PH,1,Both
Uttar Pradesh,All India except Central University,200563,"Autonomous State Medical College Society, Fatehpur, Autonomous State Medical College Village chittaura near Allipur GT road fatehpur",All India,SC NO,2,Both
Uttar Pradesh,All India except Central University,200563,"Autonomous State Medical College Society, Fatehpur, Autonomous State Medical College Village chittaura near Allipur GT road fatehpur",All India,ST NO,1,Both
Uttar Pradesh,All India except Central University,200570,"Autonomous State Medical College Society, Hardoi, Gaura Danda, Sitapur Road, Hardoi",All India,BC NO,3,Both
Uttar Pradesh,All India except Central University,200570,"Autonomous State Medical College Society, Hardoi, Gaura Danda, Sitapur Road, Hardoi",All India,BC PH,1,Both
Uttar Pradesh,All India except Central University,200570,"Autonomous State Medical College Society, Hardoi, Gaura Danda, Sitapur Road, Hardoi",All India,EW NO,1,Both
Uttar Pradesh,All India except Central University,200570,"Autonomous State Medical College Society, Hardoi, Gaura Danda, Sitapur Road, Hardoi",All India,OP NO,7,Both
Uttar Pradesh,All India except Central University,200570,"Autonomous State Medical College Society, Hardoi, Gaura Danda, Sitapur Road, Hardoi",All India,SC NO,2,Both
Uttar Pradesh,All India except Central University,200570,"Autonomous State Medical College Society, Hardoi, Gaura Danda, Sitapur Road, Hardoi",All India,ST NO,1,Both
Uttar Pradesh,All India except Central University,902816,"Autonomous State Medical College, Akbarpur, Kanpur, Kumbhi, Akabarpur, Kanpur Dehat U.P.",All India,BC NO,5,Both
Uttar Pradesh,All India except Central University,902816,"Autonomous State Medical College, Akbarpur, Kanpur, Kumbhi, Akabarpur, Kanpur Dehat U.P.",All India,EW NO,1,Both
Uttar Pradesh,All India except Central University,902816,"Autonomous State Medical College, Akbarpur, Kanpur, Kumbhi, Akabarpur, Kanpur Dehat U.P.",All India,OP NO,5,Both
Uttar Pradesh,All India except Central University,902816,"Autonomous State Medical College, Akbarpur, Kanpur, Kumbhi, Akabarpur, Kanpur Dehat U.P.",All India,OP PH,1,Both
Uttar Pradesh,All India except Central University,902816,"Autonomous State Medical College, Akbarpur, Kanpur, Kumbhi, Akabarpur, Kanpur Dehat U.P.",All India,SC NO,2,Both
Uttar Pradesh,All India except Central University,902816,"Autonomous State Medical College, Akbarpur, Kanpur, Kumbhi, Akabarpur, Kanpur Dehat U.P.",All India,ST NO,1,Both
Uttar Pradesh,All India except Central University,200553,"Autonomous State Medical College, Siddharthnagar, Autonomous State Medical College Siddharthnagar 71 Ashok Marg Village Mudila Naugarh Uttar Prade",All India,BC NO,4,Both
Uttar Pradesh,All India except Central University,200553,"Autonomous State Medical College, Siddharthnagar, Autonomous State Medical College Siddharthnagar 71 Ashok Marg Village Mudila Naugarh Uttar Prade",All India,EW NO,2,Both
Uttar Pradesh,All India except Central University,200553,"Autonomous State Medical College, Siddharthnagar, Autonomous State Medical College Siddharthnagar 71 Ashok Marg Village Mudila Naugarh Uttar Prade",All India,OP NO,6,Both
Uttar Pradesh,All India except Central University,200553,"Autonomous State Medical College, Siddharthnagar, Autonomous State Medical College Siddharthnagar 71 Ashok Marg Village Mudila Naugarh Uttar Prade",All India,SC NO,2,Both
Uttar Pradesh,All India except Central University,200553,"Autonomous State Medical College, Siddharthnagar, Autonomous State Medical College Siddharthnagar 71 Ashok Marg Village Mudila Naugarh Uttar Prade",All India,ST NO,1,Both
Uttar Pradesh,All India except Central University,903362,"Autonomous State Medical College, Sonebhadra, Rounp Rd, Churk,Robertsganj, Sonebhadra",All India,BC NO,3,Both
Uttar Pradesh,All India except Central University,903362,"Autonomous State Medical College, Sonebhadra, Rounp Rd, Churk,Robertsganj, Sonebhadra",All India,BC PH,1,Both
Uttar Pradesh,All India except Central University,903362,"Autonomous State Medical College, Sonebhadra, Rounp Rd, Churk,Robertsganj, Sonebhadra",All India,EW NO,1,Both
Uttar Pradesh,All India except Central University,903362,"Autonomous State Medical College, Sonebhadra, Rounp Rd, Churk,Robertsganj, Sonebhadra",All India,OP NO,7,Both
Uttar Pradesh,All India except Central University,903362,"Autonomous State Medical College, Sonebhadra, Rounp Rd, Churk,Robertsganj, Sonebhadra",All India,SC NO,2,Both
Uttar Pradesh,All India except Central University,903362,"Autonomous State Medical College, Sonebhadra, Rounp Rd, Churk,Robertsganj, Sonebhadra",All India,ST NO,1,Both
Uttar Pradesh,All India except Central University,200574,"Autonomous State Society Medical College Mirzapur, MAA VINDHYAVASINI AUTONOMOUS STATE MEDICAL COLLEGE PIPARDARH, VISHUNDERPUR, MIRZAPUR",All India,BC NO,4,Both
Uttar Pradesh,All India except Central University,200574,"Autonomous State Society Medical College Mirzapur, MAA VINDHYAVASINI AUTONOMOUS STATE MEDICAL COLLEGE PIPARDARH, VISHUNDERPUR, MIRZAPUR",All India,EW NO,2,Both
Uttar Pradesh,All India except Central University,200574,"Autonomous State Society Medical College Mirzapur, MAA VINDHYAVASINI AUTONOMOUS STATE MEDICAL COLLEGE PIPARDARH, VISHUNDERPUR, MIRZAPUR",All India,OP NO,6,Both
Uttar Pradesh,All India except Central University,200574,"Autonomous State Society Medical College Mirzapur, MAA VINDHYAVASINI AUTONOMOUS STATE MEDICAL COLLEGE PIPARDARH, VISHUNDERPUR, MIRZAPUR",All India,SC NO,2,Both
Uttar Pradesh,All India except Central University,200574,"Autonomous State Society Medical College Mirzapur, MAA VINDHYAVASINI AUTONOMOUS STATE MEDICAL COLLEGE PIPARDARH, VISHUNDERPUR, MIRZAPUR",All India,ST NO,1,Both
Uttar Pradesh,All India except Central University,902863,"Baba Kina Ram Autonomous State Medical College and Hospital Chandauli , Baba kinaram autonomous state Medical college , Naubatpur ,Chandauli",All India,BC NO,4,Both
Uttar Pradesh,All India except Central University,902863,"Baba Kina Ram Autonomous State Medical College and Hospital Chandauli , Baba kinaram autonomous state Medical college , Naubatpur ,Chandauli",All India,EW NO,1,Both
Uttar Pradesh,All India except Central University,902863,"Baba Kina Ram Autonomous State Medical College and Hospital Chandauli , Baba kinaram autonomous state Medical college , Naubatpur ,Chandauli",All India,OP NO,4,Both
Uttar Pradesh,All India except Central University,902863,"Baba Kina Ram Autonomous State Medical College and Hospital Chandauli , Baba kinaram autonomous state Medical college , Naubatpur ,Chandauli",All India,OP PH,1,Both
Uttar Pradesh,All India except Central University,902863,"Baba Kina Ram Autonomous State Medical College and Hospital Chandauli , Baba kinaram autonomous state Medical college , Naubatpur ,Chandauli",All India,SC NO,2,Both
Uttar Pradesh,All India except Central University,902863,"Baba Kina Ram Autonomous State Medical College and Hospital Chandauli , Baba kinaram autonomous state Medical college , Naubatpur ,Chandauli",All India,SC PH,1,Both
Uttar Pradesh,All India except Central University,902863,"Baba Kina Ram Autonomous State Medical College and Hospital Chandauli , Baba kinaram autonomous state Medical college , Naubatpur ,Chandauli",All India,ST NO,1,Both
Uttar Pradesh,All India except Central University,902863,"Baba Kina Ram Autonomous State Medical College and Hospital Chandauli , Baba kinaram autonomous state Medical college , Naubatpur ,Chandauli",All India,ST PH,1,Both
Uttar Pradesh,All India except Central University,200286,"BRD Medical College, Gorakhpur, MAHARAJGANJ ROAD,GORAKHPUR",All India,BC NO,6,Both
Uttar Pradesh,All India except Central University,200286,"BRD Medical College, Gorakhpur, MAHARAJGANJ ROAD,GORAKHPUR",All India,EW NO,3,Both
Uttar Pradesh,All India except Central University,200286,"BRD Medical College, Gorakhpur, MAHARAJGANJ ROAD,GORAKHPUR",All India,OP NO,9,Both
Uttar Pradesh,All India except Central University,200286,"BRD Medical College, Gorakhpur, MAHARAJGANJ ROAD,GORAKHPUR",All India,SC NO,3,Both
Uttar Pradesh,All India except Central University,200286,"BRD Medical College, Gorakhpur, MAHARAJGANJ ROAD,GORAKHPUR",All India,ST NO,1,Both
Uttar Pradesh,All India except Central University,200293,"Dr. Bhimrao Ramji Ambedkar, Government Medical College, Kannauj, U.P., Tirwa Road, Kannauj",All India,BC NO,4,Both
Uttar Pradesh,All India except Central University,200293,"Dr. Bhimrao Ramji Ambedkar, Government Medical College, Kannauj, U.P., Tirwa Road, Kannauj",All India,EW NO,1,Both
Uttar Pradesh,All India except Central University,200293,"Dr. Bhimrao Ramji Ambedkar, Government Medical College, Kannauj, U.P., Tirwa Road, Kannauj",All India,OP NO,7,Both
Uttar Pradesh,All India except Central University,200293,"Dr. Bhimrao Ramji Ambedkar, Government Medical College, Kannauj, U.P., Tirwa Road, Kannauj",All India,SC NO,2,Both
Uttar Pradesh,All India except Central University,200293,"Dr. Bhimrao Ramji Ambedkar, Government Medical College, Kannauj, U.P., Tirwa Road, Kannauj",All India,ST NO,1,Both
Uttar Pradesh,All India except Central University,200287,"Dr. Ram Manohar Lohia Institute of Medical Sciences,Lucknow, Vibhuti Khand Gomti Nagar Lucknow",All India,BC NO,7,Both
Uttar Pradesh,All India except Central University,200287,"Dr. Ram Manohar Lohia Institute of Medical Sciences,Lucknow, Vibhuti Khand Gomti Nagar Lucknow",All India,BC PH,1,Both
Uttar Pradesh,All India except Central University,200287,"Dr. Ram Manohar Lohia Institute of Medical Sciences,Lucknow, Vibhuti Khand Gomti Nagar Lucknow",All India,EW NO,2,Both
Uttar Pradesh,All India except Central University,200287,"Dr. Ram Manohar Lohia Institute of Medical Sciences,Lucknow, Vibhuti Khand Gomti Nagar Lucknow",All India,EW PH,1,Both
Uttar Pradesh,All India except Central University,200287,"Dr. Ram Manohar Lohia Institute of Medical Sciences,Lucknow, Vibhuti Khand Gomti Nagar Lucknow",All India,OP NO,10,Both
Uttar Pradesh,All India except Central University,200287,"Dr. Ram Manohar Lohia Institute of Medical Sciences,Lucknow, Vibhuti Khand Gomti Nagar Lucknow",All India,OP PH,1,Both
Uttar Pradesh,All India except Central University,200287,"Dr. Ram Manohar Lohia Institute of Medical Sciences,Lucknow, Vibhuti Khand Gomti Nagar Lucknow",All India,SC NO,5,Both
Uttar Pradesh,All India except Central University,200287,"Dr. Ram Manohar Lohia Institute of Medical Sciences,Lucknow, Vibhuti Khand Gomti Nagar Lucknow",All India,ST NO,3,Both
Uttar Pradesh,All India except Central University,904362,"ESIC MEDICAL COLLEGE AND HOSPITAL, NOIDA, A-3, Tulsi Marg, Sector-24, Noida",All India,BC NO,2,Both
Uttar Pradesh,All India except Central University,904362,"ESIC MEDICAL COLLEGE AND HOSPITAL, NOIDA, A-3, Tulsi Marg, Sector-24, Noida",All India,EW NO,1,Both
Uttar Pradesh,All India except Central University,904362,"ESIC MEDICAL COLLEGE AND HOSPITAL, NOIDA, A-3, Tulsi Marg, Sector-24, Noida",All India,OP NO,3,Both
Uttar Pradesh,All India except Central University,904362,"ESIC MEDICAL COLLEGE AND HOSPITAL, NOIDA, A-3, Tulsi Marg, Sector-24, Noida",All India,SC NO,1,Both
Uttar Pradesh,All India except Central University,904362,"ESIC MEDICAL COLLEGE AND HOSPITAL, NOIDA, A-3, Tulsi Marg, Sector-24, Noida",Employees State Insurance Scheme(ESI),BC NO,6,Both
Uttar Pradesh,All India except Central University,904362,"ESIC MEDICAL COLLEGE AND HOSPITAL, NOIDA, A-3, Tulsi Marg, Sector-24, Noida",Employees State Insurance Scheme(ESI),EW NO,3,Both
Uttar Pradesh,All India except Central University,904362,"ESIC MEDICAL COLLEGE AND HOSPITAL, NOIDA, A-3, Tulsi Marg, Sector-24, Noida",Employees State Insurance Scheme(ESI),OP NO,9,Both
Uttar Pradesh,All India except Central University,904362,"ESIC MEDICAL COLLEGE AND HOSPITAL, NOIDA, A-3, Tulsi Marg, Sector-24, Noida",Employees State Insurance Scheme(ESI),OP PH,1,Both
Uttar Pradesh,All India except Central University,904362,"ESIC MEDICAL COLLEGE AND HOSPITAL, NOIDA, A-3, Tulsi Marg, Sector-24, Noida",Employees State Insurance Scheme(ESI),SC NO,3,Both
Uttar Pradesh,All India except Central University,904362,"ESIC MEDICAL COLLEGE AND HOSPITAL, NOIDA, A-3, Tulsi Marg, Sector-24, Noida",Employees State Insurance Scheme(ESI),SC PH,1,Both
Uttar Pradesh,All India except Central University,904362,"ESIC MEDICAL COLLEGE AND HOSPITAL, NOIDA, A-3, Tulsi Marg, Sector-24, Noida",Employees State Insurance Scheme(ESI),ST NO,2,Both
Uttar Pradesh,All India except Central University,904551,"ESIC Medical College and Hospital, VARANASI, ESIC MEDICAL COLLEGE AND HOSPITAL, PANDEYPUR,VARANASI U. P. 221002",All India,BC NO,2,Both
Uttar Pradesh,All India except Central University,904551,"ESIC Medical College and Hospital, VARANASI, ESIC MEDICAL COLLEGE AND HOSPITAL, PANDEYPUR,VARANASI U. P. 221002",All India,OP NO,3,Both
Uttar Pradesh,All India except Central University,904551,"ESIC Medical College and Hospital, VARANASI, ESIC MEDICAL COLLEGE AND HOSPITAL, PANDEYPUR,VARANASI U. P. 221002",All India,SC NO,1,Both
Uttar Pradesh,All India except Central University,904551,"ESIC Medical College and Hospital, VARANASI, ESIC MEDICAL COLLEGE AND HOSPITAL, PANDEYPUR,VARANASI U. P. 221002",All India,ST NO,1,Both
Uttar Pradesh,All India except Central University,904551,"ESIC Medical College and Hospital, VARANASI, ESIC MEDICAL COLLEGE AND HOSPITAL, PANDEYPUR,VARANASI U. P. 221002",Employees State Insurance Scheme(ESI),BC NO,7,Both
Uttar Pradesh,All India except Central University,904551,"ESIC Medical College and Hospital, VARANASI, ESIC MEDICAL COLLEGE AND HOSPITAL, PANDEYPUR,VARANASI U. P. 221002",Employees State Insurance Scheme(ESI),EW NO,3,Both
Uttar Pradesh,All India except Central University,904551,"ESIC Medical College and Hospital, VARANASI, ESIC MEDICAL COLLEGE AND HOSPITAL, PANDEYPUR,VARANASI U. P. 221002",Employees State Insurance Scheme(ESI),OP NO,9,Both
Uttar Pradesh,All India except Central University,904551,"ESIC Medical College and Hospital, VARANASI, ESIC MEDICAL COLLEGE AND HOSPITAL, PANDEYPUR,VARANASI U. P. 221002",Employees State Insurance Scheme(ESI),SC NO,4,Both
Uttar Pradesh,All India except Central University,904551,"ESIC Medical College and Hospital, VARANASI, ESIC MEDICAL COLLEGE AND HOSPITAL, PANDEYPUR,VARANASI U. P. 221002",Employees State Insurance Scheme(ESI),ST NO,2,Both
Uttar Pradesh,All India except Central University,200292,"Government Allopathic Medical College, Banda, UP, RANI DURGAVATI MEDICAL COLLEGE, NARAINI ROAD, BANDA-210001",All India,BC NO,3,Both
Uttar Pradesh,All India except Central University,200292,"Government Allopathic Medical College, Banda, UP, RANI DURGAVATI MEDICAL COLLEGE, NARAINI ROAD, BANDA-210001",All India,EW NO,2,Both
Uttar Pradesh,All India except Central University,200292,"Government Allopathic Medical College, Banda, UP, RANI DURGAVATI MEDICAL COLLEGE, NARAINI ROAD, BANDA-210001",All India,OP NO,6,Both
Uttar Pradesh,All India except Central University,200292,"Government Allopathic Medical College, Banda, UP, RANI DURGAVATI MEDICAL COLLEGE, NARAINI ROAD, BANDA-210001",All India,OP PH,1,Both
Uttar Pradesh,All India except Central University,200292,"Government Allopathic Medical College, Banda, UP, RANI DURGAVATI MEDICAL COLLEGE, NARAINI ROAD, BANDA-210001",All India,SC NO,2,Both
Uttar Pradesh,All India except Central University,200292,"Government Allopathic Medical College, Banda, UP, RANI DURGAVATI MEDICAL COLLEGE, NARAINI ROAD, BANDA-210001",All India,ST NO,1,Both
Uttar Pradesh,All India except Central University,200486,"Government Institute of Medical Sciences, Kasna, Greater Noida, GOVERNMENT INSTITUTE OF MEDICAL SCIENCES GREATER NOIDA GAUTAM BUDH NAGAR UTTAR PRADESH",All India,BC NO,5,Both
Uttar Pradesh,All India except Central University,200486,"Government Institute of Medical Sciences, Kasna, Greater Noida, GOVERNMENT INSTITUTE OF MEDICAL SCIENCES GREATER NOIDA GAUTAM BUDH NAGAR UTTAR PRADESH",All India,EW NO,1,Both
Uttar Pradesh,All India except Central University,200486,"Government Institute of Medical Sciences, Kasna, Greater Noida, GOVERNMENT INSTITUTE OF MEDICAL SCIENCES GREATER NOIDA GAUTAM BUDH NAGAR UTTAR PRADESH",All India,OP NO,6,Both
Uttar Pradesh,All India except Central University,200486,"Government Institute of Medical Sciences, Kasna, Greater Noida, GOVERNMENT INSTITUTE OF MEDICAL SCIENCES GREATER NOIDA GAUTAM BUDH NAGAR UTTAR PRADESH",All India,SC NO,2,Both
Uttar Pradesh,All India except Central University,200486,"Government Institute of Medical Sciences, Kasna, Greater Noida, GOVERNMENT INSTITUTE OF MEDICAL SCIENCES GREATER NOIDA GAUTAM BUDH NAGAR UTTAR PRADESH",All India,ST NO,1,Both
Uttar Pradesh,All India except Central University,200290,"Government Medical College & Super facility Hospital, Azamgarh, Government Medical College and Super Facility Hospital Chakrapanpur Post Office-Kanaila, Azamgarh",All India,BC NO,3,Both
Uttar Pradesh,All India except Central University,200290,"Government Medical College & Super facility Hospital, Azamgarh, Government Medical College and Super Facility Hospital Chakrapanpur Post Office-Kanaila, Azamgarh",All India,BC PH,1,Both
Uttar Pradesh,All India except Central University,200290,"Government Medical College & Super facility Hospital, Azamgarh, Government Medical College and Super Facility Hospital Chakrapanpur Post Office-Kanaila, Azamgarh",All India,EW NO,2,Both
Uttar Pradesh,All India except Central University,200290,"Government Medical College & Super facility Hospital, Azamgarh, Government Medical College and Super Facility Hospital Chakrapanpur Post Office-Kanaila, Azamgarh",All India,OP NO,5,Both
Uttar Pradesh,All India except Central University,200290,"Government Medical College & Super facility Hospital, Azamgarh, Government Medical College and Super Facility Hospital Chakrapanpur Post Office-Kanaila, Azamgarh",All India,SC NO,2,Both
Uttar Pradesh,All India except Central University,200290,"Government Medical College & Super facility Hospital, Azamgarh, Government Medical College and Super Facility Hospital Chakrapanpur Post Office-Kanaila, Azamgarh",All India,SC PH,1,Both
Uttar Pradesh,All India except Central University,200290,"Government Medical College & Super facility Hospital, Azamgarh, Government Medical College and Super Facility Hospital Chakrapanpur Post Office-Kanaila, Azamgarh",All India,ST NO,1,Both
Uttar Pradesh,All India except Central University,200493,"Government Medical College, Badaun, U.P., Gunera Wazidpur Ujhani Road Badaun U.P. 243601",All India,BC NO,4,Both
Uttar Pradesh,All India except Central University,200493,"Government Medical College, Badaun, U.P., Gunera Wazidpur Ujhani Road Badaun U.P. 243601",All India,EW NO,2,Both
Uttar Pradesh,All India except Central University,200493,"Government Medical College, Badaun, U.P., Gunera Wazidpur Ujhani Road Badaun U.P. 243601",All India,OP NO,6,Both
Uttar Pradesh,All India except Central University,200493,"Government Medical College, Badaun, U.P., Gunera Wazidpur Ujhani Road Badaun U.P. 243601",All India,SC NO,2,Both
Uttar Pradesh,All India except Central University,200493,"Government Medical College, Badaun, U.P., Gunera Wazidpur Ujhani Road Badaun U.P. 243601",All India,ST NO,1,Both
Uttar Pradesh,All India except Central University,200489,"Government Medical College, Faizabad, GANJA PARGANA- HAVELI AWADH, TAHSIL- SADAR AYODHYA (FAIZABAD)",All India,BC NO,4,Both
Uttar Pradesh,All India except Central University,200489,"Government Medical College, Faizabad, GANJA PARGANA- HAVELI AWADH, TAHSIL- SADAR AYODHYA (FAIZABAD)",All India,EW NO,1,Both
Uttar Pradesh,All India except Central University,200489,"Government Medical College, Faizabad, GANJA PARGANA- HAVELI AWADH, TAHSIL- SADAR AYODHYA (FAIZABAD)",All India,OP NO,6,Both
Uttar Pradesh,All India except Central University,200489,"Government Medical College, Faizabad, GANJA PARGANA- HAVELI AWADH, TAHSIL- SADAR AYODHYA (FAIZABAD)",All India,OP PH,1,Both
Uttar Pradesh,All India except Central University,200489,"Government Medical College, Faizabad, GANJA PARGANA- HAVELI AWADH, TAHSIL- SADAR AYODHYA (FAIZABAD)",All India,SC NO,2,Both
Uttar Pradesh,All India except Central University,200489,"Government Medical College, Faizabad, GANJA PARGANA- HAVELI AWADH, TAHSIL- SADAR AYODHYA (FAIZABAD)",All India,ST NO,1,Both
Uttar Pradesh,All India except Central University,200473,"Government Medical College, Firozabad, DAULATTAPUR JALESHAR ROAD NARKHI FIROZABAD",All India,BC NO,4,Both
Uttar Pradesh,All India except Central University,200473,"Government Medical College, Firozabad, DAULATTAPUR JALESHAR ROAD NARKHI FIROZABAD",All India,EW NO,1,Both
Uttar Pradesh,All India except Central University,200473,"Government Medical College, Firozabad, DAULATTAPUR JALESHAR ROAD NARKHI FIROZABAD",All India,OP NO,6,Both
Uttar Pradesh,All India except Central University,200473,"Government Medical College, Firozabad, DAULATTAPUR JALESHAR ROAD NARKHI FIROZABAD",All India,SC NO,3,Both
Uttar Pradesh,All India except Central University,200473,"Government Medical College, Firozabad, DAULATTAPUR JALESHAR ROAD NARKHI FIROZABAD",All India,ST NO,1,Both
Uttar Pradesh,All India except Central University,200490,"Government Medical College, Rampur, Basti, RAMPUR TAHSIL SADAR BASTI BASTI",All India,BC NO,4,Both
Uttar Pradesh,All India except Central University,200490,"Government Medical College, Rampur, Basti, RAMPUR TAHSIL SADAR BASTI BASTI",All India,EW NO,2,Both
Uttar Pradesh,All India except Central University,200490,"Government Medical College, Rampur, Basti, RAMPUR TAHSIL SADAR BASTI BASTI",All India,OP NO,6,Both
Uttar Pradesh,All India except Central University,200490,"Government Medical College, Rampur, Basti, RAMPUR TAHSIL SADAR BASTI BASTI",All India,SC NO,2,Both
Uttar Pradesh,All India except Central University,200490,"Government Medical College, Rampur, Basti, RAMPUR TAHSIL SADAR BASTI BASTI",All India,ST NO,1,Both
Uttar Pradesh,All India except Central University,200491,"Government Medical College, Shahjahanpur, UP, AUTONOMOUS STATE MEDICAL COLLEGE ALLIED PANDIT RAM PRASAD BISMIL HOSPITAL SHAHJAHANPUR UTTAR PRADESH",All India,BC NO,3,Both
Uttar Pradesh,All India except Central University,200491,"Government Medical College, Shahjahanpur, UP, AUTONOMOUS STATE MEDICAL COLLEGE ALLIED PANDIT RAM PRASAD BISMIL HOSPITAL SHAHJAHANPUR UTTAR PRADESH",All India,BC PH,1,Both
Uttar Pradesh,All India except Central University,200491,"Government Medical College, Shahjahanpur, UP, AUTONOMOUS STATE MEDICAL COLLEGE ALLIED PANDIT RAM PRASAD BISMIL HOSPITAL SHAHJAHANPUR UTTAR PRADESH",All India,EW NO,2,Both
Uttar Pradesh,All India except Central University,200491,"Government Medical College, Shahjahanpur, UP, AUTONOMOUS STATE MEDICAL COLLEGE ALLIED PANDIT RAM PRASAD BISMIL HOSPITAL SHAHJAHANPUR UTTAR PRADESH",All India,OP NO,4,Both
Uttar Pradesh,All India except Central University,200491,"Government Medical College, Shahjahanpur, UP, AUTONOMOUS STATE MEDICAL COLLEGE ALLIED PANDIT RAM PRASAD BISMIL HOSPITAL SHAHJAHANPUR UTTAR PRADESH",All India,OP PH,1,Both
Uttar Pradesh,All India except Central University,200491,"Government Medical College, Shahjahanpur, UP, AUTONOMOUS STATE MEDICAL COLLEGE ALLIED PANDIT RAM PRASAD BISMIL HOSPITAL SHAHJAHANPUR UTTAR PRADESH",All India,SC NO,2,Both
Uttar Pradesh,All India except Central University,200491,"Government Medical College, Shahjahanpur, UP, AUTONOMOUS STATE MEDICAL COLLEGE ALLIED PANDIT RAM PRASAD BISMIL HOSPITAL SHAHJAHANPUR UTTAR PRADESH",All India,ST NO,2,Both
Uttar Pradesh,All India except Central University,200289,"GSVM Medical College, Kanpur, G.S.V.M Medical College Kanpur Swaroop Nagar Kanpur U.P 208002",All India,BC NO,10,Both
Uttar Pradesh,All India except Central University,200289,"GSVM Medical College, Kanpur, G.S.V.M Medical College Kanpur Swaroop Nagar Kanpur U.P 208002",All India,EW NO,3,Both
Uttar Pradesh,All India except Central University,200289,"GSVM Medical College, Kanpur, G.S.V.M Medical College Kanpur Swaroop Nagar Kanpur U.P 208002",All India,OP NO,16,Both
Uttar Pradesh,All India except Central University,200289,"GSVM Medical College, Kanpur, G.S.V.M Medical College Kanpur Swaroop Nagar Kanpur U.P 208002",All India,SC NO,6,Both
Uttar Pradesh,All India except Central University,200289,"GSVM Medical College, Kanpur, G.S.V.M Medical College Kanpur Swaroop Nagar Kanpur U.P 208002",All India,ST NO,2,Both
Uttar Pradesh,Central University,200405,"Institute of Medical Sciences, BHU, Varansi, Institute of Medical Sciences, Banaras Hindu University",Open Seat Quota,BC NO,25,Both
Uttar Pradesh,Central University,200405,"Institute of Medical Sciences, BHU, Varansi, Institute of Medical Sciences, Banaras Hindu University",Open Seat Quota,BC PH,2,Both
Uttar Pradesh,Central University,200405,"Institute of Medical Sciences, BHU, Varansi, Institute of Medical Sciences, Banaras Hindu University",Open Seat Quota,EW NO,9,Both
Uttar Pradesh,Central University,200405,"Institute of Medical Sciences, BHU, Varansi, Institute of Medical Sciences, Banaras Hindu University",Open Seat Quota,EW PH,1,Both
Uttar Pradesh,Central University,200405,"Institute of Medical Sciences, BHU, Varansi, Institute of Medical Sciences, Banaras Hindu University",Open Seat Quota,OP NO,38,Both
Uttar Pradesh,Central University,200405,"Institute of Medical Sciences, BHU, Varansi, Institute of Medical Sciences, Banaras Hindu University",Open Seat Quota,OP PH,2,Both
Uttar Pradesh,Central University,200405,"Institute of Medical Sciences, BHU, Varansi, Institute of Medical Sciences, Banaras Hindu University",Open Seat Quota,SC NO,14,Both
Uttar Pradesh,Central University,200405,"Institute of Medical Sciences, BHU, Varansi, Institute of Medical Sciences, Banaras Hindu University",Open Seat Quota,SC PH,1,Both
Uttar Pradesh,Central University,200405,"Institute of Medical Sciences, BHU, Varansi, Institute of Medical Sciences, Banaras Hindu University",Open Seat Quota,ST NO,8,Both
Uttar Pradesh,Central University,200406,"Jawaharlal Nehru Medical College, Aligarh, ALIGARH MUSLIM UNIVERSITY, ALIGARH",Aligarh Muslim University (AMU) Quota,OP NO,69,Both
Uttar Pradesh,Central University,200406,"Jawaharlal Nehru Medical College, Aligarh, ALIGARH MUSLIM UNIVERSITY, ALIGARH",Aligarh Muslim University (AMU) Quota,OP PH,4,Both
Uttar Pradesh,Central University,200406,"Jawaharlal Nehru Medical College, Aligarh, ALIGARH MUSLIM UNIVERSITY, ALIGARH",Non-Resident Indian(AMU)Quota,OP NO,5,Both
Uttar Pradesh,Central University,200406,"Jawaharlal Nehru Medical College, Aligarh, ALIGARH MUSLIM UNIVERSITY, ALIGARH",Open Seat Quota,OP NO,68,Both
Uttar Pradesh,Central University,200406,"Jawaharlal Nehru Medical College, Aligarh, ALIGARH MUSLIM UNIVERSITY, ALIGARH",Open Seat Quota,OP PH,4,Both
Uttar Pradesh,All India except Central University,902815,"Kalyan Singh Government Medical College, 339, CHANDPUR ROAD, NEAR SADAR TEHSIL, BULANDSHAHR",All India,BC NO,4,Both
Uttar Pradesh,All India except Central University,902815,"Kalyan Singh Government Medical College, 339, CHANDPUR ROAD, NEAR SADAR TEHSIL, BULANDSHAHR",All India,EW NO,1,Both
Uttar Pradesh,All India except Central University,902815,"Kalyan Singh Government Medical College, 339, CHANDPUR ROAD, NEAR SADAR TEHSIL, BULANDSHAHR",All India,EW PH,1,Both
Uttar Pradesh,All India except Central University,902815,"Kalyan Singh Government Medical College, 339, CHANDPUR ROAD, NEAR SADAR TEHSIL, BULANDSHAHR",All India,OP NO,4,Both
Uttar Pradesh,All India except Central University,902815,"Kalyan Singh Government Medical College, 339, CHANDPUR ROAD, NEAR SADAR TEHSIL, BULANDSHAHR",All India,OP PH,1,Both
Uttar Pradesh,All India except Central University,902815,"Kalyan Singh Government Medical College, 339, CHANDPUR ROAD, NEAR SADAR TEHSIL, BULANDSHAHR",All India,SC NO,1,Both
Uttar Pradesh,All India except Central University,902815,"Kalyan Singh Government Medical College, 339, CHANDPUR ROAD, NEAR SADAR TEHSIL, BULANDSHAHR",All India,SC PH,1,Both
Uttar Pradesh,All India except Central University,902815,"Kalyan Singh Government Medical College, 339, CHANDPUR ROAD, NEAR SADAR TEHSIL, BULANDSHAHR",All India,ST NO,1,Both
Uttar Pradesh,All India except Central University,902815,"Kalyan Singh Government Medical College, 339, CHANDPUR ROAD, NEAR SADAR TEHSIL, BULANDSHAHR",All India,ST PH,1,Both
Uttar Pradesh,All India except Central University,200296,"King George Medical University, Lucknow, SHAHMINA ROAD, CHOWK, LUCKNOW, Uttar Pradesh, 226003",All India,BC NO,9,Both
Uttar Pradesh,All India except Central University,200296,"King George Medical University, Lucknow, SHAHMINA ROAD, CHOWK, LUCKNOW, Uttar Pradesh, 226003",All India,BC PH,1,Both
Uttar Pradesh,All India except Central University,200296,"King George Medical University, Lucknow, SHAHMINA ROAD, CHOWK, LUCKNOW, Uttar Pradesh, 226003",All India,EW NO,3,Both
Uttar Pradesh,All India except Central University,200296,"King George Medical University, Lucknow, SHAHMINA ROAD, CHOWK, LUCKNOW, Uttar Pradesh, 226003",All India,OP NO,16,Both
Uttar Pradesh,All India except Central University,200296,"King George Medical University, Lucknow, SHAHMINA ROAD, CHOWK, LUCKNOW, Uttar Pradesh, 226003",All India,OP PH,1,Both
Uttar Pradesh,All India except Central University,200296,"King George Medical University, Lucknow, SHAHMINA ROAD, CHOWK, LUCKNOW, Uttar Pradesh, 226003",All India,SC NO,5,Both
Uttar Pradesh,All India except Central University,200296,"King George Medical University, Lucknow, SHAHMINA ROAD, CHOWK, LUCKNOW, Uttar Pradesh, 226003",All India,ST NO,2,Both
Uttar Pradesh,All India except Central University,200297,"LLRM Medical College, Meerut, LALA LAJPAT RAI MEMORIAL, MEDICAL COLLEGE, GARH ROAD, MEERUT",All India,BC NO,6,Both
Uttar Pradesh,All India except Central University,200297,"LLRM Medical College, Meerut, LALA LAJPAT RAI MEMORIAL, MEDICAL COLLEGE, GARH ROAD, MEERUT",All India,EW NO,2,Both
Uttar Pradesh,All India except Central University,200297,"LLRM Medical College, Meerut, LALA LAJPAT RAI MEMORIAL, MEDICAL COLLEGE, GARH ROAD, MEERUT",All India,OP NO,8,Both
Uttar Pradesh,All India except Central University,200297,"LLRM Medical College, Meerut, LALA LAJPAT RAI MEMORIAL, MEDICAL COLLEGE, GARH ROAD, MEERUT",All India,SC NO,4,Both
Uttar Pradesh,All India except Central University,200297,"LLRM Medical College, Meerut, LALA LAJPAT RAI MEMORIAL, MEDICAL COLLEGE, GARH ROAD, MEERUT",All India,ST NO,2,Both
Uttar Pradesh,All India except Central University,200300,"Mahamaya Rajkiya Allopathic Medical College, Ambedkarnagar, VILLAGE SADDARPUR POST SURAPUR DISTRICT AMBEDKAR NAGAR",All India,BC NO,4,Both
Uttar Pradesh,All India except Central University,200300,"Mahamaya Rajkiya Allopathic Medical College, Ambedkarnagar, VILLAGE SADDARPUR POST SURAPUR DISTRICT AMBEDKAR NAGAR",All India,EW NO,2,Both
Uttar Pradesh,All India except Central University,200300,"Mahamaya Rajkiya Allopathic Medical College, Ambedkarnagar, VILLAGE SADDARPUR POST SURAPUR DISTRICT AMBEDKAR NAGAR",All India,OP NO,6,Both
Uttar Pradesh,All India except Central University,200300,"Mahamaya Rajkiya Allopathic Medical College, Ambedkarnagar, VILLAGE SADDARPUR POST SURAPUR DISTRICT AMBEDKAR NAGAR",All India,SC NO,2,Both
Uttar Pradesh,All India except Central University,200300,"Mahamaya Rajkiya Allopathic Medical College, Ambedkarnagar, VILLAGE SADDARPUR POST SURAPUR DISTRICT AMBEDKAR NAGAR",All India,ST NO,1,Both
Uttar Pradesh,All India except Central University,200298,"Maharani Laxmi Bai Medical College, Jhansi, M.L.B. MEDICAL COLLEGE, KANPUR ROAD, JHANSI",All India,BC NO,5,Both
Uttar Pradesh,All India except Central University,200298,"Maharani Laxmi Bai Medical College, Jhansi, M.L.B. MEDICAL COLLEGE, KANPUR ROAD, JHANSI",All India,BC PH,1,Both
Uttar Pradesh,All India except Central University,200298,"Maharani Laxmi Bai Medical College, Jhansi, M.L.B. MEDICAL COLLEGE, KANPUR ROAD, JHANSI",All India,EW NO,3,Both
Uttar Pradesh,All India except Central University,200298,"Maharani Laxmi Bai Medical College, Jhansi, M.L.B. MEDICAL COLLEGE, KANPUR ROAD, JHANSI",All India,OP NO,7,Both
Uttar Pradesh,All India except Central University,200298,"Maharani Laxmi Bai Medical College, Jhansi, M.L.B. MEDICAL COLLEGE, KANPUR ROAD, JHANSI",All India,OP PH,1,Both
Uttar Pradesh,All India except Central University,200298,"Maharani Laxmi Bai Medical College, Jhansi, M.L.B. MEDICAL COLLEGE, KANPUR ROAD, JHANSI",All India,SC NO,4,Both
Uttar Pradesh,All India except Central University,200298,"Maharani Laxmi Bai Medical College, Jhansi, M.L.B. MEDICAL COLLEGE, KANPUR ROAD, JHANSI",All India,ST NO,2,Both
Uttar Pradesh,All India except Central University,200549,"Maharshi Devraha Baba Autonomous State Medical College, Deoria, 207 Hospital Road Saket nagar Deoria",All India,BC NO,4,Both
Uttar Pradesh,All India except Central University,200549,"Maharshi Devraha Baba Autonomous State Medical College, Deoria, 207 Hospital Road Saket nagar Deoria",All India,EW NO,1,Both
Uttar Pradesh,All India except Central University,200549,"Maharshi Devraha Baba Autonomous State Medical College, Deoria, 207 Hospital Road Saket nagar Deoria",All India,OP NO,7,Both
Uttar Pradesh,All India except Central University,200549,"Maharshi Devraha Baba Autonomous State Medical College, Deoria, 207 Hospital Road Saket nagar Deoria",All India,SC NO,2,Both
Uttar Pradesh,All India except Central University,200549,"Maharshi Devraha Baba Autonomous State Medical College, Deoria, 207 Hospital Road Saket nagar Deoria",All India,ST NO,1,Both
Uttar Pradesh,All India except Central University,902814,"Mahatma Vidur Autonomous State Medical College, Mahatma Vidur Autonomous State Medical College, Village Madhusudanpur Devidas, Post Kiratpur, Naziba",All India,BC NO,4,Both
Uttar Pradesh,All India except Central University,902814,"Mahatma Vidur Autonomous State Medical College, Mahatma Vidur Autonomous State Medical College, Village Madhusudanpur Devidas, Post Kiratpur, Naziba",All India,EW NO,1,Both
Uttar Pradesh,All India except Central University,902814,"Mahatma Vidur Autonomous State Medical College, Mahatma Vidur Autonomous State Medical College, Village Madhusudanpur Devidas, Post Kiratpur, Naziba",All India,OP NO,7,Both
Uttar Pradesh,All India except Central University,902814,"Mahatma Vidur Autonomous State Medical College, Mahatma Vidur Autonomous State Medical College, Village Madhusudanpur Devidas, Post Kiratpur, Naziba",All India,SC NO,2,Both
Uttar Pradesh,All India except Central University,902814,"Mahatma Vidur Autonomous State Medical College, Mahatma Vidur Autonomous State Medical College, Village Madhusudanpur Devidas, Post Kiratpur, Naziba",All India,ST NO,1,Both
Uttar Pradesh,All India except Central University,200299,"Moti Lal Nehru Medical College, Allahabad, Principal Office Moti Lal Nehru Medical College, Lowther Road George Town Prayagraj",All India,BC NO,8,Both
Uttar Pradesh,All India except Central University,200299,"Moti Lal Nehru Medical College, Allahabad, Principal Office Moti Lal Nehru Medical College, Lowther Road George Town Prayagraj",All India,EW NO,3,Both
Uttar Pradesh,All India except Central University,200299,"Moti Lal Nehru Medical College, Allahabad, Principal Office Moti Lal Nehru Medical College, Lowther Road George Town Prayagraj",All India,OP NO,12,Both
Uttar Pradesh,All India except Central University,200299,"Moti Lal Nehru Medical College, Allahabad, Principal Office Moti Lal Nehru Medical College, Lowther Road George Town Prayagraj",All India,OP PH,1,Both
Uttar Pradesh,All India except Central University,200299,"Moti Lal Nehru Medical College, Allahabad, Principal Office Moti Lal Nehru Medical College, Lowther Road George Town Prayagraj",All India,SC NO,3,Both
Uttar Pradesh,All India except Central University,200299,"Moti Lal Nehru Medical College, Allahabad, Principal Office Moti Lal Nehru Medical College, Lowther Road George Town Prayagraj",All India,SC PH,1,Both
Uttar Pradesh,All India except Central University,200299,"Moti Lal Nehru Medical College, Allahabad, Principal Office Moti Lal Nehru Medical College, Lowther Road George Town Prayagraj",All India,ST NO,2,Both
Uttar Pradesh,All India except Central University,902860,"Punyashloka Lokmata Devi Ahilyabai Holkar Autonomous State Medical College Auraiya, Sehud Auraiya",All India,BC NO,3,Both
Uttar Pradesh,All India except Central University,902860,"Punyashloka Lokmata Devi Ahilyabai Holkar Autonomous State Medical College Auraiya, Sehud Auraiya",All India,BC PH,1,Both
Uttar Pradesh,All India except Central University,902860,"Punyashloka Lokmata Devi Ahilyabai Holkar Autonomous State Medical College Auraiya, Sehud Auraiya",All India,EW NO,2,Both
Uttar Pradesh,All India except Central University,902860,"Punyashloka Lokmata Devi Ahilyabai Holkar Autonomous State Medical College Auraiya, Sehud Auraiya",All India,OP NO,5,Both
Uttar Pradesh,All India except Central University,902860,"Punyashloka Lokmata Devi Ahilyabai Holkar Autonomous State Medical College Auraiya, Sehud Auraiya",All India,SC NO,3,Both
Uttar Pradesh,All India except Central University,902860,"Punyashloka Lokmata Devi Ahilyabai Holkar Autonomous State Medical College Auraiya, Sehud Auraiya",All India,ST NO,1,Both
Uttar Pradesh,All India except Central University,200492,"Rajkiya Allopathic Medical College, Bahraich, UP, K.D.C Road Bahraich-271801",All India,BC NO,5,Both
Uttar Pradesh,All India except Central University,200492,"Rajkiya Allopathic Medical College, Bahraich, UP, K.D.C Road Bahraich-271801",All India,EW NO,1,Both
Uttar Pradesh,All India except Central University,200492,"Rajkiya Allopathic Medical College, Bahraich, UP, K.D.C Road Bahraich-271801",All India,OP NO,5,Both
Uttar Pradesh,All India except Central University,200492,"Rajkiya Allopathic Medical College, Bahraich, UP, K.D.C Road Bahraich-271801",All India,SC NO,2,Both
Uttar Pradesh,All India except Central University,200492,"Rajkiya Allopathic Medical College, Bahraich, UP, K.D.C Road Bahraich-271801",All India,ST NO,2,Both
Uttar Pradesh,All India except Central University,200291,"Rajkiya Medical College Jalaun, Orai, Uttar Pradesh, Kalpi Road Orai Jalaun",All India,BC NO,4,Both
Uttar Pradesh,All India except Central University,200291,"Rajkiya Medical College Jalaun, Orai, Uttar Pradesh, Kalpi Road Orai Jalaun",All India,EW NO,1,Both
Uttar Pradesh,All India except Central University,200291,"Rajkiya Medical College Jalaun, Orai, Uttar Pradesh, Kalpi Road Orai Jalaun",All India,EW PH,1,Both
Uttar Pradesh,All India except Central University,200291,"Rajkiya Medical College Jalaun, Orai, Uttar Pradesh, Kalpi Road Orai Jalaun",All India,OP NO,5,Both
Uttar Pradesh,All India except Central University,200291,"Rajkiya Medical College Jalaun, Orai, Uttar Pradesh, Kalpi Road Orai Jalaun",All India,OP PH,1,Both
Uttar Pradesh,All India except Central University,200291,"Rajkiya Medical College Jalaun, Orai, Uttar Pradesh, Kalpi Road Orai Jalaun",All India,SC NO,2,Both
Uttar Pradesh,All India except Central University,200291,"Rajkiya Medical College Jalaun, Orai, Uttar Pradesh, Kalpi Road Orai Jalaun",All India,ST NO,1,Both
Uttar Pradesh,All India except Central University,200302,"S N Medical College, Agra, HOSPITAL ROAD AGRA",All India,BC NO,8,Both
Uttar Pradesh,All India except Central University,200302,"S N Medical College, Agra, HOSPITAL ROAD AGRA",All India,EW NO,3,Both
Uttar Pradesh,All India except Central University,200302,"S N Medical College, Agra, HOSPITAL ROAD AGRA",All India,OP NO,13,Both
Uttar Pradesh,All India except Central University,200302,"S N Medical College, Agra, HOSPITAL ROAD AGRA",All India,SC NO,4,Both
Uttar Pradesh,All India except Central University,200302,"S N Medical College, Agra, HOSPITAL ROAD AGRA",All India,ST NO,2,Both
Uttar Pradesh,Deemed University,200408,"Santosh Medical College, Ghaziabad, No.1, Santosh Nagar, Ghaziabad, Delhi NCR",Non-Resident Indian,OP NO,23,Both
Uttar Pradesh,Deemed University,200408,"Santosh Medical College, Ghaziabad, No.1, Santosh Nagar, Ghaziabad, Delhi NCR",Self-Financed Merit Seat,OP NO,127,Both
Uttar Pradesh,All India except Central University,200303,"Shaikh-UL-Hind Maulana Mahmood Hasan Medical College, Saharanpur, Ambala Road, Pilakhni, Saharanpur",All India,BC NO,3,Both
Uttar Pradesh,All India except Central University,200303,"Shaikh-UL-Hind Maulana Mahmood Hasan Medical College, Saharanpur, Ambala Road, Pilakhni, Saharanpur",All India,BC PH,1,Both
Uttar Pradesh,All India except Central University,200303,"Shaikh-UL-Hind Maulana Mahmood Hasan Medical College, Saharanpur, Ambala Road, Pilakhni, Saharanpur",All India,EW NO,1,Both
Uttar Pradesh,All India except Central University,200303,"Shaikh-UL-Hind Maulana Mahmood Hasan Medical College, Saharanpur, Ambala Road, Pilakhni, Saharanpur",All India,OP NO,5,Both
Uttar Pradesh,All India except Central University,200303,"Shaikh-UL-Hind Maulana Mahmood Hasan Medical College, Saharanpur, Ambala Road, Pilakhni, Saharanpur",All India,OP PH,1,Both
Uttar Pradesh,All India except Central University,200303,"Shaikh-UL-Hind Maulana Mahmood Hasan Medical College, Saharanpur, Ambala Road, Pilakhni, Saharanpur",All India,SC NO,3,Both
Uttar Pradesh,All India except Central University,200303,"Shaikh-UL-Hind Maulana Mahmood Hasan Medical College, Saharanpur, Ambala Road, Pilakhni, Saharanpur",All India,ST NO,1,Both
Uttar Pradesh,All India except Central University,200550,"Uma Nath Singh Autonomous State Medical College Society Jaunpur, UNS AUTONOMOUS STATE MEDICAL COLLEGE SIDDIQUEPUR SHAHGANJ ROAD JAUNPUR UP",All India,BC NO,4,Both
Uttar Pradesh,All India except Central University,200550,"Uma Nath Singh Autonomous State Medical College Society Jaunpur, UNS AUTONOMOUS STATE MEDICAL COLLEGE SIDDIQUEPUR SHAHGANJ ROAD JAUNPUR UP",All India,EW NO,2,Both
Uttar Pradesh,All India except Central University,200550,"Uma Nath Singh Autonomous State Medical College Society Jaunpur, UNS AUTONOMOUS STATE MEDICAL COLLEGE SIDDIQUEPUR SHAHGANJ ROAD JAUNPUR UP",All India,OP NO,6,Both
Uttar Pradesh,All India except Central University,200550,"Uma Nath Singh Autonomous State Medical College Society Jaunpur, UNS AUTONOMOUS STATE MEDICAL COLLEGE SIDDIQUEPUR SHAHGANJ ROAD JAUNPUR UP",All India,SC NO,2,Both
Uttar Pradesh,All India except Central University,200550,"Uma Nath Singh Autonomous State Medical College Society Jaunpur, UNS AUTONOMOUS STATE MEDICAL COLLEGE SIDDIQUEPUR SHAHGANJ ROAD JAUNPUR UP",All India,ST NO,1,Both
Uttar Pradesh,All India except Central University,200301,"Uttar Pradesh University of Medical Sciences, (Prev. UP Rural Inst.of Med.Sc&R) Etawah, SAIFAI ETAWAH",All India,BC NO,8,Both
Uttar Pradesh,All India except Central University,200301,"Uttar Pradesh University of Medical Sciences, (Prev. UP Rural Inst.of Med.Sc&R) Etawah, SAIFAI ETAWAH",All India,EW NO,3,Both
Uttar Pradesh,All India except Central University,200301,"Uttar Pradesh University of Medical Sciences, (Prev. UP Rural Inst.of Med.Sc&R) Etawah, SAIFAI ETAWAH",All India,OP NO,11,Both
Uttar Pradesh,All India except Central University,200301,"Uttar Pradesh University of Medical Sciences, (Prev. UP Rural Inst.of Med.Sc&R) Etawah, SAIFAI ETAWAH",All India,OP PH,1,Both
Uttar Pradesh,All India except Central University,200301,"Uttar Pradesh University of Medical Sciences, (Prev. UP Rural Inst.of Med.Sc&R) Etawah, SAIFAI ETAWAH",All India,SC NO,4,Both
Uttar Pradesh,All India except Central University,200301,"Uttar Pradesh University of Medical Sciences, (Prev. UP Rural Inst.of Med.Sc&R) Etawah, SAIFAI ETAWAH",All India,SC PH,1,Both
Uttar Pradesh,All India except Central University,200301,"Uttar Pradesh University of Medical Sciences, (Prev. UP Rural Inst.of Med.Sc&R) Etawah, SAIFAI ETAWAH",All India,ST NO,1,Both
Uttar Pradesh,All India except Central University,200301,"Uttar Pradesh University of Medical Sciences, (Prev. UP Rural Inst.of Med.Sc&R) Etawah, SAIFAI ETAWAH",All India,ST PH,1,Both
Uttarakhand,All India Institute Of Medical Science(AIIMS),200507,"AIIMS, Rishikesh , ALL INDIA INSTITUTE OF MEDICAL SCIENCES, RISHIKESH Uttarakhand - 249203",Open Seat Quota,BC NO,33,Both
Uttarakhand,All India Institute Of Medical Science(AIIMS),200507,"AIIMS, Rishikesh , ALL INDIA INSTITUTE OF MEDICAL SCIENCES, RISHIKESH Uttarakhand - 249203",Open Seat Quota,BC PH,1,Both
Uttarakhand,All India Institute Of Medical Science(AIIMS),200507,"AIIMS, Rishikesh , ALL INDIA INSTITUTE OF MEDICAL SCIENCES, RISHIKESH Uttarakhand - 249203",Open Seat Quota,EW NO,11,Both
Uttarakhand,All India Institute Of Medical Science(AIIMS),200507,"AIIMS, Rishikesh , ALL INDIA INSTITUTE OF MEDICAL SCIENCES, RISHIKESH Uttarakhand - 249203",Open Seat Quota,EW PH,1,Both
Uttarakhand,All India Institute Of Medical Science(AIIMS),200507,"AIIMS, Rishikesh , ALL INDIA INSTITUTE OF MEDICAL SCIENCES, RISHIKESH Uttarakhand - 249203",Open Seat Quota,OP NO,49,Both
Uttarakhand,All India Institute Of Medical Science(AIIMS),200507,"AIIMS, Rishikesh , ALL INDIA INSTITUTE OF MEDICAL SCIENCES, RISHIKESH Uttarakhand - 249203",Open Seat Quota,OP PH,2,Both
Uttarakhand,All India Institute Of Medical Science(AIIMS),200507,"AIIMS, Rishikesh , ALL INDIA INSTITUTE OF MEDICAL SCIENCES, RISHIKESH Uttarakhand - 249203",Open Seat Quota,SC NO,18,Both
Uttarakhand,All India Institute Of Medical Science(AIIMS),200507,"AIIMS, Rishikesh , ALL INDIA INSTITUTE OF MEDICAL SCIENCES, RISHIKESH Uttarakhand - 249203",Open Seat Quota,SC PH,1,Both
Uttarakhand,All India Institute Of Medical Science(AIIMS),200507,"AIIMS, Rishikesh , ALL INDIA INSTITUTE OF MEDICAL SCIENCES, RISHIKESH Uttarakhand - 249203",Open Seat Quota,ST NO,8,Both
Uttarakhand,All India Institute Of Medical Science(AIIMS),200507,"AIIMS, Rishikesh , ALL INDIA INSTITUTE OF MEDICAL SCIENCES, RISHIKESH Uttarakhand - 249203",Open Seat Quota,ST PH,1,Both
Uttarakhand,All India except Central University,200305,"Doon Medical College, Dehradun, Uttarakhand, Government Doon Medical College, Dehrakhas Patel Nagar, Dehradun 248001",All India,BC NO,5,Both
Uttarakhand,All India except Central University,200305,"Doon Medical College, Dehradun, Uttarakhand, Government Doon Medical College, Dehrakhas Patel Nagar, Dehradun 248001",All India,BC PH,1,Both
Uttarakhand,All India except Central University,200305,"Doon Medical College, Dehradun, Uttarakhand, Government Doon Medical College, Dehrakhas Patel Nagar, Dehradun 248001",All India,EW NO,2,Both
Uttarakhand,All India except Central University,200305,"Doon Medical College, Dehradun, Uttarakhand, Government Doon Medical College, Dehrakhas Patel Nagar, Dehradun 248001",All India,OP NO,10,Both
Uttarakhand,All India except Central University,200305,"Doon Medical College, Dehradun, Uttarakhand, Government Doon Medical College, Dehrakhas Patel Nagar, Dehradun 248001",All India,SC NO,3,Both
Uttarakhand,All India except Central University,200305,"Doon Medical College, Dehradun, Uttarakhand, Government Doon Medical College, Dehrakhas Patel Nagar, Dehradun 248001",All India,ST NO,2,Both
Uttarakhand,All India except Central University,200306,"Government Medical College (Prev.Uttarakhand Forest Hospital Trust Med.Col.), Haldwani, Government Medical College, Rampur Road Haldwani, Distt. Nainiatl",All India,BC NO,5,Both
Uttarakhand,All India except Central University,200306,"Government Medical College (Prev.Uttarakhand Forest Hospital Trust Med.Col.), Haldwani, Government Medical College, Rampur Road Haldwani, Distt. Nainiatl",All India,EW NO,2,Both
Uttarakhand,All India except Central University,200306,"Government Medical College (Prev.Uttarakhand Forest Hospital Trust Med.Col.), Haldwani, Government Medical College, Rampur Road Haldwani, Distt. Nainiatl",All India,OP NO,7,Both
Uttarakhand,All India except Central University,200306,"Government Medical College (Prev.Uttarakhand Forest Hospital Trust Med.Col.), Haldwani, Government Medical College, Rampur Road Haldwani, Distt. Nainiatl",All India,SC NO,3,Both
Uttarakhand,All India except Central University,200306,"Government Medical College (Prev.Uttarakhand Forest Hospital Trust Med.Col.), Haldwani, Government Medical College, Rampur Road Haldwani, Distt. Nainiatl",All India,ST NO,2,Both
Uttarakhand,All India except Central University,903365,"Government Medical College, Haridwar, Jagjeetpur Laksar road Haridwar",All India,BC NO,4,Both
Uttarakhand,All India except Central University,903365,"Government Medical College, Haridwar, Jagjeetpur Laksar road Haridwar",All India,EW NO,2,Both
Uttarakhand,All India except Central University,903365,"Government Medical College, Haridwar, Jagjeetpur Laksar road Haridwar",All India,OP NO,5,Both
Uttarakhand,All India except Central University,903365,"Government Medical College, Haridwar, Jagjeetpur Laksar road Haridwar",All India,OP PH,1,Both
Uttarakhand,All India except Central University,903365,"Government Medical College, Haridwar, Jagjeetpur Laksar road Haridwar",All India,SC NO,2,Both
Uttarakhand,All India except Central University,903365,"Government Medical College, Haridwar, Jagjeetpur Laksar road Haridwar",All India,ST NO,1,Both
Uttarakhand,Deemed University,902812,"Graphic Era Institute of Medical Sciences Dehradun, Uttrakhand, Graphic Era Institute of Medical Sciences 16th Milestone Chakrata Road Dehradun, Uttarakhand",Non-Resident Indian,OP NO,30,Both
Uttarakhand,Deemed University,902812,"Graphic Era Institute of Medical Sciences Dehradun, Uttrakhand, Graphic Era Institute of Medical Sciences 16th Milestone Chakrata Road Dehradun, Uttarakhand",Self-Financed Merit Seat,OP NO,170,Both
Uttarakhand,All India except Central University,200582,"Soban Singh jeena Government institute of Medical science & Research, Almora, Near Vikas Bhawan Pandeykhola Almora",All India,BC NO,4,Both
Uttarakhand,All India except Central University,200582,"Soban Singh jeena Government institute of Medical science & Research, Almora, Near Vikas Bhawan Pandeykhola Almora",All India,EW NO,1,Both
Uttarakhand,All India except Central University,200582,"Soban Singh jeena Government institute of Medical science & Research, Almora, Near Vikas Bhawan Pandeykhola Almora",All India,OP NO,7,Both
Uttarakhand,All India except Central University,200582,"Soban Singh jeena Government institute of Medical science & Research, Almora, Near Vikas Bhawan Pandeykhola Almora",All India,SC NO,2,Both
Uttarakhand,All India except Central University,200582,"Soban Singh jeena Government institute of Medical science & Research, Almora, Near Vikas Bhawan Pandeykhola Almora",All India,ST NO,1,Both
Uttarakhand,All India except Central University,200304,"Veer Chandra Singh Garhwali Govt. Medical Sc. & Research Instt, Srinagar, Pauri Garhwal, BADRINATH MARG, SRIKOT, SRINAGAR - PAURI GARHWAL",All India,BC NO,6,Both
Uttarakhand,All India except Central University,200304,"Veer Chandra Singh Garhwali Govt. Medical Sc. & Research Instt, Srinagar, Pauri Garhwal, BADRINATH MARG, SRIKOT, SRINAGAR - PAURI GARHWAL",All India,BC PH,1,Both
Uttarakhand,All India except Central University,200304,"Veer Chandra Singh Garhwali Govt. Medical Sc. & Research Instt, Srinagar, Pauri Garhwal, BADRINATH MARG, SRIKOT, SRINAGAR - PAURI GARHWAL",All India,EW NO,2,Both
Uttarakhand,All India except Central University,200304,"Veer Chandra Singh Garhwali Govt. Medical Sc. & Research Instt, Srinagar, Pauri Garhwal, BADRINATH MARG, SRIKOT, SRINAGAR - PAURI GARHWAL",All India,OP NO,7,Both
Uttarakhand,All India except Central University,200304,"Veer Chandra Singh Garhwali Govt. Medical Sc. & Research Instt, Srinagar, Pauri Garhwal, BADRINATH MARG, SRIKOT, SRINAGAR - PAURI GARHWAL",All India,OP PH,1,Both
Uttarakhand,All India except Central University,200304,"Veer Chandra Singh Garhwali Govt. Medical Sc. & Research Instt, Srinagar, Pauri Garhwal, BADRINATH MARG, SRIKOT, SRINAGAR - PAURI GARHWAL",All India,SC NO,4,Both
Uttarakhand,All India except Central University,200304,"Veer Chandra Singh Garhwali Govt. Medical Sc. & Research Instt, Srinagar, Pauri Garhwal, BADRINATH MARG, SRIKOT, SRINAGAR - PAURI GARHWAL",All India,ST NO,2,Both
West Bengal,All India Institute Of Medical Science(AIIMS),200514,"AIIMS, Kalyani, NH-34 Connector, Basantapur, Saguna, Kalyani, 741245, West Bengal, India",Open Seat Quota,BC NO,32,Both
West Bengal,All India Institute Of Medical Science(AIIMS),200514,"AIIMS, Kalyani, NH-34 Connector, Basantapur, Saguna, Kalyani, 741245, West Bengal, India",Open Seat Quota,BC PH,2,Both
West Bengal,All India Institute Of Medical Science(AIIMS),200514,"AIIMS, Kalyani, NH-34 Connector, Basantapur, Saguna, Kalyani, 741245, West Bengal, India",Open Seat Quota,EW NO,13,Both
West Bengal,All India Institute Of Medical Science(AIIMS),200514,"AIIMS, Kalyani, NH-34 Connector, Basantapur, Saguna, Kalyani, 741245, West Bengal, India",Open Seat Quota,OP NO,48,Both
West Bengal,All India Institute Of Medical Science(AIIMS),200514,"AIIMS, Kalyani, NH-34 Connector, Basantapur, Saguna, Kalyani, 741245, West Bengal, India",Open Seat Quota,OP PH,3,Both
West Bengal,All India Institute Of Medical Science(AIIMS),200514,"AIIMS, Kalyani, NH-34 Connector, Basantapur, Saguna, Kalyani, 741245, West Bengal, India",Open Seat Quota,SC NO,18,Both
West Bengal,All India Institute Of Medical Science(AIIMS),200514,"AIIMS, Kalyani, NH-34 Connector, Basantapur, Saguna, Kalyani, 741245, West Bengal, India",Open Seat Quota,ST NO,9,Both
West Bengal,All India except Central University,200307,"Bankura Sammilani Medical College, Bankura, Principal, Bankura Sammilani Medical College, Lokepur, PO- Kenduadihi, Bankura, Pin- 722102",All India,BC NO,8,Both
West Bengal,All India except Central University,200307,"Bankura Sammilani Medical College, Bankura, Principal, Bankura Sammilani Medical College, Lokepur, PO- Kenduadihi, Bankura, Pin- 722102",All India,EW NO,2,Both
West Bengal,All India except Central University,200307,"Bankura Sammilani Medical College, Bankura, Principal, Bankura Sammilani Medical College, Lokepur, PO- Kenduadihi, Bankura, Pin- 722102",All India,EW PH,1,Both
West Bengal,All India except Central University,200307,"Bankura Sammilani Medical College, Bankura, Principal, Bankura Sammilani Medical College, Lokepur, PO- Kenduadihi, Bankura, Pin- 722102",All India,OP NO,13,Both
West Bengal,All India except Central University,200307,"Bankura Sammilani Medical College, Bankura, Principal, Bankura Sammilani Medical College, Lokepur, PO- Kenduadihi, Bankura, Pin- 722102",All India,SC NO,3,Both
West Bengal,All India except Central University,200307,"Bankura Sammilani Medical College, Bankura, Principal, Bankura Sammilani Medical College, Lokepur, PO- Kenduadihi, Bankura, Pin- 722102",All India,SC PH,1,Both
West Bengal,All India except Central University,200307,"Bankura Sammilani Medical College, Bankura, Principal, Bankura Sammilani Medical College, Lokepur, PO- Kenduadihi, Bankura, Pin- 722102",All India,ST NO,2,Both
West Bengal,All India except Central University,200613,"Barasat Government Medical College & Hospital, 80 Jessore Road Banamalipur JL NO 80and Uttorhat JL no 78 Barasat North Twenty Four Parganas 700124",All India,BC NO,4,Both
West Bengal,All India except Central University,200613,"Barasat Government Medical College & Hospital, 80 Jessore Road Banamalipur JL NO 80and Uttorhat JL no 78 Barasat North Twenty Four Parganas 700124",All India,EW NO,2,Both
West Bengal,All India except Central University,200613,"Barasat Government Medical College & Hospital, 80 Jessore Road Banamalipur JL NO 80and Uttorhat JL no 78 Barasat North Twenty Four Parganas 700124",All India,OP NO,5,Both
West Bengal,All India except Central University,200613,"Barasat Government Medical College & Hospital, 80 Jessore Road Banamalipur JL NO 80and Uttorhat JL no 78 Barasat North Twenty Four Parganas 700124",All India,OP PH,1,Both
West Bengal,All India except Central University,200613,"Barasat Government Medical College & Hospital, 80 Jessore Road Banamalipur JL NO 80and Uttorhat JL no 78 Barasat North Twenty Four Parganas 700124",All India,SC NO,2,Both
West Bengal,All India except Central University,200613,"Barasat Government Medical College & Hospital, 80 Jessore Road Banamalipur JL NO 80and Uttorhat JL no 78 Barasat North Twenty Four Parganas 700124",All India,ST NO,1,Both
West Bengal,All India except Central University,200309,"Burdwan Medical College, Burdwan, BURDWAN MEDICAL COLLEGE, BABURBAG, POST- RAJBATI, DIST- PURBA BARDHAMAN, PIN-713104,WEST BENGAL",All India,BC NO,9,Both
West Bengal,All India except Central University,200309,"Burdwan Medical College, Burdwan, BURDWAN MEDICAL COLLEGE, BABURBAG, POST- RAJBATI, DIST- PURBA BARDHAMAN, PIN-713104,WEST BENGAL",All India,BC PH,1,Both
West Bengal,All India except Central University,200309,"Burdwan Medical College, Burdwan, BURDWAN MEDICAL COLLEGE, BABURBAG, POST- RAJBATI, DIST- PURBA BARDHAMAN, PIN-713104,WEST BENGAL",All India,EW NO,4,Both
West Bengal,All India except Central University,200309,"Burdwan Medical College, Burdwan, BURDWAN MEDICAL COLLEGE, BABURBAG, POST- RAJBATI, DIST- PURBA BARDHAMAN, PIN-713104,WEST BENGAL",All India,OP NO,15,Both
West Bengal,All India except Central University,200309,"Burdwan Medical College, Burdwan, BURDWAN MEDICAL COLLEGE, BABURBAG, POST- RAJBATI, DIST- PURBA BARDHAMAN, PIN-713104,WEST BENGAL",All India,SC NO,6,Both
West Bengal,All India except Central University,200309,"Burdwan Medical College, Burdwan, BURDWAN MEDICAL COLLEGE, BABURBAG, POST- RAJBATI, DIST- PURBA BARDHAMAN, PIN-713104,WEST BENGAL",All India,ST NO,3,Both
West Bengal,All India except Central University,200310,"Calcutta National Medical College, Kolkata, 32, GORACHAND ROAD, PARK CIRCUS, KOLKATA - 700014",All India,BC NO,10,Both
West Bengal,All India except Central University,200310,"Calcutta National Medical College, Kolkata, 32, GORACHAND ROAD, PARK CIRCUS, KOLKATA - 700014",All India,EW NO,3,Both
West Bengal,All India except Central University,200310,"Calcutta National Medical College, Kolkata, 32, GORACHAND ROAD, PARK CIRCUS, KOLKATA - 700014",All India,OP NO,14,Both
West Bengal,All India except Central University,200310,"Calcutta National Medical College, Kolkata, 32, GORACHAND ROAD, PARK CIRCUS, KOLKATA - 700014",All India,OP PH,1,Both
West Bengal,All India except Central University,200310,"Calcutta National Medical College, Kolkata, 32, GORACHAND ROAD, PARK CIRCUS, KOLKATA - 700014",All India,SC NO,6,Both
West Bengal,All India except Central University,200310,"Calcutta National Medical College, Kolkata, 32, GORACHAND ROAD, PARK CIRCUS, KOLKATA - 700014",All India,ST NO,3,Both
West Bengal,All India except Central University,200467,"College of Medicine and JNM Hospital, Kalyani, Nadia, A Block PS- Kalyani District - Nadia,West Bengal,Pin 741235",All India,BC NO,6,Both
West Bengal,All India except Central University,200467,"College of Medicine and JNM Hospital, Kalyani, Nadia, A Block PS- Kalyani District - Nadia,West Bengal,Pin 741235",All India,EW NO,3,Both
West Bengal,All India except Central University,200467,"College of Medicine and JNM Hospital, Kalyani, Nadia, A Block PS- Kalyani District - Nadia,West Bengal,Pin 741235",All India,OP NO,9,Both
West Bengal,All India except Central University,200467,"College of Medicine and JNM Hospital, Kalyani, Nadia, A Block PS- Kalyani District - Nadia,West Bengal,Pin 741235",All India,OP PH,1,Both
West Bengal,All India except Central University,200467,"College of Medicine and JNM Hospital, Kalyani, Nadia, A Block PS- Kalyani District - Nadia,West Bengal,Pin 741235",All India,SC NO,3,Both
West Bengal,All India except Central University,200467,"College of Medicine and JNM Hospital, Kalyani, Nadia, A Block PS- Kalyani District - Nadia,West Bengal,Pin 741235",All India,ST NO,1,Both
West Bengal,All India except Central University,200323,"College of Medicine and Sagore Dutta Hospital, Kolkata, 578, B.T. Road, Kamarhati, Kolkata",All India,BC NO,5,Both
West Bengal,All India except Central University,200323,"College of Medicine and Sagore Dutta Hospital, Kolkata, 578, B.T. Road, Kamarhati, Kolkata",All India,BC PH,1,Both
West Bengal,All India except Central University,200323,"College of Medicine and Sagore Dutta Hospital, Kolkata, 578, B.T. Road, Kamarhati, Kolkata",All India,EW NO,2,Both
West Bengal,All India except Central University,200323,"College of Medicine and Sagore Dutta Hospital, Kolkata, 578, B.T. Road, Kamarhati, Kolkata",All India,OP NO,9,Both
West Bengal,All India except Central University,200323,"College of Medicine and Sagore Dutta Hospital, Kolkata, 578, B.T. Road, Kamarhati, Kolkata",All India,SC NO,3,Both
West Bengal,All India except Central University,200323,"College of Medicine and Sagore Dutta Hospital, Kolkata, 578, B.T. Road, Kamarhati, Kolkata",All India,SC PH,1,Both
West Bengal,All India except Central University,200323,"College of Medicine and Sagore Dutta Hospital, Kolkata, 578, B.T. Road, Kamarhati, Kolkata",All India,ST NO,1,Both
West Bengal,All India except Central University,200323,"College of Medicine and Sagore Dutta Hospital, Kolkata, 578, B.T. Road, Kamarhati, Kolkata",All India,ST PH,1,Both
West Bengal,All India except Central University,200466,"Coochbehar Government Medical College & Hospital, Coochbehar, WB, Vivekananda Street, Pilkhana, Beside Panchanan Barma University, Coochbehar",All India,BC NO,7,Both
West Bengal,All India except Central University,200466,"Coochbehar Government Medical College & Hospital, Coochbehar, WB, Vivekananda Street, Pilkhana, Beside Panchanan Barma University, Coochbehar",All India,EW NO,2,Both
West Bengal,All India except Central University,200466,"Coochbehar Government Medical College & Hospital, Coochbehar, WB, Vivekananda Street, Pilkhana, Beside Panchanan Barma University, Coochbehar",All India,OP NO,9,Both
West Bengal,All India except Central University,200466,"Coochbehar Government Medical College & Hospital, Coochbehar, WB, Vivekananda Street, Pilkhana, Beside Panchanan Barma University, Coochbehar",All India,SC NO,3,Both
West Bengal,All India except Central University,200466,"Coochbehar Government Medical College & Hospital, Coochbehar, WB, Vivekananda Street, Pilkhana, Beside Panchanan Barma University, Coochbehar",All India,ST NO,2,Both
West Bengal,All India except Central University,200474,"Diamond Harbour Government Medical College and Hospital, West Bengal, New Town, Post-Diamond Harbour, PS- Diamond Harbour, District South 24 Parganas",All India,BC NO,6,Both
West Bengal,All India except Central University,200474,"Diamond Harbour Government Medical College and Hospital, West Bengal, New Town, Post-Diamond Harbour, PS- Diamond Harbour, District South 24 Parganas",All India,EW NO,2,Both
West Bengal,All India except Central University,200474,"Diamond Harbour Government Medical College and Hospital, West Bengal, New Town, Post-Diamond Harbour, PS- Diamond Harbour, District South 24 Parganas",All India,EW PH,1,Both
West Bengal,All India except Central University,200474,"Diamond Harbour Government Medical College and Hospital, West Bengal, New Town, Post-Diamond Harbour, PS- Diamond Harbour, District South 24 Parganas",All India,OP NO,7,Both
West Bengal,All India except Central University,200474,"Diamond Harbour Government Medical College and Hospital, West Bengal, New Town, Post-Diamond Harbour, PS- Diamond Harbour, District South 24 Parganas",All India,OP PH,1,Both
West Bengal,All India except Central University,200474,"Diamond Harbour Government Medical College and Hospital, West Bengal, New Town, Post-Diamond Harbour, PS- Diamond Harbour, District South 24 Parganas",All India,SC NO,4,Both
West Bengal,All India except Central University,200474,"Diamond Harbour Government Medical College and Hospital, West Bengal, New Town, Post-Diamond Harbour, PS- Diamond Harbour, District South 24 Parganas",All India,ST NO,2,Both
West Bengal,Employees State Insurance Scheme,200313,"Employees State Insurance Corporation Medical College, Joka, Kolkata, DIAMOND HARBOUR ROAD POST OFFICE JOKA KOLKATA 700104",All India,BC NO,5,Both
West Bengal,Employees State Insurance Scheme,200313,"Employees State Insurance Corporation Medical College, Joka, Kolkata, DIAMOND HARBOUR ROAD POST OFFICE JOKA KOLKATA 700104",All India,BC PH,1,Both
West Bengal,Employees State Insurance Scheme,200313,"Employees State Insurance Corporation Medical College, Joka, Kolkata, DIAMOND HARBOUR ROAD POST OFFICE JOKA KOLKATA 700104",All India,EW NO,2,Both
West Bengal,Employees State Insurance Scheme,200313,"Employees State Insurance Corporation Medical College, Joka, Kolkata, DIAMOND HARBOUR ROAD POST OFFICE JOKA KOLKATA 700104",All India,OP NO,10,Both
West Bengal,Employees State Insurance Scheme,200313,"Employees State Insurance Corporation Medical College, Joka, Kolkata, DIAMOND HARBOUR ROAD POST OFFICE JOKA KOLKATA 700104",All India,SC NO,3,Both
West Bengal,Employees State Insurance Scheme,200313,"Employees State Insurance Corporation Medical College, Joka, Kolkata, DIAMOND HARBOUR ROAD POST OFFICE JOKA KOLKATA 700104",All India,ST NO,1,Both
West Bengal,Employees State Insurance Scheme,200313,"Employees State Insurance Corporation Medical College, Joka, Kolkata, DIAMOND HARBOUR ROAD POST OFFICE JOKA KOLKATA 700104",Employees State Insurance Scheme(ESI),BC NO,20,Both
West Bengal,Employees State Insurance Scheme,200313,"Employees State Insurance Corporation Medical College, Joka, Kolkata, DIAMOND HARBOUR ROAD POST OFFICE JOKA KOLKATA 700104",Employees State Insurance Scheme(ESI),BC PH,1,Both
West Bengal,Employees State Insurance Scheme,200313,"Employees State Insurance Corporation Medical College, Joka, Kolkata, DIAMOND HARBOUR ROAD POST OFFICE JOKA KOLKATA 700104",Employees State Insurance Scheme(ESI),EW NO,7,Both
West Bengal,Employees State Insurance Scheme,200313,"Employees State Insurance Corporation Medical College, Joka, Kolkata, DIAMOND HARBOUR ROAD POST OFFICE JOKA KOLKATA 700104",Employees State Insurance Scheme(ESI),OP NO,31,Both
West Bengal,Employees State Insurance Scheme,200313,"Employees State Insurance Corporation Medical College, Joka, Kolkata, DIAMOND HARBOUR ROAD POST OFFICE JOKA KOLKATA 700104",Employees State Insurance Scheme(ESI),OP PH,2,Both
West Bengal,Employees State Insurance Scheme,200313,"Employees State Insurance Corporation Medical College, Joka, Kolkata, DIAMOND HARBOUR ROAD POST OFFICE JOKA KOLKATA 700104",Employees State Insurance Scheme(ESI),SC NO,11,Both
West Bengal,Employees State Insurance Scheme,200313,"Employees State Insurance Corporation Medical College, Joka, Kolkata, DIAMOND HARBOUR ROAD POST OFFICE JOKA KOLKATA 700104",Employees State Insurance Scheme(ESI),ST NO,6,Both
West Bengal,All India except Central University,200314,"Institute of Postgraduate Medical Education & Research, Kolkata, 244 AJC Bose Road, Kolkata",All India,BC NO,10,Both
West Bengal,All India except Central University,200314,"Institute of Postgraduate Medical Education & Research, Kolkata, 244 AJC Bose Road, Kolkata",All India,EW NO,3,Both
West Bengal,All India except Central University,200314,"Institute of Postgraduate Medical Education & Research, Kolkata, 244 AJC Bose Road, Kolkata",All India,OP NO,15,Both
West Bengal,All India except Central University,200314,"Institute of Postgraduate Medical Education & Research, Kolkata, 244 AJC Bose Road, Kolkata",All India,OP PH,1,Both
West Bengal,All India except Central University,200314,"Institute of Postgraduate Medical Education & Research, Kolkata, 244 AJC Bose Road, Kolkata",All India,SC NO,6,Both
West Bengal,All India except Central University,200314,"Institute of Postgraduate Medical Education & Research, Kolkata, 244 AJC Bose Road, Kolkata",All India,ST NO,3,Both
West Bengal,All India except Central University,200605,"Jalpaiguri Government Medical College, Hospital Road, Jalpaiguri, West Bengal- 735101",All India,BC NO,5,Both
West Bengal,All India except Central University,200605,"Jalpaiguri Government Medical College, Hospital Road, Jalpaiguri, West Bengal- 735101",All India,BC PH,1,Both
West Bengal,All India except Central University,200605,"Jalpaiguri Government Medical College, Hospital Road, Jalpaiguri, West Bengal- 735101",All India,EW NO,3,Both
West Bengal,All India except Central University,200605,"Jalpaiguri Government Medical College, Hospital Road, Jalpaiguri, West Bengal- 735101",All India,OP NO,8,Both
West Bengal,All India except Central University,200605,"Jalpaiguri Government Medical College, Hospital Road, Jalpaiguri, West Bengal- 735101",All India,OP PH,1,Both
West Bengal,All India except Central University,200605,"Jalpaiguri Government Medical College, Hospital Road, Jalpaiguri, West Bengal- 735101",All India,SC NO,2,Both
West Bengal,All India except Central University,200605,"Jalpaiguri Government Medical College, Hospital Road, Jalpaiguri, West Bengal- 735101",All India,SC PH,1,Both
West Bengal,All India except Central University,200605,"Jalpaiguri Government Medical College, Hospital Road, Jalpaiguri, West Bengal- 735101",All India,ST NO,2,Both
West Bengal,All India except Central University,200641,"Jhargram Government Medical College & Hospital, Jhargram, Jhargram Government Medical College and Hospital, Vidyasagarpally, Jhargram, West Bengal.",All India,BC NO,6,Both
West Bengal,All India except Central University,200641,"Jhargram Government Medical College & Hospital, Jhargram, Jhargram Government Medical College and Hospital, Vidyasagarpally, Jhargram, West Bengal.",All India,EW NO,2,Both
West Bengal,All India except Central University,200641,"Jhargram Government Medical College & Hospital, Jhargram, Jhargram Government Medical College and Hospital, Vidyasagarpally, Jhargram, West Bengal.",All India,OP NO,10,Both
West Bengal,All India except Central University,200641,"Jhargram Government Medical College & Hospital, Jhargram, Jhargram Government Medical College and Hospital, Vidyasagarpally, Jhargram, West Bengal.",All India,SC NO,4,Both
West Bengal,All India except Central University,200641,"Jhargram Government Medical College & Hospital, Jhargram, Jhargram Government Medical College and Hospital, Vidyasagarpally, Jhargram, West Bengal.",All India,ST NO,1,Both
West Bengal,All India except Central University,200315,"Malda Medical College & Hospital, Malda, MaldaMedicalCollege, PS,EnglishBazar PO Dist Malda",All India,BC NO,7,Both
West Bengal,All India except Central University,200315,"Malda Medical College & Hospital, Malda, MaldaMedicalCollege, PS,EnglishBazar PO Dist Malda",All India,EW NO,2,Both
West Bengal,All India except Central University,200315,"Malda Medical College & Hospital, Malda, MaldaMedicalCollege, PS,EnglishBazar PO Dist Malda",All India,OP NO,8,Both
West Bengal,All India except Central University,200315,"Malda Medical College & Hospital, Malda, MaldaMedicalCollege, PS,EnglishBazar PO Dist Malda",All India,OP PH,1,Both
West Bengal,All India except Central University,200315,"Malda Medical College & Hospital, Malda, MaldaMedicalCollege, PS,EnglishBazar PO Dist Malda",All India,SC NO,3,Both
West Bengal,All India except Central University,200315,"Malda Medical College & Hospital, Malda, MaldaMedicalCollege, PS,EnglishBazar PO Dist Malda",All India,ST NO,2,Both
West Bengal,All India except Central University,200316,"MEDICAL COLLEGE, KOLKATA, 88, College Street, Kolkata-700073",All India,BC NO,9,Both
West Bengal,All India except Central University,200316,"MEDICAL COLLEGE, KOLKATA, 88, College Street, Kolkata-700073",All India,BC PH,1,Both
West Bengal,All India except Central University,200316,"MEDICAL COLLEGE, KOLKATA, 88, College Street, Kolkata-700073",All India,EW NO,4,Both
West Bengal,All India except Central University,200316,"MEDICAL COLLEGE, KOLKATA, 88, College Street, Kolkata-700073",All India,OP NO,15,Both
West Bengal,All India except Central University,200316,"MEDICAL COLLEGE, KOLKATA, 88, College Street, Kolkata-700073",All India,SC NO,5,Both
West Bengal,All India except Central University,200316,"MEDICAL COLLEGE, KOLKATA, 88, College Street, Kolkata-700073",All India,ST NO,3,Both
West Bengal,All India except Central University,200317,"Midnapore Medical College, Midnapore, 5, Vidyasagar Road Midnapore 721101 Paschim Medinipur",All India,BC NO,8,Both
West Bengal,All India except Central University,200317,"Midnapore Medical College, Midnapore, 5, Vidyasagar Road Midnapore 721101 Paschim Medinipur",All India,EW NO,3,Both
West Bengal,All India except Central University,200317,"Midnapore Medical College, Midnapore, 5, Vidyasagar Road Midnapore 721101 Paschim Medinipur",All India,EW PH,1,Both
West Bengal,All India except Central University,200317,"Midnapore Medical College, Midnapore, 5, Vidyasagar Road Midnapore 721101 Paschim Medinipur",All India,OP NO,10,Both
West Bengal,All India except Central University,200317,"Midnapore Medical College, Midnapore, 5, Vidyasagar Road Midnapore 721101 Paschim Medinipur",All India,OP PH,1,Both
West Bengal,All India except Central University,200317,"Midnapore Medical College, Midnapore, 5, Vidyasagar Road Midnapore 721101 Paschim Medinipur",All India,SC NO,5,Both
West Bengal,All India except Central University,200317,"Midnapore Medical College, Midnapore, 5, Vidyasagar Road Midnapore 721101 Paschim Medinipur",All India,ST NO,2,Both
West Bengal,All India except Central University,200318,"Murshidabad Medical College & Hospitals, Murshidabad, STATION ROAD, P.O. AND P.S. BERHAMPORE, DIST. MURSHIDABAD",All India,BC NO,6,Both
West Bengal,All India except Central University,200318,"Murshidabad Medical College & Hospitals, Murshidabad, STATION ROAD, P.O. AND P.S. BERHAMPORE, DIST. MURSHIDABAD",All India,EW NO,1,Both
West Bengal,All India except Central University,200318,"Murshidabad Medical College & Hospitals, Murshidabad, STATION ROAD, P.O. AND P.S. BERHAMPORE, DIST. MURSHIDABAD",All India,OP NO,10,Both
West Bengal,All India except Central University,200318,"Murshidabad Medical College & Hospitals, Murshidabad, STATION ROAD, P.O. AND P.S. BERHAMPORE, DIST. MURSHIDABAD",All India,SC NO,2,Both
West Bengal,All India except Central University,200318,"Murshidabad Medical College & Hospitals, Murshidabad, STATION ROAD, P.O. AND P.S. BERHAMPORE, DIST. MURSHIDABAD",All India,SC PH,1,Both
West Bengal,All India except Central University,200318,"Murshidabad Medical College & Hospitals, Murshidabad, STATION ROAD, P.O. AND P.S. BERHAMPORE, DIST. MURSHIDABAD",All India,ST NO,1,Both
West Bengal,All India except Central University,200318,"Murshidabad Medical College & Hospitals, Murshidabad, STATION ROAD, P.O. AND P.S. BERHAMPORE, DIST. MURSHIDABAD",All India,ST PH,1,Both
West Bengal,All India except Central University,200319,"Nilratan Sircar Medical College, Kolkata, 138 AJC Bose Road, Kolkata - 700014",All India,BC NO,9,Both
West Bengal,All India except Central University,200319,"Nilratan Sircar Medical College, Kolkata, 138 AJC Bose Road, Kolkata - 700014",All India,BC PH,1,Both
West Bengal,All India except Central University,200319,"Nilratan Sircar Medical College, Kolkata, 138 AJC Bose Road, Kolkata - 700014",All India,EW NO,4,Both
West Bengal,All India except Central University,200319,"Nilratan Sircar Medical College, Kolkata, 138 AJC Bose Road, Kolkata - 700014",All India,OP NO,13,Both
West Bengal,All India except Central University,200319,"Nilratan Sircar Medical College, Kolkata, 138 AJC Bose Road, Kolkata - 700014",All India,OP PH,1,Both
West Bengal,All India except Central University,200319,"Nilratan Sircar Medical College, Kolkata, 138 AJC Bose Road, Kolkata - 700014",All India,SC NO,6,Both
West Bengal,All India except Central University,200319,"Nilratan Sircar Medical College, Kolkata, 138 AJC Bose Road, Kolkata - 700014",All India,ST NO,3,Both
West Bengal,All India except Central University,200321,"North Bengal Medical College, Darjeeling, Sushrutanagar, Darjeeling",All India,BC NO,10,Both
West Bengal,All India except Central University,200321,"North Bengal Medical College, Darjeeling, Sushrutanagar, Darjeeling",All India,EW NO,4,Both
West Bengal,All India except Central University,200321,"North Bengal Medical College, Darjeeling, Sushrutanagar, Darjeeling",All India,OP NO,15,Both
West Bengal,All India except Central University,200321,"North Bengal Medical College, Darjeeling, Sushrutanagar, Darjeeling",All India,OP PH,1,Both
West Bengal,All India except Central University,200321,"North Bengal Medical College, Darjeeling, Sushrutanagar, Darjeeling",All India,SC NO,6,Both
West Bengal,All India except Central University,200321,"North Bengal Medical College, Darjeeling, Sushrutanagar, Darjeeling",All India,ST NO,2,Both
West Bengal,All India except Central University,200618,"Prafulla Chandra Sen Government Medical College & Hospital, Arambagh, Hooghly",All India,BC NO,5,Both
West Bengal,All India except Central University,200618,"Prafulla Chandra Sen Government Medical College & Hospital, Arambagh, Hooghly",All India,BC PH,1,Both
West Bengal,All India except Central University,200618,"Prafulla Chandra Sen Government Medical College & Hospital, Arambagh, Hooghly",All India,EW NO,2,Both
West Bengal,All India except Central University,200618,"Prafulla Chandra Sen Government Medical College & Hospital, Arambagh, Hooghly",All India,OP NO,9,Both
West Bengal,All India except Central University,200618,"Prafulla Chandra Sen Government Medical College & Hospital, Arambagh, Hooghly",All India,SC NO,3,Both
West Bengal,All India except Central University,200618,"Prafulla Chandra Sen Government Medical College & Hospital, Arambagh, Hooghly",All India,ST NO,2,Both
West Bengal,All India except Central University,200531,"Purulia Government Medical College & Hospital, Vill Hatuara PO Vivekanandanagar PS Purulia Muffasil Purulia 723147",All India,BC NO,6,Both
West Bengal,All India except Central University,200531,"Purulia Government Medical College & Hospital, Vill Hatuara PO Vivekanandanagar PS Purulia Muffasil Purulia 723147",All India,EW NO,2,Both
West Bengal,All India except Central University,200531,"Purulia Government Medical College & Hospital, Vill Hatuara PO Vivekanandanagar PS Purulia Muffasil Purulia 723147",All India,OP NO,8,Both
West Bengal,All India except Central University,200531,"Purulia Government Medical College & Hospital, Vill Hatuara PO Vivekanandanagar PS Purulia Muffasil Purulia 723147",All India,OP PH,1,Both
West Bengal,All India except Central University,200531,"Purulia Government Medical College & Hospital, Vill Hatuara PO Vivekanandanagar PS Purulia Muffasil Purulia 723147",All India,SC NO,2,Both
West Bengal,All India except Central University,200531,"Purulia Government Medical College & Hospital, Vill Hatuara PO Vivekanandanagar PS Purulia Muffasil Purulia 723147",All India,SC PH,1,Both
West Bengal,All India except Central University,200531,"Purulia Government Medical College & Hospital, Vill Hatuara PO Vivekanandanagar PS Purulia Muffasil Purulia 723147",All India,ST NO,2,Both
West Bengal,All India except Central University,200475,"Raiganj Government Medical College & Hospital, Raiganj, ABDULGHATA CAMPUS, KARNAJORA, PO- KARNAJORA,PS- RAIGANJ, DISTRICT- UTTAR DINAJPUR,PIN-733130, STATE",All India,BC NO,6,Both
West Bengal,All India except Central University,200475,"Raiganj Government Medical College & Hospital, Raiganj, ABDULGHATA CAMPUS, KARNAJORA, PO- KARNAJORA,PS- RAIGANJ, DISTRICT- UTTAR DINAJPUR,PIN-733130, STATE",All India,EW NO,2,Both
West Bengal,All India except Central University,200475,"Raiganj Government Medical College & Hospital, Raiganj, ABDULGHATA CAMPUS, KARNAJORA, PO- KARNAJORA,PS- RAIGANJ, DISTRICT- UTTAR DINAJPUR,PIN-733130, STATE",All India,OP NO,10,Both
West Bengal,All India except Central University,200475,"Raiganj Government Medical College & Hospital, Raiganj, ABDULGHATA CAMPUS, KARNAJORA, PO- KARNAJORA,PS- RAIGANJ, DISTRICT- UTTAR DINAJPUR,PIN-733130, STATE",All India,SC NO,4,Both
West Bengal,All India except Central University,200475,"Raiganj Government Medical College & Hospital, Raiganj, ABDULGHATA CAMPUS, KARNAJORA, PO- KARNAJORA,PS- RAIGANJ, DISTRICT- UTTAR DINAJPUR,PIN-733130, STATE",All India,ST NO,1,Both
West Bengal,All India except Central University,200551,"Rampurhat Government Medical College & Hospital, Rampurhat, prinrampurhatgmch@gmail.com",All India,BC NO,5,Both
West Bengal,All India except Central University,200551,"Rampurhat Government Medical College & Hospital, Rampurhat, prinrampurhatgmch@gmail.com",All India,BC PH,1,Both
West Bengal,All India except Central University,200551,"Rampurhat Government Medical College & Hospital, Rampurhat, prinrampurhatgmch@gmail.com",All India,EW NO,3,Both
West Bengal,All India except Central University,200551,"Rampurhat Government Medical College & Hospital, Rampurhat, prinrampurhatgmch@gmail.com",All India,OP NO,7,Both
West Bengal,All India except Central University,200551,"Rampurhat Government Medical College & Hospital, Rampurhat, prinrampurhatgmch@gmail.com",All India,OP PH,1,Both
West Bengal,All India except Central University,200551,"Rampurhat Government Medical College & Hospital, Rampurhat, prinrampurhatgmch@gmail.com",All India,SC NO,3,Both
West Bengal,All India except Central University,200551,"Rampurhat Government Medical College & Hospital, Rampurhat, prinrampurhatgmch@gmail.com",All India,ST NO,2,Both
West Bengal,All India except Central University,200322,"RG Kar Medical College, Kolkata, R G Kar Medical College 1 Khudiram bose sarani, Kolkata",All India,BC NO,10,Both
West Bengal,All India except Central University,200322,"RG Kar Medical College, Kolkata, R G Kar Medical College 1 Khudiram bose sarani, Kolkata",All India,EW NO,3,Both
West Bengal,All India except Central University,200322,"RG Kar Medical College, Kolkata, R G Kar Medical College 1 Khudiram bose sarani, Kolkata",All India,EW PH,1,Both
West Bengal,All India except Central University,200322,"RG Kar Medical College, Kolkata, R G Kar Medical College 1 Khudiram bose sarani, Kolkata",All India,OP NO,15,Both
West Bengal,All India except Central University,200322,"RG Kar Medical College, Kolkata, R G Kar Medical College 1 Khudiram bose sarani, Kolkata",All India,SC NO,6,Both
West Bengal,All India except Central University,200322,"RG Kar Medical College, Kolkata, R G Kar Medical College 1 Khudiram bose sarani, Kolkata",All India,ST NO,3,Both
West Bengal,All India except Central University,200620,"Sarat Chandra Chattopadhyay Government Medical College & Hospital, , NH-16, Jadurberia, Uluberia, Howrah - 711316",All India,BC NO,6,Both
West Bengal,All India except Central University,200620,"Sarat Chandra Chattopadhyay Government Medical College & Hospital, , NH-16, Jadurberia, Uluberia, Howrah - 711316",All India,EW NO,2,Both
West Bengal,All India except Central University,200620,"Sarat Chandra Chattopadhyay Government Medical College & Hospital, , NH-16, Jadurberia, Uluberia, Howrah - 711316",All India,OP NO,9,Both
West Bengal,All India except Central University,200620,"Sarat Chandra Chattopadhyay Government Medical College & Hospital, , NH-16, Jadurberia, Uluberia, Howrah - 711316",All India,OP PH,1,Both
West Bengal,All India except Central University,200620,"Sarat Chandra Chattopadhyay Government Medical College & Hospital, , NH-16, Jadurberia, Uluberia, Howrah - 711316",All India,SC NO,3,Both
West Bengal,All India except Central University,200620,"Sarat Chandra Chattopadhyay Government Medical College & Hospital, , NH-16, Jadurberia, Uluberia, Howrah - 711316",All India,ST NO,2,Both
West Bengal,All India except Central University,200604,"Tamralipto Government Medical College & Hospital, 227 Haldia Tamluk Mecheda Road, Tamluk, Purba Medinipur",All India,BC NO,6,Both
West Bengal,All India except Central University,200604,"Tamralipto Government Medical College & Hospital, 227 Haldia Tamluk Mecheda Road, Tamluk, Purba Medinipur",All India,BC PH,1,Both
West Bengal,All India except Central University,200604,"Tamralipto Government Medical College & Hospital, 227 Haldia Tamluk Mecheda Road, Tamluk, Purba Medinipur",All India,EW NO,2,Both
West Bengal,All India except Central University,200604,"Tamralipto Government Medical College & Hospital, 227 Haldia Tamluk Mecheda Road, Tamluk, Purba Medinipur",All India,OP NO,10,Both
West Bengal,All India except Central University,200604,"Tamralipto Government Medical College & Hospital, 227 Haldia Tamluk Mecheda Road, Tamluk, Purba Medinipur",All India,SC NO,3,Both
West Bengal,All India except Central University,200604,"Tamralipto Government Medical College & Hospital, 227 Haldia Tamluk Mecheda Road, Tamluk, Purba Medinipur",All India,ST NO,1,Both
